channel,despeckle_size,threshold_db,precision,recall,f1,iou,tp,fp,fn
VV,1,-44.95,0.100000,0.000001,0.000001,0.000001,1,9,1843823
VV,1,-44.90,0.125000,0.000001,0.000002,0.000001,2,14,1843822
VV,1,-44.85,0.068966,0.000001,0.000002,0.000001,2,27,1843822
VV,1,-44.80,0.102564,0.000002,0.000004,0.000002,4,35,1843820
VV,1,-44.75,0.100000,0.000003,0.000005,0.000003,5,45,1843819
VV,1,-44.70,0.087719,0.000003,0.000005,0.000003,5,52,1843819
VV,1,-44.65,0.078125,0.000003,0.000005,0.000003,5,59,1843819
VV,1,-44.60,0.075758,0.000003,0.000005,0.000003,5,61,1843819
VV,1,-44.55,0.084507,0.000003,0.000007,0.000003,6,65,1843818
VV,1,-44.50,0.075949,0.000003,0.000007,0.000003,6,73,1843818
VV,1,-44.45,0.088889,0.000004,0.000009,0.000004,8,82,1843816
VV,1,-44.40,0.080808,0.000004,0.000009,0.000004,8,91,1843816
VV,1,-44.35,0.084112,0.000005,0.000010,0.000005,9,98,1843815
VV,1,-44.30,0.081818,0.000005,0.000010,0.000005,9,101,1843815
VV,1,-44.25,0.084034,0.000005,0.000011,0.000005,10,109,1843814
VV,1,-44.20,0.081301,0.000005,0.000011,0.000005,10,113,1843814
VV,1,-44.15,0.076336,0.000005,0.000011,0.000005,10,121,1843814
VV,1,-44.10,0.071429,0.000005,0.000011,0.000005,10,130,1843814
VV,1,-44.05,0.068966,0.000005,0.000011,0.000005,10,135,1843814
VV,1,-44.00,0.065359,0.000005,0.000011,0.000005,10,143,1843814
VV,1,-43.95,0.060976,0.000005,0.000011,0.000005,10,154,1843814
VV,1,-43.90,0.058480,0.000005,0.000011,0.000005,10,161,1843814
VV,1,-43.85,0.055556,0.000005,0.000011,0.000005,10,170,1843814
VV,1,-43.80,0.061856,0.000007,0.000013,0.000007,12,182,1843812
VV,1,-43.75,0.060302,0.000007,0.000013,0.000007,12,187,1843812
VV,1,-43.70,0.055814,0.000007,0.000013,0.000007,12,203,1843812
VV,1,-43.65,0.055046,0.000007,0.000013,0.000007,12,206,1843812
VV,1,-43.60,0.053571,0.000007,0.000013,0.000007,12,212,1843812
VV,1,-43.55,0.052174,0.000007,0.000013,0.000007,12,218,1843812
VV,1,-43.50,0.051064,0.000007,0.000013,0.000007,12,223,1843812
VV,1,-43.45,0.057377,0.000008,0.000015,0.000008,14,230,1843810
VV,1,-43.40,0.054902,0.000008,0.000015,0.000008,14,241,1843810
VV,1,-43.35,0.059925,0.000009,0.000017,0.000009,16,251,1843808
VV,1,-43.30,0.057971,0.000009,0.000017,0.000009,16,260,1843808
VV,1,-43.25,0.058621,0.000009,0.000018,0.000009,17,273,1843807
VV,1,-43.20,0.057047,0.000009,0.000018,0.000009,17,281,1843807
VV,1,-43.15,0.055375,0.000009,0.000018,0.000009,17,290,1843807
VV,1,-43.10,0.053459,0.000009,0.000018,0.000009,17,301,1843807
VV,1,-43.05,0.051672,0.000009,0.000018,0.000009,17,312,1843807
VV,1,-43.00,0.051360,0.000009,0.000018,0.000009,17,314,1843807
VV,1,-42.95,0.049563,0.000009,0.000018,0.000009,17,326,1843807
VV,1,-42.90,0.049046,0.000010,0.000020,0.000010,18,349,1843806
VV,1,-42.85,0.048257,0.000010,0.000020,0.000010,18,355,1843806
VV,1,-42.80,0.046875,0.000010,0.000020,0.000010,18,366,1843806
VV,1,-42.75,0.048346,0.000010,0.000021,0.000010,19,374,1843805
VV,1,-42.70,0.047030,0.000010,0.000021,0.000010,19,385,1843805
VV,1,-42.65,0.045894,0.000010,0.000021,0.000010,19,395,1843805
VV,1,-42.60,0.047733,0.000011,0.000022,0.000011,20,399,1843804
VV,1,-42.55,0.050808,0.000012,0.000024,0.000012,22,411,1843802
VV,1,-42.50,0.052154,0.000012,0.000025,0.000012,23,418,1843801
VV,1,-42.45,0.053097,0.000013,0.000026,0.000013,24,428,1843800
VV,1,-42.40,0.051502,0.000013,0.000026,0.000013,24,442,1843800
VV,1,-42.35,0.054852,0.000014,0.000028,0.000014,26,448,1843798
VV,1,-42.30,0.056017,0.000015,0.000029,0.000015,27,455,1843797
VV,1,-42.25,0.058586,0.000016,0.000031,0.000016,29,466,1843795
VV,1,-42.20,0.056530,0.000016,0.000031,0.000016,29,484,1843795
VV,1,-42.15,0.055238,0.000016,0.000031,0.000016,29,496,1843795
VV,1,-42.10,0.053903,0.000016,0.000031,0.000016,29,509,1843795
VV,1,-42.05,0.056364,0.000017,0.000034,0.000017,31,519,1843793
VV,1,-42.00,0.055655,0.000017,0.000034,0.000017,31,526,1843793
VV,1,-41.95,0.054965,0.000017,0.000034,0.000017,31,533,1843793
VV,1,-41.90,0.053726,0.000017,0.000034,0.000017,31,546,1843793
VV,1,-41.85,0.054514,0.000017,0.000035,0.000017,32,555,1843792
VV,1,-41.80,0.053422,0.000017,0.000035,0.000017,32,567,1843792
VV,1,-41.75,0.052033,0.000017,0.000035,0.000017,32,583,1843792
VV,1,-41.70,0.050633,0.000017,0.000035,0.000017,32,600,1843792
VV,1,-41.65,0.051163,0.000018,0.000036,0.000018,33,612,1843791
VV,1,-41.60,0.054545,0.000020,0.000039,0.000020,36,624,1843788
VV,1,-41.55,0.053412,0.000020,0.000039,0.000020,36,638,1843788
VV,1,-41.50,0.055233,0.000021,0.000041,0.000021,38,650,1843786
VV,1,-41.45,0.055714,0.000021,0.000042,0.000021,39,661,1843785
VV,1,-41.40,0.054698,0.000021,0.000042,0.000021,39,674,1843785
VV,1,-41.35,0.053134,0.000021,0.000042,0.000021,39,695,1843785
VV,1,-41.30,0.052561,0.000021,0.000042,0.000021,39,703,1843785
VV,1,-41.25,0.051519,0.000021,0.000042,0.000021,39,718,1843785
VV,1,-41.20,0.051480,0.000022,0.000043,0.000022,40,737,1843784
VV,1,-41.15,0.053817,0.000023,0.000047,0.000023,43,756,1843781
VV,1,-41.10,0.053724,0.000024,0.000048,0.000024,44,775,1843780
VV,1,-41.05,0.052632,0.000024,0.000048,0.000024,44,792,1843780
VV,1,-41.00,0.051948,0.000024,0.000048,0.000024,44,803,1843780
VV,1,-40.95,0.051843,0.000024,0.000049,0.000024,45,823,1843779
VV,1,-40.90,0.050963,0.000024,0.000049,0.000024,45,838,1843779
VV,1,-40.85,0.050336,0.000024,0.000049,0.000024,45,849,1843779
VV,1,-40.80,0.050494,0.000025,0.000050,0.000025,46,865,1843778
VV,1,-40.75,0.049198,0.000025,0.000050,0.000025,46,889,1843778
VV,1,-40.70,0.048626,0.000025,0.000050,0.000025,46,900,1843778
VV,1,-40.65,0.047817,0.000025,0.000050,0.000025,46,916,1843778
VV,1,-40.60,0.046987,0.000025,0.000050,0.000025,46,933,1843778
VV,1,-40.55,0.046046,0.000025,0.000050,0.000025,46,953,1843778
VV,1,-40.50,0.046351,0.000025,0.000051,0.000025,47,967,1843777
VV,1,-40.45,0.045062,0.000025,0.000051,0.000025,47,996,1843777
VV,1,-40.40,0.045880,0.000027,0.000053,0.000027,49,1019,1843775
VV,1,-40.35,0.045956,0.000027,0.000054,0.000027,50,1038,1843774
VV,1,-40.30,0.045045,0.000027,0.000054,0.000027,50,1060,1843774
VV,1,-40.25,0.046512,0.000028,0.000056,0.000028,52,1066,1843772
VV,1,-40.20,0.046778,0.000029,0.000057,0.000029,53,1080,1843771
VV,1,-40.15,0.045967,0.000029,0.000057,0.000029,53,1100,1843771
VV,1,-40.10,0.046036,0.000029,0.000059,0.000029,54,1119,1843770
VV,1,-40.05,0.045113,0.000029,0.000059,0.000029,54,1143,1843770
VV,1,-40.00,0.045939,0.000030,0.000061,0.000030,56,1163,1843768
VV,1,-39.95,0.047049,0.000032,0.000064,0.000032,59,1195,1843765
VV,1,-39.90,0.047508,0.000033,0.000066,0.000033,61,1223,1843763
VV,1,-39.85,0.046887,0.000033,0.000066,0.000033,61,1240,1843763
VV,1,-39.80,0.046899,0.000034,0.000067,0.000034,62,1260,1843762
VV,1,-39.75,0.046097,0.000034,0.000067,0.000034,62,1283,1843762
VV,1,-39.70,0.045785,0.000034,0.000068,0.000034,63,1313,1843761
VV,1,-39.65,0.045000,0.000034,0.000068,0.000034,63,1337,1843761
VV,1,-39.60,0.045518,0.000035,0.000070,0.000035,65,1363,1843759
VV,1,-39.55,0.045205,0.000036,0.000072,0.000036,66,1394,1843758
VV,1,-39.50,0.045301,0.000036,0.000073,0.000036,67,1412,1843757
VV,1,-39.45,0.045605,0.000037,0.000075,0.000037,69,1444,1843755
VV,1,-39.40,0.045366,0.000038,0.000076,0.000038,70,1473,1843754
VV,1,-39.35,0.044872,0.000038,0.000076,0.000038,70,1490,1843754
VV,1,-39.30,0.045570,0.000039,0.000078,0.000039,72,1508,1843752
VV,1,-39.25,0.046077,0.000040,0.000080,0.000040,74,1532,1843750
VV,1,-39.20,0.047765,0.000042,0.000085,0.000042,78,1555,1843746
VV,1,-39.15,0.047677,0.000043,0.000086,0.000043,79,1578,1843745
VV,1,-39.10,0.047816,0.000044,0.000088,0.000044,81,1613,1843743
VV,1,-39.05,0.048312,0.000045,0.000090,0.000045,83,1635,1843741
VV,1,-39.00,0.049482,0.000047,0.000093,0.000047,86,1652,1843738
VV,1,-38.95,0.049858,0.000048,0.000095,0.000048,88,1677,1843736
VV,1,-38.90,0.050223,0.000049,0.000098,0.000049,90,1702,1843734
VV,1,-38.85,0.049046,0.000049,0.000098,0.000049,90,1745,1843734
VV,1,-38.80,0.049706,0.000050,0.000101,0.000050,93,1778,1843731
VV,1,-38.75,0.049370,0.000051,0.000102,0.000051,94,1810,1843730
VV,1,-38.70,0.049020,0.000052,0.000103,0.000051,95,1843,1843729
VV,1,-38.65,0.049289,0.000053,0.000105,0.000053,97,1871,1843727
VV,1,-38.60,0.049677,0.000054,0.000108,0.000054,100,1913,1843724
VV,1,-38.55,0.049461,0.000055,0.000109,0.000055,101,1941,1843723
VV,1,-38.50,0.050627,0.000057,0.000114,0.000057,105,1969,1843719
VV,1,-38.45,0.051478,0.000059,0.000117,0.000059,108,1990,1843716
VV,1,-38.40,0.052410,0.000061,0.000121,0.000061,112,2025,1843712
VV,1,-38.35,0.053629,0.000063,0.000126,0.000063,116,2047,1843708
VV,1,-38.30,0.053466,0.000064,0.000128,0.000064,118,2089,1843706
VV,1,-38.25,0.053587,0.000066,0.000131,0.000066,121,2137,1843703
VV,1,-38.20,0.053843,0.000067,0.000134,0.000067,124,2179,1843700
VV,1,-38.15,0.052991,0.000067,0.000134,0.000067,124,2216,1843700
VV,1,-38.10,0.053963,0.000069,0.000139,0.000069,128,2244,1843696
VV,1,-38.05,0.053416,0.000070,0.000140,0.000070,129,2286,1843695
VV,1,-38.00,0.054811,0.000073,0.000146,0.000073,135,2328,1843689
VV,1,-37.95,0.055556,0.000075,0.000151,0.000075,139,2363,1843685
VV,1,-37.90,0.055468,0.000076,0.000153,0.000076,141,2401,1843683
VV,1,-37.85,0.055556,0.000078,0.000155,0.000077,143,2431,1843681
VV,1,-37.80,0.055365,0.000079,0.000157,0.000079,145,2474,1843679
VV,1,-37.75,0.054593,0.000079,0.000157,0.000079,145,2511,1843679
VV,1,-37.70,0.056296,0.000082,0.000165,0.000082,152,2548,1843672
VV,1,-37.65,0.055616,0.000083,0.000166,0.000083,153,2598,1843671
VV,1,-37.60,0.055496,0.000084,0.000168,0.000084,155,2638,1843669
VV,1,-37.55,0.056124,0.000086,0.000172,0.000086,159,2674,1843665
VV,1,-37.50,0.056460,0.000088,0.000177,0.000088,163,2724,1843661
VV,1,-37.45,0.056597,0.000090,0.000180,0.000090,166,2767,1843658
VV,1,-37.40,0.056971,0.000092,0.000184,0.000092,170,2814,1843654
VV,1,-37.35,0.056964,0.000094,0.000187,0.000094,173,2864,1843651
VV,1,-37.30,0.056818,0.000095,0.000190,0.000095,175,2905,1843649
VV,1,-37.25,0.056069,0.000095,0.000191,0.000095,176,2963,1843648
VV,1,-37.20,0.056622,0.000098,0.000195,0.000097,180,2999,1843644
VV,1,-37.15,0.055590,0.000098,0.000195,0.000097,180,3058,1843644
VV,1,-37.10,0.054695,0.000098,0.000195,0.000097,180,3111,1843644
VV,1,-37.05,0.055572,0.000100,0.000200,0.000100,185,3144,1843639
VV,1,-37.00,0.055967,0.000103,0.000205,0.000102,189,3188,1843635
VV,1,-36.95,0.055765,0.000104,0.000208,0.000104,192,3251,1843632
VV,1,-36.90,0.056189,0.000107,0.000213,0.000107,197,3309,1843627
VV,1,-36.85,0.057159,0.000111,0.000221,0.000110,204,3365,1843620
VV,1,-36.80,0.057229,0.000113,0.000226,0.000113,209,3443,1843615
VV,1,-36.75,0.057940,0.000117,0.000234,0.000117,216,3512,1843608
VV,1,-36.70,0.057748,0.000118,0.000236,0.000118,218,3557,1843606
VV,1,-36.65,0.058808,0.000123,0.000246,0.000123,227,3633,1843597
VV,1,-36.60,0.059694,0.000127,0.000253,0.000127,234,3686,1843590
VV,1,-36.55,0.060538,0.000131,0.000261,0.000130,241,3740,1843583
VV,1,-36.50,0.061078,0.000134,0.000267,0.000134,247,3797,1843577
VV,1,-36.45,0.061026,0.000136,0.000272,0.000136,251,3862,1843573
VV,1,-36.40,0.062739,0.000142,0.000284,0.000142,262,3914,1843562
VV,1,-36.35,0.062220,0.000143,0.000286,0.000143,264,3979,1843560
VV,1,-36.30,0.061731,0.000144,0.000288,0.000144,266,4043,1843558
VV,1,-36.25,0.061318,0.000146,0.000291,0.000146,269,4118,1843555
VV,1,-36.20,0.061476,0.000149,0.000296,0.000148,274,4183,1843550
VV,1,-36.15,0.061617,0.000151,0.000302,0.000151,279,4249,1843545
VV,1,-36.10,0.061264,0.000153,0.000305,0.000153,282,4321,1843542
VV,1,-36.05,0.060742,0.000155,0.000308,0.000154,285,4407,1843539
VV,1,-36.00,0.060415,0.000156,0.000312,0.000156,288,4479,1843536
VV,1,-35.95,0.060988,0.000160,0.000319,0.000160,295,4542,1843529
VV,1,-35.90,0.061532,0.000164,0.000327,0.000163,302,4606,1843522
VV,1,-35.85,0.062076,0.000169,0.000336,0.000168,311,4699,1843513
VV,1,-35.80,0.061848,0.000170,0.000340,0.000170,314,4763,1843510
VV,1,-35.75,0.062693,0.000176,0.000352,0.000176,325,4859,1843499
VV,1,-35.70,0.062962,0.000180,0.000359,0.000180,332,4941,1843492
VV,1,-35.65,0.063187,0.000184,0.000367,0.000183,339,5026,1843485
VV,1,-35.60,0.062831,0.000187,0.000372,0.000186,344,5131,1843480
VV,1,-35.55,0.062612,0.000189,0.000377,0.000189,349,5225,1843475
VV,1,-35.50,0.062434,0.000192,0.000383,0.000191,354,5316,1843470
VV,1,-35.45,0.063054,0.000197,0.000393,0.000196,363,5394,1843461
VV,1,-35.40,0.063473,0.000201,0.000401,0.000201,371,5474,1843453
VV,1,-35.35,0.063701,0.000205,0.000409,0.000204,378,5556,1843446
VV,1,-35.30,0.063524,0.000208,0.000415,0.000208,384,5661,1843440
VV,1,-35.25,0.063965,0.000213,0.000425,0.000212,393,5751,1843431
VV,1,-35.20,0.064981,0.000220,0.000439,0.000219,406,5842,1843418
VV,1,-35.15,0.065879,0.000227,0.000452,0.000226,418,5927,1843406
VV,1,-35.10,0.065747,0.000230,0.000458,0.000229,424,6025,1843400
VV,1,-35.05,0.067155,0.000239,0.000476,0.000238,440,6112,1843384
VV,1,-35.00,0.067259,0.000242,0.000483,0.000242,447,6199,1843377
VV,1,-34.95,0.068430,0.000251,0.000500,0.000250,463,6303,1843361
VV,1,-34.90,0.068006,0.000253,0.000505,0.000252,467,6400,1843357
VV,1,-34.85,0.068525,0.000259,0.000515,0.000258,477,6484,1843347
VV,1,-34.80,0.068741,0.000264,0.000525,0.000263,486,6584,1843338
VV,1,-34.75,0.068802,0.000268,0.000534,0.000267,494,6686,1843330
VV,1,-34.70,0.068446,0.000271,0.000540,0.000270,500,6805,1843324
VV,1,-34.65,0.068803,0.000277,0.000552,0.000276,511,6916,1843313
VV,1,-34.60,0.069020,0.000283,0.000564,0.000282,522,7041,1843302
VV,1,-34.55,0.069565,0.000291,0.000579,0.000290,536,7169,1843288
VV,1,-34.50,0.069696,0.000296,0.000590,0.000295,546,7288,1843278
VV,1,-34.45,0.070224,0.000303,0.000603,0.000301,558,7388,1843266
VV,1,-34.40,0.069926,0.000306,0.000610,0.000305,565,7515,1843259
VV,1,-34.35,0.070092,0.000313,0.000623,0.000312,577,7655,1843247
VV,1,-34.30,0.070473,0.000320,0.000637,0.000319,590,7782,1843234
VV,1,-34.25,0.071001,0.000328,0.000653,0.000327,605,7916,1843219
VV,1,-34.20,0.070925,0.000333,0.000663,0.000332,614,8043,1843210
VV,1,-34.15,0.071404,0.000341,0.000679,0.000340,629,8180,1843195
VV,1,-34.10,0.071715,0.000349,0.000694,0.000347,643,8323,1843181
VV,1,-34.05,0.071984,0.000356,0.000709,0.000355,657,8470,1843167
VV,1,-34.00,0.071413,0.000360,0.000717,0.000358,664,8634,1843160
VV,1,-33.95,0.070751,0.000364,0.000724,0.000362,671,8813,1843153
VV,1,-33.90,0.071333,0.000374,0.000745,0.000372,690,8983,1843134
VV,1,-33.85,0.070847,0.000377,0.000751,0.000376,696,9128,1843128
VV,1,-33.80,0.070456,0.000382,0.000760,0.000380,704,9288,1843120
VV,1,-33.75,0.071034,0.000391,0.000778,0.000389,721,9429,1843103
VV,1,-33.70,0.071856,0.000404,0.000804,0.000402,745,9623,1843079
VV,1,-33.65,0.072077,0.000413,0.000822,0.000411,762,9810,1843062
VV,1,-33.60,0.072545,0.000423,0.000841,0.000421,780,9972,1843044
VV,1,-33.55,0.073091,0.000434,0.000864,0.000432,801,10158,1843023
VV,1,-33.50,0.073466,0.000444,0.000883,0.000442,819,10329,1843005
VV,1,-33.45,0.073666,0.000453,0.000900,0.000450,835,10500,1842989
VV,1,-33.40,0.073570,0.000460,0.000915,0.000458,849,10691,1842975
VV,1,-33.35,0.073231,0.000468,0.000929,0.000465,862,10909,1842962
VV,1,-33.30,0.073207,0.000475,0.000944,0.000472,876,11090,1842948
VV,1,-33.25,0.073425,0.000486,0.000966,0.000483,896,11307,1842928
VV,1,-33.20,0.073663,0.000497,0.000987,0.000494,916,11519,1842908
VV,1,-33.15,0.074347,0.000509,0.001012,0.000506,939,11691,1842885
VV,1,-33.10,0.074365,0.000519,0.001031,0.000516,957,11912,1842867
VV,1,-33.05,0.075073,0.000533,0.001059,0.000530,983,12111,1842841
VV,1,-33.00,0.075383,0.000545,0.001082,0.000541,1005,12327,1842819
VV,1,-32.95,0.075120,0.000553,0.001097,0.000549,1019,12546,1842805
VV,1,-32.90,0.075245,0.000563,0.001118,0.000559,1038,12757,1842786
VV,1,-32.85,0.075395,0.000574,0.001140,0.000570,1059,12987,1842765
VV,1,-32.80,0.075494,0.000586,0.001164,0.000582,1081,13238,1842743
VV,1,-32.75,0.075536,0.000598,0.001186,0.000593,1102,13487,1842722
VV,1,-32.70,0.075871,0.000611,0.001212,0.000606,1126,13715,1842698
VV,1,-32.65,0.076653,0.000628,0.001246,0.000623,1158,13949,1842666
VV,1,-32.60,0.077272,0.000646,0.001281,0.000641,1191,14222,1842633
VV,1,-32.55,0.077633,0.000661,0.001311,0.000656,1219,14483,1842605
VV,1,-32.50,0.078479,0.000682,0.001352,0.000676,1257,14760,1842567
VV,1,-32.45,0.079621,0.000707,0.001401,0.000701,1303,15062,1842521
VV,1,-32.40,0.079957,0.000723,0.001434,0.000718,1334,15350,1842490
VV,1,-32.35,0.080568,0.000745,0.001477,0.000739,1374,15680,1842450
VV,1,-32.30,0.081016,0.000763,0.001512,0.000757,1407,15960,1842417
VV,1,-32.25,0.081698,0.000786,0.001557,0.000779,1449,16287,1842375
VV,1,-32.20,0.082891,0.000813,0.001610,0.000806,1499,16585,1842325
VV,1,-32.15,0.083464,0.000835,0.001653,0.000827,1539,16900,1842285
VV,1,-32.10,0.083866,0.000854,0.001691,0.000846,1575,17205,1842249
VV,1,-32.05,0.084803,0.000879,0.001740,0.000871,1621,17494,1842203
VV,1,-32.00,0.085318,0.000901,0.001784,0.000893,1662,17818,1842162
VV,1,-31.95,0.085595,0.000922,0.001824,0.000913,1700,18161,1842124
VV,1,-31.90,0.086275,0.000946,0.001872,0.000937,1745,18481,1842079
VV,1,-31.85,0.086590,0.000965,0.001908,0.000955,1779,18766,1842045
VV,1,-31.80,0.086720,0.000987,0.001952,0.000977,1820,19167,1842004
VV,1,-31.75,0.086861,0.001008,0.001993,0.000998,1859,19543,1841965
VV,1,-31.70,0.087096,0.001033,0.002041,0.001022,1904,19957,1841920
VV,1,-31.65,0.087655,0.001059,0.002092,0.001047,1952,20317,1841872
VV,1,-31.60,0.088413,0.001090,0.002153,0.001077,2009,20714,1841815
VV,1,-31.55,0.088602,0.001113,0.002199,0.001101,2053,21118,1841771
VV,1,-31.50,0.089138,0.001142,0.002254,0.001128,2105,21510,1841719
VV,1,-31.45,0.090169,0.001177,0.002323,0.001163,2170,21896,1841654
VV,1,-31.40,0.091195,0.001212,0.002393,0.001198,2235,22273,1841589
VV,1,-31.35,0.092078,0.001250,0.002467,0.001235,2305,22728,1841519
VV,1,-31.30,0.092546,0.001279,0.002524,0.001264,2359,23131,1841465
VV,1,-31.25,0.093058,0.001309,0.002581,0.001292,2413,23517,1841411
VV,1,-31.20,0.093210,0.001336,0.002635,0.001319,2464,23971,1841360
VV,1,-31.15,0.093820,0.001370,0.002701,0.001352,2526,24398,1841298
VV,1,-31.10,0.094293,0.001404,0.002767,0.001385,2589,24868,1841235
VV,1,-31.05,0.095561,0.001451,0.002859,0.001432,2676,25327,1841148
VV,1,-31.00,0.096246,0.001489,0.002933,0.001469,2746,25785,1841078
VV,1,-30.95,0.097165,0.001532,0.003016,0.001510,2824,26240,1841000
VV,1,-30.90,0.097770,0.001572,0.003094,0.001549,2898,26743,1840926
VV,1,-30.85,0.099014,0.001622,0.003192,0.001599,2991,27217,1840833
VV,1,-30.80,0.099811,0.001666,0.003276,0.001641,3071,27697,1840753
VV,1,-30.75,0.099774,0.001698,0.003338,0.001672,3130,28241,1840694
VV,1,-30.70,0.100681,0.001747,0.003435,0.001721,3222,28780,1840602
VV,1,-30.65,0.101279,0.001795,0.003527,0.001767,3309,29363,1840515
VV,1,-30.60,0.101791,0.001840,0.003615,0.001811,3393,29940,1840431
VV,1,-30.55,0.102527,0.001890,0.003712,0.001859,3485,30506,1840339
VV,1,-30.50,0.103384,0.001942,0.003813,0.001910,3581,31057,1840243
VV,1,-30.45,0.104040,0.001996,0.003917,0.001962,3680,31691,1840144
VV,1,-30.40,0.104442,0.002044,0.004010,0.002009,3769,32318,1840055
VV,1,-30.35,0.105379,0.002105,0.004127,0.002068,3881,32948,1839943
VV,1,-30.30,0.105767,0.002156,0.004227,0.002118,3976,33616,1839848
VV,1,-30.25,0.106664,0.002221,0.004352,0.002181,4096,34305,1839728
VV,1,-30.20,0.107546,0.002282,0.004469,0.002239,4207,34911,1839617
VV,1,-30.15,0.108175,0.002340,0.004581,0.002296,4315,35574,1839509
VV,1,-30.10,0.109119,0.002413,0.004722,0.002367,4450,36331,1839374
VV,1,-30.05,0.109819,0.002479,0.004848,0.002430,4570,37044,1839254
VV,1,-30.00,0.110750,0.002549,0.004983,0.002498,4700,37738,1839124
VV,1,-29.95,0.111430,0.002613,0.005106,0.002560,4818,38420,1839006
VV,1,-29.90,0.111874,0.002676,0.005227,0.002620,4934,39169,1838890
VV,1,-29.85,0.113041,0.002760,0.005388,0.002702,5089,39930,1838735
VV,1,-29.80,0.113959,0.002845,0.005552,0.002784,5246,40788,1838578
VV,1,-29.75,0.115268,0.002940,0.005733,0.002875,5420,41601,1838404
VV,1,-29.70,0.116341,0.003023,0.005893,0.002955,5574,42337,1838250
VV,1,-29.65,0.116820,0.003096,0.006033,0.003025,5709,43161,1838115
VV,1,-29.60,0.117927,0.003185,0.006203,0.003111,5873,43929,1837951
VV,1,-29.55,0.118534,0.003267,0.006359,0.003190,6024,44797,1837800
VV,1,-29.50,0.119529,0.003359,0.006535,0.003278,6194,45626,1837630
VV,1,-29.45,0.120214,0.003453,0.006713,0.003368,6367,46597,1837457
VV,1,-29.40,0.121382,0.003557,0.006912,0.003468,6559,47477,1837265
VV,1,-29.35,0.122390,0.003659,0.007106,0.003566,6747,48380,1837077
VV,1,-29.30,0.123565,0.003772,0.007321,0.003674,6955,49331,1836869
VV,1,-29.25,0.124052,0.003868,0.007501,0.003765,7131,50353,1836693
VV,1,-29.20,0.125068,0.003982,0.007718,0.003874,7342,51362,1836482
VV,1,-29.15,0.126220,0.004097,0.007936,0.003984,7554,52294,1836270
VV,1,-29.10,0.127322,0.004215,0.008159,0.004096,7771,53263,1836053
VV,1,-29.05,0.128262,0.004330,0.008376,0.004206,7983,54257,1835841
VV,1,-29.00,0.129334,0.004461,0.008624,0.004331,8225,55370,1835599
VV,1,-28.95,0.130351,0.004591,0.008870,0.004455,8465,56475,1835359
VV,1,-28.90,0.131780,0.004737,0.009145,0.004594,8734,57543,1835090
VV,1,-28.85,0.132855,0.004875,0.009405,0.004725,8989,58671,1834835
VV,1,-28.80,0.133666,0.005006,0.009651,0.004849,9231,59829,1834593
VV,1,-28.75,0.134656,0.005145,0.009911,0.004980,9486,60960,1834338
VV,1,-28.70,0.135640,0.005283,0.010170,0.005111,9741,62074,1834083
VV,1,-28.65,0.136512,0.005426,0.010437,0.005246,10004,63279,1833820
VV,1,-28.60,0.137843,0.005594,0.010751,0.005405,10314,64510,1833510
VV,1,-28.55,0.139615,0.005778,0.011097,0.005580,10654,65656,1833170
VV,1,-28.50,0.140624,0.005938,0.011394,0.005730,10948,66905,1832876
VV,1,-28.45,0.141742,0.006106,0.011708,0.005889,11259,68174,1832565
VV,1,-28.40,0.142878,0.006279,0.012029,0.006051,11577,69450,1832247
VV,1,-28.35,0.144161,0.006466,0.012377,0.006227,11922,70777,1831902
VV,1,-28.30,0.145643,0.006662,0.012742,0.006412,12284,72059,1831540
VV,1,-28.25,0.146735,0.006846,0.013081,0.006583,12622,73397,1831202
VV,1,-28.20,0.148625,0.007079,0.013515,0.006803,13053,74772,1830771
VV,1,-28.15,0.150020,0.007296,0.013915,0.007006,13452,76216,1830372
VV,1,-28.10,0.151408,0.007511,0.014312,0.007208,13849,77619,1829975
VV,1,-28.05,0.152877,0.007737,0.014729,0.007419,14266,79051,1829558
VV,1,-28.00,0.154381,0.007968,0.015154,0.007635,14692,80475,1829132
VV,1,-27.95,0.155663,0.008198,0.015575,0.007849,15115,81986,1828709
VV,1,-27.90,0.157026,0.008434,0.016007,0.008068,15550,83478,1828274
VV,1,-27.85,0.158550,0.008680,0.016460,0.008298,16005,84941,1827819
VV,1,-27.80,0.159859,0.008923,0.016902,0.008523,16452,86464,1827372
VV,1,-27.75,0.161146,0.009183,0.017375,0.008764,16931,88135,1826893
VV,1,-27.70,0.162732,0.009458,0.017877,0.009019,17439,89725,1826385
VV,1,-27.65,0.164459,0.009756,0.018420,0.009296,17989,91394,1825835
VV,1,-27.60,0.166047,0.010047,0.018948,0.009564,18525,93040,1825299
VV,1,-27.55,0.167930,0.010373,0.019539,0.009866,19126,94767,1824698
VV,1,-27.50,0.169469,0.010687,0.020106,0.010155,19705,96570,1824119
VV,1,-27.45,0.171270,0.011017,0.020703,0.010460,20314,98294,1823510
VV,1,-27.40,0.172947,0.011358,0.021317,0.010773,20943,100152,1822881
VV,1,-27.35,0.174686,0.011707,0.021944,0.011094,21586,101984,1822238
VV,1,-27.30,0.176309,0.012049,0.022556,0.011407,22216,103790,1821608
VV,1,-27.25,0.178122,0.012420,0.023222,0.011747,22901,105668,1820923
VV,1,-27.20,0.180064,0.012814,0.023925,0.012107,23626,107583,1820198
VV,1,-27.15,0.181825,0.013202,0.024616,0.012462,24342,109534,1819482
VV,1,-27.10,0.183323,0.013576,0.025280,0.012802,25032,111514,1818792
VV,1,-27.05,0.185052,0.013987,0.026008,0.013175,25789,113572,1818035
VV,1,-27.00,0.186973,0.014415,0.026767,0.013565,26579,115575,1817245
VV,1,-26.95,0.188775,0.014847,0.027530,0.013957,27376,117643,1816448
VV,1,-26.90,0.190533,0.015285,0.028300,0.014353,28183,119734,1815641
VV,1,-26.85,0.192164,0.015713,0.029051,0.014739,28972,121795,1814852
VV,1,-26.80,0.193446,0.016124,0.029766,0.015108,29729,123952,1814095
VV,1,-26.75,0.195352,0.016603,0.030605,0.015540,30613,126094,1813211
VV,1,-26.70,0.197379,0.017103,0.031478,0.015990,31534,128230,1812290
VV,1,-26.65,0.199422,0.017616,0.032372,0.016452,32480,130391,1811344
VV,1,-26.60,0.201177,0.018136,0.033272,0.016917,33439,132778,1810385
VV,1,-26.55,0.203330,0.018678,0.034213,0.017404,34439,134936,1809385
VV,1,-26.50,0.205319,0.019217,0.035145,0.017887,35433,137142,1808391
VV,1,-26.45,0.207469,0.019789,0.036132,0.018398,36488,139384,1807336
VV,1,-26.40,0.209434,0.020363,0.037117,0.018910,37546,141728,1806278
VV,1,-26.35,0.211170,0.020921,0.038071,0.019405,38575,144098,1805249
VV,1,-26.30,0.212904,0.021484,0.039030,0.019903,39613,146447,1804211
VV,1,-26.25,0.215062,0.022102,0.040085,0.020453,40753,148741,1803071
VV,1,-26.20,0.217008,0.022726,0.041144,0.021004,41903,151191,1801921
VV,1,-26.15,0.218929,0.023357,0.042211,0.021561,43067,153650,1800757
VV,1,-26.10,0.221069,0.024029,0.043347,0.022154,44306,156111,1799518
VV,1,-26.05,0.223010,0.024706,0.044483,0.022748,45553,158711,1798271
VV,1,-26.00,0.225379,0.025438,0.045716,0.023393,46903,161204,1796921
VV,1,-25.95,0.227321,0.026139,0.046887,0.024006,48196,163821,1795628
VV,1,-25.90,0.229468,0.026879,0.048121,0.024654,49560,166418,1794264
VV,1,-25.85,0.231878,0.027673,0.049446,0.025350,51025,169026,1792799
VV,1,-25.80,0.234124,0.028469,0.050765,0.026044,52492,171714,1791332
VV,1,-25.75,0.236236,0.029254,0.052062,0.026727,53940,174391,1789884
VV,1,-25.70,0.238588,0.030096,0.053449,0.027458,55491,177090,1788333
VV,1,-25.65,0.241263,0.030999,0.054939,0.028246,57157,179750,1786667
VV,1,-25.60,0.243425,0.031855,0.056338,0.028985,58735,182551,1785089
VV,1,-25.55,0.245963,0.032761,0.057821,0.029771,60406,185184,1783418
VV,1,-25.50,0.248298,0.033693,0.059335,0.030574,62124,188075,1781700
VV,1,-25.45,0.251017,0.034686,0.060949,0.031432,63954,190826,1779870
VV,1,-25.40,0.253610,0.035683,0.062563,0.032292,65793,193633,1778031
VV,1,-25.35,0.256192,0.036721,0.064235,0.033183,67707,196575,1776117
VV,1,-25.30,0.258841,0.037783,0.065941,0.034095,69666,199480,1774158
VV,1,-25.25,0.261037,0.038789,0.067542,0.034951,71520,202464,1772304
VV,1,-25.20,0.263578,0.039865,0.069255,0.035870,73504,205366,1770320
VV,1,-25.15,0.266070,0.040961,0.070993,0.036803,75525,208329,1768299
VV,1,-25.10,0.268738,0.042111,0.072812,0.037782,77645,211279,1766179
VV,1,-25.05,0.271245,0.043267,0.074630,0.038761,79777,214337,1764047
VV,1,-25.00,0.273815,0.044447,0.076479,0.039760,81952,217345,1761872
VV,1,-24.95,0.276333,0.045644,0.078347,0.040771,84160,220400,1759664
VV,1,-24.90,0.278731,0.046831,0.080190,0.041770,86349,223444,1757475
VV,1,-24.85,0.281308,0.048098,0.082150,0.042834,88684,226572,1755140
VV,1,-24.80,0.283890,0.049411,0.084173,0.043935,91106,229814,1752718
VV,1,-24.75,0.286519,0.050706,0.086163,0.045021,93493,232814,1750331
VV,1,-24.70,0.289028,0.052006,0.088151,0.046108,95890,235877,1747934
VV,1,-24.65,0.291591,0.053340,0.090183,0.047221,98350,238938,1745474
VV,1,-24.60,0.294114,0.054711,0.092260,0.048361,100877,242109,1742947
VV,1,-24.55,0.296882,0.056185,0.094489,0.049587,103596,245351,1740228
VV,1,-24.50,0.299433,0.057599,0.096614,0.050759,106203,248477,1737621
VV,1,-24.45,0.302151,0.059096,0.098857,0.051999,108962,251659,1734862
VV,1,-24.40,0.304807,0.060593,0.101090,0.053236,111722,254811,1732102
VV,1,-24.35,0.307480,0.062146,0.103395,0.054516,114587,258078,1729237
VV,1,-24.30,0.310156,0.063714,0.105712,0.055806,117477,261290,1726347
VV,1,-24.25,0.312799,0.065296,0.108039,0.057104,120394,264498,1723430
VV,1,-24.20,0.315640,0.066993,0.110527,0.058496,123523,267818,1720301
VV,1,-24.15,0.318437,0.068665,0.112970,0.059867,126606,270980,1717218
VV,1,-24.10,0.321327,0.070397,0.115491,0.061285,129799,274148,1714025
VV,1,-24.05,0.323894,0.072076,0.117913,0.062650,132895,277409,1710929
VV,1,-24.00,0.326524,0.073812,0.120406,0.064059,136096,280706,1707728
VV,1,-23.95,0.329458,0.075671,0.123074,0.065572,139524,283972,1704300
VV,1,-23.90,0.332212,0.077510,0.125693,0.067061,142914,287275,1700910
VV,1,-23.85,0.334926,0.079358,0.128314,0.068555,146323,290559,1697501
VV,1,-23.80,0.337749,0.081303,0.131057,0.070124,149908,293936,1693916
VV,1,-23.75,0.340560,0.083238,0.133779,0.071684,153477,297184,1690347
VV,1,-23.70,0.343156,0.085149,0.136441,0.073216,156999,300516,1686825
VV,1,-23.65,0.345700,0.087066,0.139100,0.074749,160535,303842,1683289
VV,1,-23.60,0.348422,0.089039,0.141833,0.076330,164173,307017,1679651
VV,1,-23.55,0.351178,0.091106,0.144679,0.077980,167984,310360,1675840
VV,1,-23.50,0.353923,0.093188,0.147531,0.079640,171822,313657,1672002
VV,1,-23.45,0.356578,0.095295,0.150397,0.081313,175707,317052,1668117
VV,1,-23.40,0.359150,0.097414,0.153259,0.082989,179614,320494,1664210
VV,1,-23.35,0.361879,0.099594,0.156199,0.084716,183633,323810,1660191
VV,1,-23.30,0.364580,0.101799,0.159157,0.086459,187699,327137,1656125
VV,1,-23.25,0.367293,0.104001,0.162102,0.088200,191760,330330,1652064
VV,1,-23.20,0.369934,0.106206,0.165032,0.089937,195825,333526,1647999
VV,1,-23.15,0.372498,0.108481,0.168028,0.091720,200020,336949,1643804
VV,1,-23.10,0.375038,0.110757,0.171011,0.093500,204217,340306,1639607
VV,1,-23.05,0.377830,0.113183,0.174186,0.095402,208689,343646,1635135
VV,1,-23.00,0.380472,0.115561,0.177277,0.097260,213074,346952,1630750
VV,1,-22.95,0.383222,0.118014,0.180456,0.099177,217597,350213,1626227
VV,1,-22.90,0.385889,0.120455,0.183600,0.101079,222098,353451,1621726
VV,1,-22.85,0.388386,0.122846,0.186654,0.102934,226507,356693,1617317
VV,1,-22.80,0.390973,0.125358,0.189846,0.104878,231138,360049,1612686
VV,1,-22.75,0.393562,0.127867,0.193022,0.106820,235764,363287,1608060
VV,1,-22.70,0.395909,0.130308,0.196079,0.108696,240265,366605,1603559
VV,1,-22.65,0.398511,0.132895,0.199321,0.110692,245035,369842,1598789
VV,1,-22.60,0.400942,0.135454,0.202496,0.112654,249753,373163,1594071
VV,1,-22.55,0.403312,0.138039,0.205681,0.114629,254520,376554,1589304
VV,1,-22.50,0.405859,0.140683,0.208940,0.116657,259394,379729,1584430
VV,1,-22.45,0.408368,0.143396,0.212259,0.118730,264397,383051,1579427
VV,1,-22.40,0.410754,0.146037,0.215468,0.120742,269266,386275,1574558
VV,1,-22.35,0.413236,0.148764,0.218771,0.122820,274295,389478,1569529
VV,1,-22.30,0.415687,0.151536,0.222105,0.124926,279406,392748,1564418
VV,1,-22.25,0.418038,0.154248,0.225347,0.126981,284406,395929,1559418
VV,1,-22.20,0.420465,0.157013,0.228644,0.129079,289505,399031,1554319
VV,1,-22.15,0.422773,0.159778,0.231910,0.131164,294602,402230,1549222
VV,1,-22.10,0.425050,0.162520,0.235135,0.133231,299658,405336,1544166
VV,1,-22.05,0.427317,0.165314,0.238400,0.135331,304810,408502,1539014
VV,1,-22.00,0.429603,0.168189,0.241737,0.137487,310110,411742,1533714
VV,1,-21.95,0.431883,0.171106,0.245105,0.139670,315490,415008,1528334
VV,1,-21.90,0.433991,0.173924,0.248329,0.141767,320686,418237,1523138
VV,1,-21.85,0.436138,0.176792,0.251598,0.143901,325974,421436,1517850
VV,1,-21.80,0.438374,0.179720,0.254928,0.146084,331372,424539,1512452
VV,1,-21.75,0.440469,0.182622,0.258194,0.148233,336722,427741,1507102
VV,1,-21.70,0.442568,0.185542,0.261466,0.150395,342106,430896,1501718
VV,1,-21.65,0.444634,0.188446,0.264705,0.152542,347462,433995,1496362
VV,1,-21.60,0.446721,0.191466,0.268046,0.154765,353029,437238,1490795
VV,1,-21.55,0.448697,0.194389,0.271260,0.156912,358419,440380,1485405
VV,1,-21.50,0.450630,0.197299,0.274440,0.159044,363785,443496,1480039
VV,1,-21.45,0.452582,0.200253,0.277654,0.161207,369232,446603,1474592
VV,1,-21.40,0.454622,0.203316,0.280974,0.163450,374878,449714,1468946
VV,1,-21.35,0.456505,0.206326,0.284202,0.165638,380429,452923,1463395
VV,1,-21.30,0.458451,0.209370,0.287460,0.167856,386042,456016,1457782
VV,1,-21.25,0.460381,0.212389,0.290678,0.170055,391608,459010,1452216
VV,1,-21.20,0.462191,0.215378,0.293833,0.172218,397120,462091,1446704
VV,1,-21.15,0.463891,0.218372,0.296955,0.174367,402639,465321,1441185
VV,1,-21.10,0.465648,0.221379,0.300089,0.176532,408184,468410,1435640
VV,1,-21.05,0.467338,0.224380,0.303191,0.178683,413718,471547,1430106
VV,1,-21.00,0.469045,0.227384,0.306286,0.180837,419256,474594,1424568
VV,1,-20.95,0.470732,0.230379,0.309357,0.182982,424779,477601,1419045
VV,1,-20.90,0.472384,0.233380,0.312413,0.185124,430312,480624,1413512
VV,1,-20.85,0.474083,0.236443,0.315523,0.187312,435960,483625,1407864
VV,1,-20.80,0.475606,0.239425,0.318509,0.189421,441457,486741,1402367
VV,1,-20.75,0.477213,0.242485,0.321571,0.191591,447100,489799,1396724
VV,1,-20.70,0.478658,0.245434,0.324487,0.193664,452538,492893,1391286
VV,1,-20.65,0.480120,0.248475,0.327474,0.195796,458145,496085,1385679
VV,1,-20.60,0.481635,0.251522,0.330466,0.197939,463762,499129,1380062
VV,1,-20.55,0.483130,0.254575,0.333447,0.200082,469392,502172,1374432
VV,1,-20.50,0.484634,0.257646,0.336434,0.202236,475054,505179,1368770
VV,1,-20.45,0.486005,0.260646,0.339316,0.204323,480586,508263,1363238
VV,1,-20.40,0.487390,0.263678,0.342216,0.206430,486175,511333,1357649
VV,1,-20.35,0.488734,0.266683,0.345073,0.208513,491717,514387,1352107
VV,1,-20.30,0.490030,0.269719,0.347932,0.210604,497314,517551,1346510
VV,1,-20.25,0.491312,0.272729,0.350753,0.212675,502864,520649,1340960
VV,1,-20.20,0.492596,0.275728,0.353555,0.214739,508394,523677,1335430
VV,1,-20.15,0.493772,0.278668,0.356269,0.216744,513814,526775,1330010
VV,1,-20.10,0.494930,0.281653,0.359005,0.218773,519319,529958,1324505
VV,1,-20.05,0.496072,0.284686,0.361763,0.220825,524910,533222,1318914
VV,1,-20.00,0.497179,0.287655,0.364449,0.222829,530385,536404,1313439
VV,1,-19.95,0.498201,0.290558,0.367048,0.224776,535737,539607,1308087
VV,1,-19.90,0.499167,0.293481,0.369637,0.226721,541127,542934,1302697
VV,1,-19.85,0.500142,0.296388,0.372205,0.228656,546488,546177,1297336
VV,1,-19.80,0.501020,0.299292,0.374732,0.230566,551841,549594,1291983
VV,1,-19.75,0.501983,0.302141,0.377230,0.232460,557095,552693,1286729
VV,1,-19.70,0.502887,0.305058,0.379753,0.234380,562473,556014,1281351
VV,1,-19.65,0.503851,0.308047,0.382338,0.236352,567985,559303,1275839
VV,1,-19.60,0.504665,0.310971,0.384819,0.238252,573376,562775,1270448
VV,1,-19.55,0.505545,0.313950,0.387350,0.240195,578868,566170,1264956
VV,1,-19.50,0.506278,0.316765,0.389703,0.242007,584059,569573,1259765
VV,1,-19.45,0.507015,0.319555,0.392028,0.243802,589203,572899,1254621
VV,1,-19.40,0.507680,0.322387,0.394352,0.245603,594424,576440,1249400
VV,1,-19.35,0.508371,0.325240,0.396690,0.247420,599686,579936,1244138
VV,1,-19.30,0.509018,0.328116,0.399021,0.249235,604988,583551,1238836
VV,1,-19.25,0.509616,0.330937,0.401285,0.251005,610190,587163,1233634
VV,1,-19.20,0.510194,0.333753,0.403530,0.252764,615382,590791,1228442
VV,1,-19.15,0.510751,0.336557,0.405748,0.254507,620552,594428,1223272
VV,1,-19.10,0.511271,0.339366,0.407949,0.256241,625732,598143,1218092
VV,1,-19.05,0.511766,0.342193,0.410143,0.257975,630944,601933,1212880
VV,1,-19.00,0.512185,0.344974,0.412270,0.259660,636071,605807,1207753
VV,1,-18.95,0.512610,0.347806,0.414425,0.261372,641293,609742,1202531
VV,1,-18.90,0.513025,0.350529,0.416489,0.263016,646314,613495,1197510
VV,1,-18.85,0.513335,0.353267,0.418518,0.264637,651363,617523,1192461
VV,1,-18.80,0.513666,0.356023,0.420557,0.266269,656444,621515,1187380
VV,1,-18.75,0.513993,0.358876,0.422652,0.267951,661705,625676,1182119
VV,1,-18.70,0.514220,0.361576,0.424596,0.269515,666682,629809,1177142
VV,1,-18.65,0.514462,0.364333,0.426574,0.271111,671766,633999,1172058
VV,1,-18.60,0.514626,0.367069,0.428500,0.272670,676810,638338,1167014
VV,1,-18.55,0.514817,0.369853,0.430457,0.274257,681943,642690,1161881
VV,1,-18.50,0.514952,0.372639,0.432387,0.275825,687081,647180,1156743
VV,1,-18.45,0.515063,0.375342,0.434240,0.277335,692064,651584,1151760
VV,1,-18.40,0.515166,0.378116,0.436128,0.278877,697179,656130,1146645
VV,1,-18.35,0.515194,0.380804,0.437920,0.280344,702135,660721,1141689
VV,1,-18.30,0.515208,0.383544,0.439732,0.281831,707187,665438,1136637
VV,1,-18.25,0.515133,0.386256,0.441482,0.283270,712189,670344,1131635
VV,1,-18.20,0.515036,0.388915,0.443177,0.284668,717090,675220,1126734
VV,1,-18.15,0.514883,0.391644,0.444887,0.286080,722123,680376,1121701
VV,1,-18.10,0.514681,0.394288,0.446512,0.287425,726998,685523,1116826
VV,1,-18.05,0.514454,0.396960,0.448134,0.288771,731925,690797,1111899
VV,1,-18.00,0.514252,0.399704,0.449800,0.290156,736984,696135,1106840
VV,1,-17.95,0.513947,0.402407,0.451388,0.291479,741967,701697,1101857
VV,1,-17.90,0.513604,0.405105,0.452948,0.292781,746942,707372,1096882
VV,1,-17.85,0.513179,0.407756,0.454433,0.294024,751830,713215,1091994
VV,1,-17.80,0.512746,0.410427,0.455916,0.295266,756755,719133,1087069
VV,1,-17.75,0.512276,0.413088,0.457366,0.296484,761662,725159,1082162
VV,1,-17.70,0.511816,0.415844,0.458866,0.297745,766743,731339,1077081
VV,1,-17.65,0.511282,0.418500,0.460261,0.298922,771640,737587,1072184
VV,1,-17.60,0.510732,0.421163,0.461643,0.300089,776551,743915,1067273
VV,1,-17.55,0.510158,0.423875,0.463031,0.301263,781550,750425,1062274
VV,1,-17.50,0.509546,0.426547,0.464367,0.302394,786477,757008,1057347
VV,1,-17.45,0.508829,0.429184,0.465625,0.303462,791339,763877,1052485
VV,1,-17.40,0.508112,0.431873,0.466901,0.304547,796298,770871,1047526
VV,1,-17.35,0.507275,0.434527,0.468091,0.305561,801192,778213,1042632
VV,1,-17.30,0.506501,0.437281,0.469353,0.306637,806270,785572,1037554
VV,1,-17.25,0.505632,0.439983,0.470529,0.307642,811252,793179,1032572
VV,1,-17.20,0.504709,0.442618,0.471628,0.308582,816109,800881,1027715
VV,1,-17.15,0.503794,0.445347,0.472771,0.309561,821141,808772,1022683
VV,1,-17.10,0.502760,0.447965,0.473784,0.310430,825969,816900,1017855
VV,1,-17.05,0.501687,0.450644,0.474797,0.311301,830908,825321,1012916
VV,1,-17.00,0.500601,0.453311,0.475784,0.312150,835826,833819,1007998
VV,1,-16.95,0.499440,0.455959,0.476710,0.312948,840709,842595,1003115
VV,1,-16.90,0.498253,0.458607,0.477608,0.313722,845590,851520,998234
VV,1,-16.85,0.497062,0.461260,0.478492,0.314485,850482,860536,993342
VV,1,-16.80,0.495786,0.463959,0.479345,0.315222,855458,869999,988366
VV,1,-16.75,0.494477,0.466654,0.480163,0.315930,860428,879650,983396
VV,1,-16.70,0.493125,0.469298,0.480916,0.316583,865302,889429,978522
VV,1,-16.65,0.491706,0.471969,0.481635,0.317207,870227,899584,973597
VV,1,-16.60,0.490292,0.474608,0.482323,0.317803,875094,909749,968730
VV,1,-16.55,0.488798,0.477249,0.482954,0.318352,879963,920297,963861
VV,1,-16.50,0.487299,0.479976,0.483610,0.318922,884992,931125,958832
VV,1,-16.45,0.485756,0.482702,0.484224,0.319456,890018,942215,953806
VV,1,-16.40,0.484051,0.485398,0.484724,0.319891,894989,953966,948835
VV,1,-16.35,0.482369,0.488172,0.485253,0.320353,900103,965902,943721
VV,1,-16.30,0.480719,0.490843,0.485728,0.320767,905028,977625,938796
VV,1,-16.25,0.478914,0.493537,0.486115,0.321105,909996,990130,933828
VV,1,-16.20,0.477037,0.496248,0.486453,0.321399,914994,1003084,928830
VV,1,-16.15,0.475153,0.498989,0.486779,0.321684,920048,1016273,923776
VV,1,-16.10,0.473211,0.501685,0.487032,0.321905,925019,1029751,918805
VV,1,-16.05,0.471267,0.504438,0.487289,0.322129,930094,1043508,913730
VV,1,-16.00,0.469302,0.507214,0.487522,0.322333,935214,1057564,908610
VV,1,-15.95,0.467247,0.509932,0.487657,0.322452,940225,1072040,903599
VV,1,-15.90,0.465185,0.512725,0.487800,0.322576,945375,1086880,898449
VV,1,-15.85,0.463036,0.515481,0.487853,0.322623,950456,1102204,893368
VV,1,-15.80,0.460904,0.518286,0.487914,0.322676,955628,1117748,888196
VV,1,-15.75,0.458636,0.521044,0.487852,0.322622,960714,1134007,883110
VV,1,-15.70,0.456423,0.523885,0.487833,0.322605,965951,1150398,877873
VV,1,-15.65,0.454104,0.526670,0.487703,0.322491,971087,1167381,872737
VV,1,-15.60,0.451691,0.529375,0.487457,0.322277,976075,1184862,867749
VV,1,-15.55,0.449273,0.532090,0.487187,0.322040,981080,1202628,862744
VV,1,-15.50,0.446843,0.534867,0.486909,0.321797,986201,1220842,857623
VV,1,-15.45,0.444380,0.537691,0.486602,0.321530,991408,1239585,852416
VV,1,-15.40,0.441853,0.540522,0.486232,0.321207,996628,1258938,847196
VV,1,-15.35,0.439249,0.543299,0.485764,0.320798,1001747,1278844,842077
VV,1,-15.30,0.436573,0.546040,0.485209,0.320314,1006802,1299348,837022
VV,1,-15.25,0.433986,0.548898,0.484725,0.319892,1012071,1319964,831753
VV,1,-15.20,0.431286,0.551705,0.484120,0.319365,1017246,1341388,826578
VV,1,-15.15,0.428561,0.554573,0.483492,0.318819,1022535,1363436,821289
VV,1,-15.10,0.425796,0.557374,0.482781,0.318201,1027700,1385895,816124
VV,1,-15.05,0.423002,0.560177,0.482020,0.317540,1032867,1408889,810957
VV,1,-15.00,0.420138,0.562977,0.481181,0.316813,1038031,1432657,805793
VV,1,-14.95,0.417253,0.565775,0.480294,0.316044,1043190,1456948,800634
VV,1,-14.90,0.414338,0.568572,0.479354,0.315231,1048346,1481825,795478
VV,1,-14.85,0.411404,0.571386,0.478374,0.314383,1053535,1507293,790289
VV,1,-14.80,0.408385,0.574154,0.477285,0.313444,1058639,1533621,785185
VV,1,-14.75,0.405371,0.576992,0.476190,0.312500,1063871,1560564,779953
VV,1,-14.70,0.402313,0.579803,0.475020,0.311492,1069054,1588216,774770
VV,1,-14.65,0.399207,0.582552,0.473760,0.310410,1074124,1616519,769700
VV,1,-14.60,0.396094,0.585361,0.472478,0.309310,1079302,1645563,764522
VV,1,-14.55,0.392973,0.588216,0.471169,0.308189,1084567,1675338,759257
VV,1,-14.50,0.389796,0.591031,0.469770,0.306993,1089758,1705956,754066
VV,1,-14.45,0.386660,0.593932,0.468390,0.305815,1095106,1737114,748718
VV,1,-14.40,0.383490,0.596802,0.466938,0.304578,1100397,1769029,743427
VV,1,-14.35,0.380350,0.599655,0.465464,0.303326,1105658,1801293,738166
VV,1,-14.30,0.377114,0.602496,0.463878,0.301980,1110896,1834886,732928
VV,1,-14.25,0.373921,0.605364,0.462293,0.300638,1116185,1868895,727639
VV,1,-14.20,0.370653,0.608247,0.460616,0.299221,1121500,1904243,722324
VV,1,-14.15,0.367372,0.611147,0.458894,0.297769,1126847,1940470,716977
VV,1,-14.10,0.364055,0.614024,0.457097,0.296258,1132153,1977689,711671
VV,1,-14.05,0.360760,0.616888,0.455273,0.294727,1137432,2015446,706392
VV,1,-14.00,0.357484,0.619802,0.453438,0.293191,1142805,2053996,701019
VV,1,-13.95,0.354144,0.622709,0.451508,0.291579,1148166,2093926,695658
VV,1,-13.90,0.350820,0.625628,0.449553,0.289951,1153547,2134598,690277
VV,1,-13.85,0.347450,0.628507,0.447509,0.288253,1158857,2176459,684967
VV,1,-13.80,0.344081,0.631392,0.445425,0.286525,1164176,2219261,679648
VV,1,-13.75,0.340750,0.634318,0.443341,0.284803,1169571,2262776,674253
VV,1,-13.70,0.337392,0.637199,0.441182,0.283023,1174883,2307367,668941
VV,1,-13.65,0.334018,0.640044,0.438958,0.281196,1180128,2352994,663696
VV,1,-13.60,0.330650,0.642960,0.436715,0.279357,1185506,2399869,658318
VV,1,-13.55,0.327284,0.645846,0.434423,0.277484,1190827,2447686,652997
VV,1,-13.50,0.323899,0.648748,0.432076,0.275572,1196177,2496876,647647
VV,1,-13.45,0.320570,0.651698,0.429748,0.273681,1201616,2546752,642208
VV,1,-13.40,0.317216,0.654650,0.427354,0.271742,1207060,2598113,636764
VV,1,-13.35,0.313881,0.657578,0.424931,0.269785,1212458,2650334,631366
VV,1,-13.30,0.310556,0.660516,0.422476,0.267810,1217875,2703717,625949
VV,1,-13.25,0.307247,0.663471,0.419998,0.265821,1223323,2758234,620501
VV,1,-13.20,0.303934,0.666368,0.417462,0.263793,1228666,2813871,615158
VV,1,-13.15,0.300645,0.669324,0.414919,0.261765,1234116,2870773,609708
VV,1,-13.10,0.297329,0.672235,0.412298,0.259683,1239483,2929246,604341
VV,1,-13.05,0.294071,0.675196,0.409702,0.257626,1244942,2988536,598882
VV,1,-13.00,0.290868,0.678182,0.407123,0.255590,1250448,3048577,593376
VV,1,-12.95,0.287625,0.681072,0.404447,0.253484,1255777,3110245,588047
VV,1,-12.90,0.284401,0.684031,0.401761,0.251377,1261232,3173465,582592
VV,1,-12.85,0.281207,0.687016,0.399068,0.249273,1266737,3237911,577087
VV,1,-12.80,0.278045,0.690013,0.396370,0.247171,1272262,3303476,571562
VV,1,-12.75,0.274903,0.692990,0.393648,0.245057,1277751,3370264,566073
VV,1,-12.70,0.271777,0.696000,0.390910,0.242939,1283302,3438586,560522
VV,1,-12.65,0.268691,0.699011,0.388174,0.240828,1288854,3507928,554970
VV,1,-12.60,0.265633,0.702010,0.385425,0.238716,1294383,3578448,549441
VV,1,-12.55,0.262589,0.705028,0.382656,0.236596,1299947,3650560,543877
VV,1,-12.50,0.259532,0.708007,0.379831,0.234439,1305441,3724536,538383
VV,1,-12.45,0.256539,0.711013,0.377039,0.232316,1310982,3799281,532842
VV,1,-12.40,0.253576,0.713975,0.374238,0.230192,1316444,3875071,527380
VV,1,-12.35,0.250605,0.716825,0.371376,0.228030,1321700,3952331,522124
VV,1,-12.30,0.247681,0.719763,0.368542,0.225897,1327116,4031040,516708
VV,1,-12.25,0.244777,0.722714,0.365696,0.223763,1332558,4111403,511266
VV,1,-12.20,0.241932,0.725657,0.362881,0.221658,1337983,4192423,505841
VV,1,-12.15,0.239089,0.728579,0.360031,0.219535,1343372,4275345,500452
VV,1,-12.10,0.236298,0.731554,0.357213,0.217443,1348857,4359430,494967
VV,1,-12.05,0.233542,0.734568,0.354407,0.215368,1354414,4445021,489410
VV,1,-12.00,0.230817,0.737544,0.351599,0.213297,1359902,4531798,483922
VV,1,-11.95,0.228101,0.740471,0.348766,0.211215,1365298,4620191,478526
VV,1,-11.90,0.225414,0.743380,0.345932,0.209140,1370661,4709973,473163
VV,1,-11.85,0.222749,0.746266,0.343091,0.207067,1375983,4801301,467841
VV,1,-11.80,0.220145,0.749269,0.340304,0.205040,1381521,4893985,462303
VV,1,-11.75,0.217562,0.752209,0.337506,0.203012,1386941,4987994,456883
VV,1,-11.70,0.215022,0.755176,0.334735,0.201010,1392411,5083242,451413
VV,1,-11.65,0.212521,0.758072,0.331975,0.199023,1397751,5179255,446073
VV,1,-11.60,0.210047,0.761022,0.329226,0.197050,1403190,5277158,440634
VV,1,-11.55,0.207610,0.763934,0.326491,0.195094,1408559,5376080,435265
VV,1,-11.50,0.205175,0.766751,0.323724,0.193121,1413754,5476734,430070
VV,1,-11.45,0.202810,0.769762,0.321036,0.191211,1419306,5578899,424518
VV,1,-11.40,0.200458,0.772589,0.318323,0.189289,1424518,5681802,419306
VV,1,-11.35,0.198145,0.775545,0.315645,0.187398,1429969,5786818,413855
VV,1,-11.30,0.195869,0.778440,0.312986,0.185526,1435307,5892584,408517
VV,1,-11.25,0.193631,0.781344,0.310352,0.183678,1440661,5999563,403163
VV,1,-11.20,0.191424,0.784189,0.307729,0.181844,1445906,6107528,397918
VV,1,-11.15,0.189270,0.787063,0.305157,0.180051,1451205,6216160,392619
VV,1,-11.10,0.187144,0.789960,0.302601,0.178273,1456548,6326482,387276
VV,1,-11.05,0.185038,0.792809,0.300046,0.176503,1461801,6438216,382023
VV,1,-11.00,0.182971,0.795680,0.297525,0.174760,1467094,6551084,376730
VV,1,-10.95,0.180918,0.798497,0.294998,0.173019,1472288,6665577,371536
VV,1,-10.90,0.178895,0.801277,0.292488,0.171295,1477414,6781136,366410
VV,1,-10.85,0.176903,0.804031,0.290000,0.169591,1482491,6897750,361333
VV,1,-10.80,0.174974,0.806898,0.287586,0.167942,1487778,7015050,356046
VV,1,-10.75,0.173067,0.809681,0.285178,0.166302,1492910,7133270,350914
VV,1,-10.70,0.171183,0.812486,0.282786,0.164677,1498082,7253254,345742
VV,1,-10.65,0.169330,0.815264,0.280417,0.163073,1503204,7374161,340620
VV,1,-10.60,0.167502,0.817990,0.278064,0.161484,1508230,7496013,335594
VV,1,-10.55,0.165718,0.820743,0.275757,0.159930,1513306,7618505,330518
VV,1,-10.50,0.163957,0.823485,0.273466,0.158390,1518362,7742390,325462
VV,1,-10.45,0.162224,0.826168,0.271196,0.156869,1523308,7866863,320516
VV,1,-10.40,0.160533,0.828884,0.268973,0.155383,1528317,7991969,315507
VV,1,-10.35,0.158874,0.831608,0.266781,0.153922,1533338,8117935,310486
VV,1,-10.30,0.157251,0.834352,0.264628,0.152491,1538398,8244660,305426
VV,1,-10.25,0.155651,0.837052,0.262492,0.151074,1543377,8372241,300447
VV,1,-10.20,0.154074,0.839735,0.260375,0.149673,1548323,8500871,295501
VV,1,-10.15,0.152509,0.842304,0.258258,0.148276,1553061,8630322,290763
VV,1,-10.10,0.150975,0.844879,0.256174,0.146903,1557808,8760492,286016
VV,1,-10.05,0.149469,0.847428,0.254118,0.145553,1562508,8891185,281316
VV,1,-10.00,0.148012,0.850068,0.252125,0.144246,1567375,9022139,276449
VV,1,-9.95,0.146577,0.852674,0.250152,0.142956,1572180,9153794,271644
VV,1,-9.90,0.145164,0.855258,0.248201,0.141684,1576946,9286222,266878
VV,1,-9.85,0.143783,0.857794,0.246284,0.140435,1581622,9418448,262202
VV,1,-9.80,0.142417,0.860235,0.244375,0.139196,1586122,9551084,257702
VV,1,-9.75,0.141098,0.862812,0.242534,0.138002,1590874,9684081,252950
VV,1,-9.70,0.139791,0.865341,0.240698,0.136815,1595536,9818192,248288
VV,1,-9.65,0.138503,0.867809,0.238880,0.135641,1600087,9952658,243737
VV,1,-9.60,0.137253,0.870273,0.237111,0.134501,1604631,10086413,239193
VV,1,-9.55,0.136012,0.872672,0.235343,0.133365,1609053,10221208,234771
VV,1,-9.50,0.134799,0.875073,0.233612,0.132254,1613480,10356028,230344
VV,1,-9.45,0.133619,0.877475,0.231922,0.131172,1617910,10490428,225914
VV,1,-9.40,0.132466,0.879864,0.230265,0.130113,1622315,10624718,221509
VV,1,-9.35,0.131336,0.882244,0.228636,0.129073,1626702,10759126,217122
VV,1,-9.30,0.130216,0.884550,0.227013,0.128040,1630954,10894007,212870
VV,1,-9.25,0.129122,0.886822,0.225422,0.127028,1635143,11028439,208681
VV,1,-9.20,0.128040,0.889086,0.223844,0.126027,1639318,11163814,204506
VV,1,-9.15,0.126993,0.891322,0.222311,0.125056,1643441,11297780,200383
VV,1,-9.10,0.125960,0.893582,0.220796,0.124098,1647608,11432800,196216
VV,1,-9.05,0.124946,0.895779,0.219303,0.123156,1651658,11567319,192166
VV,1,-9.00,0.123957,0.897944,0.217842,0.122235,1655651,11701016,188173
VV,1,-8.95,0.122989,0.900064,0.216407,0.121332,1659559,11833988,184265
VV,1,-8.90,0.122044,0.902170,0.215003,0.120450,1663442,11966392,180382
VV,1,-8.85,0.121122,0.904340,0.213632,0.119590,1667443,12099154,176381
VV,1,-8.80,0.120213,0.906381,0.212273,0.118739,1671207,12230808,172617
VV,1,-8.75,0.119311,0.908351,0.210919,0.117892,1674840,12362720,168984
VV,1,-8.70,0.118442,0.910376,0.209613,0.117077,1678574,12493505,165250
VV,1,-8.65,0.117599,0.912412,0.208345,0.116286,1682327,12623316,161497
VV,1,-8.60,0.116774,0.914420,0.207100,0.115511,1686030,12752402,157794
VV,1,-8.55,0.115961,0.916393,0.205871,0.114747,1689668,12881325,154156
VV,1,-8.50,0.115160,0.918299,0.204654,0.113992,1693182,13009742,150642
VV,1,-8.45,0.114384,0.920213,0.203476,0.113261,1696710,13136746,147114
VV,1,-8.40,0.113623,0.922086,0.202316,0.112543,1700165,13263024,143659
VV,1,-8.35,0.112874,0.923912,0.201172,0.111835,1703532,13388758,140292
VV,1,-8.30,0.112145,0.925752,0.200056,0.111146,1706923,13513690,136901
VV,1,-8.25,0.111432,0.927557,0.198961,0.110470,1710252,13637717,133572
VV,1,-8.20,0.110733,0.929311,0.197886,0.109808,1713486,13760593,130338
VV,1,-8.15,0.110044,0.930974,0.196823,0.109153,1716552,13882227,127272
VV,1,-8.10,0.109379,0.932694,0.195797,0.108523,1719723,14002814,124101
VV,1,-8.05,0.108725,0.934355,0.194784,0.107901,1722786,14122597,121038
VV,1,-8.00,0.108086,0.935966,0.193792,0.107292,1725757,14240797,118067
VV,1,-7.95,0.107463,0.937546,0.192825,0.106699,1728670,14357479,115154
VV,1,-7.90,0.106858,0.939138,0.191883,0.106123,1731606,14473115,112218
VV,1,-7.85,0.106265,0.940691,0.190958,0.105557,1734468,14587685,109356
VV,1,-7.80,0.105688,0.942200,0.190057,0.105007,1737251,14700325,106573
VV,1,-7.75,0.105122,0.943697,0.189171,0.104466,1740011,14812352,103813
VV,1,-7.70,0.104573,0.945220,0.188313,0.103943,1742820,14923189,101004
VV,1,-7.65,0.104035,0.946674,0.187468,0.103429,1745500,15032529,98324
VV,1,-7.60,0.103508,0.948079,0.186639,0.102925,1748090,15140359,95734
VV,1,-7.55,0.102988,0.949445,0.185820,0.102427,1750609,15247542,93215
VV,1,-7.50,0.102491,0.950827,0.185037,0.101951,1753158,15352321,90666
VV,1,-7.45,0.102002,0.952187,0.184266,0.101483,1755666,15456328,88158
VV,1,-7.40,0.101530,0.953490,0.183518,0.101029,1758068,15557734,85756
VV,1,-7.35,0.101067,0.954765,0.182785,0.100585,1760418,15657965,83406
VV,1,-7.30,0.100613,0.956034,0.182066,0.100150,1762758,15757410,81066
VV,1,-7.25,0.100171,0.957262,0.181364,0.099725,1765023,15855029,78801
VV,1,-7.20,0.099738,0.958487,0.180675,0.099309,1767282,15952005,76542
VV,1,-7.15,0.099317,0.959636,0.180005,0.098904,1769399,16046269,74425
VV,1,-7.10,0.098909,0.960800,0.179354,0.098511,1771546,16139366,72278
VV,1,-7.05,0.098510,0.961920,0.178718,0.098127,1773611,16230767,70213
VV,1,-7.00,0.098122,0.963037,0.178097,0.097754,1775670,16320947,68154
VV,1,-6.95,0.097746,0.964095,0.177495,0.097391,1777621,16408596,66203
VV,1,-6.90,0.097381,0.965149,0.176912,0.097040,1779564,16494639,64260
VV,1,-6.85,0.097022,0.966142,0.176336,0.096693,1781396,16579376,62428
VV,1,-6.80,0.096672,0.967116,0.175773,0.096355,1783192,16662654,60632
VV,1,-6.75,0.096332,0.968088,0.175228,0.096027,1784984,16744442,58840
VV,1,-6.70,0.096004,0.969079,0.174701,0.095711,1786811,16824967,57013
VV,1,-6.65,0.095686,0.970028,0.174189,0.095404,1788561,16903472,55263
VV,1,-6.60,0.095374,0.970926,0.173687,0.095102,1790216,16980248,53608
VV,1,-6.55,0.095067,0.971789,0.173191,0.094805,1791807,17056003,52017
VV,1,-6.50,0.094769,0.972617,0.172710,0.094517,1793334,17129810,50490
VV,1,-6.45,0.094482,0.973449,0.172246,0.094239,1794868,17202012,48956
VV,1,-6.40,0.094203,0.974252,0.171795,0.093969,1796350,17272497,47474
VV,1,-6.35,0.093933,0.975033,0.171357,0.093707,1797790,17341345,46034
VV,1,-6.30,0.093671,0.975799,0.170933,0.093454,1799202,17408503,44622
VV,1,-6.25,0.093417,0.976547,0.170521,0.093208,1800580,17474122,43244
VV,1,-6.20,0.093167,0.977265,0.170115,0.092965,1801905,17538769,41919
VV,1,-6.15,0.092919,0.977930,0.169713,0.092725,1803131,17602263,40693
VV,1,-6.10,0.092688,0.978640,0.169338,0.092501,1804440,17663440,39384
VV,1,-6.05,0.092460,0.979285,0.168968,0.092280,1805629,17723031,38195
VV,1,-6.00,0.092241,0.979937,0.168610,0.092067,1806832,17781422,36992
VV,1,-5.95,0.092026,0.980566,0.168260,0.091858,1807992,17838585,35832
VV,1,-5.90,0.091818,0.981170,0.167922,0.091657,1809104,17894016,34720
VV,1,-5.85,0.091617,0.981778,0.167595,0.091462,1810225,17948299,33599
VV,1,-5.80,0.091422,0.982359,0.167277,0.091273,1811297,18001109,32527
VV,1,-5.75,0.091234,0.982923,0.166970,0.091090,1812337,18052329,31487
VV,1,-5.70,0.091050,0.983454,0.166670,0.090911,1813316,18102281,30508
VV,1,-5.65,0.090871,0.983971,0.166377,0.090737,1814270,18151100,29554
VV,1,-5.60,0.090698,0.984472,0.166094,0.090568,1815194,18198432,28630
VV,1,-5.55,0.090530,0.984942,0.165819,0.090405,1816059,18244212,27765
VV,1,-5.50,0.090368,0.985434,0.165555,0.090248,1816967,18289277,26857
VV,1,-5.45,0.090209,0.985870,0.165293,0.090092,1817771,18332956,26053
VV,1,-5.40,0.090058,0.986338,0.165046,0.089945,1818633,18375475,25191
VV,1,-5.35,0.089912,0.986785,0.164808,0.089804,1819457,18416492,24367
VV,1,-5.30,0.089768,0.987199,0.164572,0.089664,1820222,18456690,23602
VV,1,-5.25,0.089634,0.987640,0.164353,0.089534,1821034,18495201,22790
VV,1,-5.20,0.089499,0.988021,0.164131,0.089402,1821736,18532986,22088
VV,1,-5.15,0.089369,0.988376,0.163917,0.089276,1822392,18569296,21432
VV,1,-5.10,0.089244,0.988732,0.163711,0.089153,1823047,18604718,20777
VV,1,-5.05,0.089124,0.989113,0.163514,0.089037,1823750,18639330,20074
VV,1,-5.00,0.089006,0.989443,0.163321,0.088922,1824359,18672563,19465
VV,1,-4.95,0.088893,0.989765,0.163134,0.088811,1824953,18704920,18871
VV,1,-4.90,0.088783,0.990087,0.162953,0.088704,1825546,18736368,18278
VV,1,-4.85,0.088677,0.990409,0.162779,0.088601,1826140,18767060,17684
VV,1,-4.80,0.088575,0.990708,0.162612,0.088502,1826692,18796312,17132
VV,1,-4.75,0.088477,0.990994,0.162450,0.088406,1827218,18824692,16606
VV,1,-4.70,0.088380,0.991272,0.162290,0.088311,1827731,18852740,16093
VV,1,-4.65,0.088286,0.991528,0.162136,0.088220,1828203,18879469,15621
VV,1,-4.60,0.088194,0.991757,0.161983,0.088129,1828625,18905589,15199
VV,1,-4.55,0.088104,0.991989,0.161835,0.088042,1829053,18931068,14771
VV,1,-4.50,0.088021,0.992234,0.161697,0.087960,1829504,18955453,14320
VV,1,-4.45,0.087937,0.992445,0.161559,0.087878,1829894,18979195,13930
VV,1,-4.40,0.087858,0.992666,0.161428,0.087801,1830302,19002209,13522
VV,1,-4.35,0.087783,0.992895,0.161304,0.087728,1830724,19024465,13100
VV,1,-4.30,0.087708,0.993115,0.161182,0.087655,1831130,19046363,12694
VV,1,-4.25,0.087638,0.993327,0.161066,0.087586,1831521,19067189,12303
VV,1,-4.20,0.087567,0.993512,0.160949,0.087517,1831861,19087593,11963
VV,1,-4.15,0.087500,0.993691,0.160838,0.087452,1832191,19107041,11633
VV,1,-4.10,0.087435,0.993868,0.160730,0.087388,1832517,19126116,11307
VV,1,-4.05,0.087372,0.994038,0.160626,0.087326,1832832,19144522,10992
VV,1,-4.00,0.087312,0.994213,0.160526,0.087267,1833153,19162330,10671
VV,1,-3.95,0.087253,0.994373,0.160430,0.087210,1833448,19179462,10376
VV,1,-3.90,0.087196,0.994526,0.160335,0.087154,1833730,19196215,10094
VV,1,-3.85,0.087141,0.994669,0.160244,0.087101,1833994,19212202,9830
VV,1,-3.80,0.087087,0.994813,0.160154,0.087048,1834261,19228092,9563
VV,1,-3.75,0.087036,0.994957,0.160069,0.086997,1834525,19243336,9299
VV,1,-3.70,0.086986,0.995088,0.159987,0.086949,1834768,19257915,9056
VV,1,-3.65,0.086936,0.995210,0.159904,0.086900,1834993,19272310,8831
VV,1,-3.60,0.086890,0.995354,0.159828,0.086855,1835258,19286318,8566
VV,1,-3.55,0.086844,0.995481,0.159752,0.086810,1835491,19299898,8333
VV,1,-3.50,0.086801,0.995605,0.159680,0.086768,1835720,19312943,8104
VV,1,-3.45,0.086757,0.995715,0.159608,0.086725,1835923,19325649,7901
VV,1,-3.40,0.086716,0.995827,0.159540,0.086685,1836130,19337871,7694
VV,1,-3.35,0.086675,0.995925,0.159470,0.086644,1836310,19349960,7514
VV,1,-3.30,0.086635,0.996031,0.159404,0.086605,1836506,19361807,7318
VV,1,-3.25,0.086598,0.996150,0.159344,0.086569,1836725,19373104,7099
VV,1,-3.20,0.086560,0.996239,0.159281,0.086532,1836889,19384103,6935
VV,1,-3.15,0.086522,0.996324,0.159218,0.086495,1837046,19395006,6778
VV,1,-3.10,0.086488,0.996409,0.159160,0.086461,1837203,19405207,6621
VV,1,-3.05,0.086453,0.996491,0.159103,0.086427,1837354,19415282,6470
VV,1,-3.00,0.086420,0.996572,0.159047,0.086394,1837503,19425062,6321
VV,1,-2.95,0.086388,0.996652,0.158995,0.086363,1837651,19434345,6173
VV,1,-2.90,0.086357,0.996737,0.158944,0.086333,1837808,19443604,6016
VV,1,-2.85,0.086327,0.996807,0.158893,0.086303,1837936,19452488,5888
VV,1,-2.80,0.086298,0.996884,0.158845,0.086274,1838078,19461175,5746
VV,1,-2.75,0.086268,0.996957,0.158796,0.086246,1838213,19469899,5611
VV,1,-2.70,0.086241,0.997026,0.158750,0.086218,1838341,19478078,5483
VV,1,-2.65,0.086213,0.997089,0.158704,0.086191,1838457,19486153,5367
VV,1,-2.60,0.086186,0.997156,0.158659,0.086165,1838580,19494084,5244
VV,1,-2.55,0.086161,0.997230,0.158618,0.086141,1838716,19501632,5108
VV,1,-2.50,0.086137,0.997288,0.158577,0.086117,1838824,19508893,5000
VV,1,-2.45,0.086112,0.997343,0.158537,0.086093,1838925,19515993,4899
VV,1,-2.40,0.086088,0.997401,0.158496,0.086069,1839032,19523191,4792
VV,1,-2.35,0.086065,0.997463,0.158458,0.086046,1839146,19530086,4678
VV,1,-2.30,0.086041,0.997513,0.158418,0.086023,1839238,19536949,4586
VV,1,-2.25,0.086020,0.997563,0.158383,0.086002,1839331,19543240,4493
VV,1,-2.20,0.085999,0.997619,0.158348,0.085982,1839434,19549542,4390
VV,1,-2.15,0.085979,0.997672,0.158314,0.085962,1839531,19555598,4293
VV,1,-2.10,0.085958,0.997712,0.158279,0.085941,1839606,19561724,4218
VV,1,-2.05,0.085937,0.997753,0.158245,0.085921,1839681,19567564,4143
VV,1,-2.00,0.085918,0.997802,0.158213,0.085902,1839772,19573319,4052
VV,1,-1.95,0.085899,0.997844,0.158180,0.085883,1839848,19578994,3976
VV,1,-1.90,0.085880,0.997891,0.158150,0.085865,1839936,19584509,3888
VV,1,-1.85,0.085861,0.997923,0.158118,0.085846,1839995,19589814,3829
VV,1,-1.80,0.085843,0.997957,0.158087,0.085828,1840057,19595165,3767
VV,1,-1.75,0.085825,0.998000,0.158058,0.085810,1840136,19600393,3688
VV,1,-1.70,0.085807,0.998034,0.158028,0.085793,1840199,19605474,3625
VV,1,-1.65,0.085792,0.998077,0.158002,0.085778,1840279,19610257,3545
VV,1,-1.60,0.085775,0.998115,0.157975,0.085762,1840349,19615088,3475
VV,1,-1.55,0.085760,0.998158,0.157949,0.085746,1840427,19619825,3397
VV,1,-1.50,0.085744,0.998196,0.157923,0.085731,1840498,19624473,3326
VV,1,-1.45,0.085730,0.998235,0.157899,0.085717,1840569,19628818,3255
VV,1,-1.40,0.085715,0.998268,0.157875,0.085702,1840630,19633166,3194
VV,1,-1.35,0.085700,0.998295,0.157850,0.085688,1840680,19637412,3144
VV,1,-1.30,0.085686,0.998328,0.157826,0.085674,1840742,19641675,3082
VV,1,-1.25,0.085672,0.998358,0.157803,0.085660,1840796,19645757,3028
VV,1,-1.20,0.085658,0.998384,0.157780,0.085646,1840844,19649696,2980
VV,1,-1.15,0.085644,0.998410,0.157756,0.085633,1840893,19653720,2931
VV,1,-1.10,0.085632,0.998436,0.157735,0.085620,1840940,19657450,2884
VV,1,-1.05,0.085620,0.998468,0.157715,0.085608,1840999,19661095,2825
VV,1,-1.00,0.085608,0.998501,0.157695,0.085597,1841060,19664723,2764
VV,1,-0.95,0.085596,0.998526,0.157675,0.085585,1841106,19668252,2718
VV,1,-0.90,0.085583,0.998552,0.157655,0.085573,1841154,19671806,2670
VV,1,-0.85,0.085572,0.998584,0.157636,0.085562,1841213,19675231,2611
VV,1,-0.80,0.085561,0.998604,0.157617,0.085551,1841250,19678536,2574
VV,1,-0.75,0.085550,0.998636,0.157599,0.085540,1841309,19681856,2515
VV,1,-0.70,0.085540,0.998660,0.157582,0.085530,1841354,19684957,2470
VV,1,-0.65,0.085530,0.998689,0.157565,0.085520,1841406,19688031,2418
VV,1,-0.60,0.085520,0.998720,0.157549,0.085511,1841464,19691088,2360
VV,1,-0.55,0.085509,0.998740,0.157531,0.085500,1841500,19694193,2324
VV,1,-0.50,0.085499,0.998759,0.157514,0.085490,1841536,19697123,2288
VV,1,-0.45,0.085489,0.998785,0.157498,0.085481,1841583,19700056,2241
VV,1,-0.40,0.085480,0.998813,0.157483,0.085472,1841635,19702912,2189
VV,1,-0.35,0.085471,0.998834,0.157467,0.085462,1841674,19705749,2150
VV,1,-0.30,0.085462,0.998852,0.157452,0.085453,1841707,19708353,2117
VV,1,-0.25,0.085453,0.998874,0.157437,0.085445,1841748,19711019,2076
VV,1,-0.20,0.085444,0.998896,0.157423,0.085436,1841788,19713667,2036
VV,1,-0.15,0.085435,0.998914,0.157408,0.085427,1841822,19716245,2002
VV,1,-0.10,0.085427,0.998933,0.157394,0.085419,1841857,19718762,1967
VV,1,-0.05,0.085419,0.998960,0.157381,0.085411,1841906,19721277,1918
VV,1,-0.00,0.085411,0.998976,0.157366,0.085403,1841936,19723748,1888
VV,1,0.05,0.085403,0.999000,0.157354,0.085396,1841980,19726104,1844
VV,1,0.10,0.085395,0.999018,0.157341,0.085388,1842014,19728448,1810
VV,1,0.15,0.085387,0.999035,0.157328,0.085380,1842045,19730811,1779
VV,1,0.20,0.085380,0.999058,0.157316,0.085373,1842088,19733097,1736
VV,1,0.25,0.085373,0.999076,0.157303,0.085366,1842121,19735330,1703
VV,1,0.30,0.085365,0.999094,0.157290,0.085358,1842153,19737601,1671
VV,1,0.35,0.085358,0.999113,0.157279,0.085352,1842188,19739714,1636
VV,1,0.40,0.085352,0.999142,0.157269,0.085346,1842242,19741787,1582
VV,1,0.45,0.085345,0.999156,0.157257,0.085339,1842267,19743905,1557
VV,1,0.50,0.085338,0.999174,0.157246,0.085332,1842301,19745956,1523
VV,1,0.55,0.085332,0.999193,0.157235,0.085326,1842336,19747964,1488
VV,1,0.60,0.085325,0.999208,0.157224,0.085319,1842364,19749980,1460
VV,1,0.65,0.085319,0.999224,0.157214,0.085313,1842393,19751874,1431
VV,1,0.70,0.085312,0.999236,0.157203,0.085306,1842416,19753791,1408
VV,1,0.75,0.085306,0.999253,0.157192,0.085300,1842446,19755732,1378
VV,1,0.80,0.085299,0.999266,0.157181,0.085294,1842470,19757608,1354
VV,1,0.85,0.085293,0.999282,0.157171,0.085288,1842501,19759477,1323
VV,1,0.90,0.085287,0.999295,0.157161,0.085282,1842524,19761231,1300
VV,1,0.95,0.085282,0.999312,0.157152,0.085277,1842556,19762940,1268
VV,1,1.00,0.085276,0.999330,0.157143,0.085272,1842589,19764653,1235
VV,1,1.05,0.085271,0.999346,0.157134,0.085266,1842618,19766319,1206
VV,1,1.10,0.085265,0.999357,0.157125,0.085261,1842638,19767991,1186
VV,1,1.15,0.085261,0.999374,0.157117,0.085256,1842669,19769525,1155
VV,1,1.20,0.085255,0.999385,0.157108,0.085251,1842690,19771097,1134
VV,1,1.25,0.085250,0.999402,0.157100,0.085246,1842721,19772708,1103
VV,1,1.30,0.085245,0.999414,0.157092,0.085241,1842743,19774184,1081
VV,1,1.35,0.085240,0.999425,0.157082,0.085236,1842764,19775807,1060
VV,1,1.40,0.085235,0.999438,0.157075,0.085231,1842788,19777260,1036
VV,1,1.45,0.085230,0.999451,0.157067,0.085226,1842812,19778735,1012
VV,1,1.50,0.085225,0.999459,0.157058,0.085222,1842827,19780133,997
VV,1,1.55,0.085221,0.999477,0.157052,0.085218,1842859,19781529,965
VV,1,1.60,0.085217,0.999491,0.157045,0.085214,1842885,19782831,939
VV,1,1.65,0.085213,0.999501,0.157038,0.085209,1842904,19784094,920
VV,1,1.70,0.085209,0.999510,0.157030,0.085205,1842920,19785398,904
VV,1,1.75,0.085204,0.999519,0.157023,0.085201,1842938,19786685,886
VV,1,1.80,0.085200,0.999528,0.157016,0.085196,1842954,19788006,870
VV,1,1.85,0.085195,0.999540,0.157008,0.085192,1842975,19789371,849
VV,1,1.90,0.085191,0.999548,0.157001,0.085188,1842991,19790664,833
VV,1,1.95,0.085187,0.999556,0.156994,0.085183,1843006,19791911,818
VV,1,2.00,0.085183,0.999569,0.156987,0.085180,1843030,19793111,794
VV,1,2.05,0.085179,0.999574,0.156981,0.085176,1843039,19794234,785
VV,1,2.10,0.085175,0.999585,0.156975,0.085172,1843059,19795379,765
VV,1,2.15,0.085172,0.999598,0.156969,0.085169,1843083,19796529,741
VV,1,2.20,0.085169,0.999611,0.156963,0.085166,1843106,19797594,718
VV,1,2.25,0.085165,0.999622,0.156958,0.085162,1843127,19798718,697
VV,1,2.30,0.085161,0.999628,0.156951,0.085159,1843139,19799773,685
VV,1,2.35,0.085158,0.999635,0.156945,0.085155,1843151,19800857,673
VV,1,2.40,0.085154,0.999648,0.156940,0.085152,1843175,19801937,649
VV,1,2.45,0.085151,0.999656,0.156934,0.085148,1843190,19802958,634
VV,1,2.50,0.085147,0.999665,0.156928,0.085145,1843206,19804020,618
VV,1,2.55,0.085144,0.999674,0.156923,0.085142,1843222,19805027,602
VV,1,2.60,0.085141,0.999684,0.156918,0.085139,1843241,19806041,583
VV,1,2.65,0.085138,0.999694,0.156912,0.085136,1843259,19807054,565
VV,1,2.70,0.085134,0.999700,0.156906,0.085132,1843270,19808097,554
VV,1,2.75,0.085131,0.999713,0.156902,0.085129,1843294,19809041,530
VV,1,2.80,0.085129,0.999726,0.156898,0.085127,1843319,19809899,505
VV,1,2.85,0.085126,0.999734,0.156893,0.085124,1843333,19810776,491
VV,1,2.90,0.085124,0.999745,0.156889,0.085122,1843354,19811683,470
VV,1,2.95,0.085121,0.999753,0.156884,0.085119,1843368,19812545,456
VV,1,3.00,0.085118,0.999760,0.156880,0.085116,1843382,19813401,442
VV,1,3.05,0.085115,0.999772,0.156875,0.085114,1843403,19814269,421
VV,1,3.10,0.085113,0.999781,0.156871,0.085111,1843420,19815139,404
VV,1,3.15,0.085110,0.999791,0.156867,0.085109,1843438,19816004,386
VV,1,3.20,0.085108,0.999798,0.156862,0.085106,1843452,19816809,372
VV,1,3.25,0.085105,0.999803,0.156857,0.085103,1843460,19817625,364
VV,1,3.30,0.085102,0.999809,0.156853,0.085100,1843472,19818479,352
VV,1,3.35,0.085100,0.999818,0.156849,0.085098,1843489,19819236,335
VV,1,3.40,0.085097,0.999827,0.156845,0.085096,1843505,19820009,319
VV,1,3.45,0.085095,0.999831,0.156841,0.085094,1843513,19820729,311
VV,1,3.50,0.085092,0.999837,0.156837,0.085091,1843524,19821455,300
VV,1,3.55,0.085090,0.999841,0.156833,0.085089,1843531,19822135,293
VV,1,3.60,0.085088,0.999846,0.156829,0.085086,1843540,19822847,284
VV,1,3.65,0.085085,0.999851,0.156825,0.085084,1843550,19823548,274
VV,1,3.70,0.085083,0.999860,0.156822,0.085082,1843565,19824216,259
VV,1,3.75,0.085081,0.999865,0.156818,0.085080,1843576,19824903,248
VV,1,3.80,0.085079,0.999875,0.156815,0.085078,1843593,19825498,231
VV,1,3.85,0.085077,0.999880,0.156811,0.085076,1843603,19826199,221
VV,1,3.90,0.085075,0.999885,0.156808,0.085074,1843612,19826772,212
VV,1,3.95,0.085073,0.999894,0.156805,0.085073,1843629,19827408,195
VV,1,4.00,0.085071,0.999901,0.156802,0.085071,1843641,19828026,183
VV,1,4.05,0.085070,0.999906,0.156799,0.085069,1843650,19828604,174
VV,1,4.10,0.085067,0.999908,0.156795,0.085067,1843654,19829193,170
VV,1,4.15,0.085066,0.999917,0.156793,0.085065,1843671,19829753,153
VV,1,4.20,0.085064,0.999920,0.156790,0.085063,1843676,19830319,148
VV,1,4.25,0.085062,0.999925,0.156787,0.085062,1843685,19830869,139
VV,1,4.30,0.085060,0.999930,0.156784,0.085060,1843695,19831456,129
VV,1,4.35,0.085059,0.999935,0.156781,0.085058,1843705,19831987,119
VV,1,4.40,0.085057,0.999945,0.156779,0.085057,1843722,19832537,102
VV,1,4.45,0.085056,0.999954,0.156776,0.085055,1843739,19833081,85
VV,1,4.50,0.085054,0.999959,0.156773,0.085054,1843748,19833622,76
VV,1,4.55,0.085052,0.999962,0.156771,0.085052,1843754,19834112,70
VV,1,4.60,0.085051,0.999967,0.156768,0.085051,1843764,19834620,60
VV,1,4.65,0.085049,0.999974,0.156766,0.085049,1843776,19835121,48
VV,1,4.70,0.085048,0.999978,0.156763,0.085048,1843783,19835594,41
VV,1,4.75,0.085046,0.999980,0.156760,0.085046,1843787,19836116,37
VV,1,4.80,0.085044,0.999983,0.156757,0.085044,1843792,19836602,32
VV,1,4.85,0.085043,0.999986,0.156754,0.085043,1843798,19837061,26
VV,1,4.90,0.085041,0.999990,0.156752,0.085041,1843806,19837504,18
VV,1,4.95,0.085040,0.999997,0.156750,0.085040,1843819,19837962,5
VV,1,5.00,0.085038,1.000000,0.156747,0.085038,1843824,19838446,0
VV,3,-44.95,nan,0.000000,0.000000,0.000000,0,0,1844013
VV,3,-44.90,0.000000,0.000000,0.000000,0.000000,0,2,1844013
VV,3,-44.85,0.000000,0.000000,0.000000,0.000000,0,2,1844013
VV,3,-44.80,0.000000,0.000000,0.000000,0.000000,0,2,1844013
VV,3,-44.75,0.000000,0.000000,0.000000,0.000000,0,2,1844013
VV,3,-44.70,0.000000,0.000000,0.000000,0.000000,0,2,1844013
VV,3,-44.65,0.000000,0.000000,0.000000,0.000000,0,2,1844013
VV,3,-44.60,0.000000,0.000000,0.000000,0.000000,0,2,1844013
VV,3,-44.55,0.000000,0.000000,0.000000,0.000000,0,2,1844013
VV,3,-44.50,0.000000,0.000000,0.000000,0.000000,0,3,1844013
VV,3,-44.45,0.000000,0.000000,0.000000,0.000000,0,3,1844013
VV,3,-44.40,0.000000,0.000000,0.000000,0.000000,0,3,1844013
VV,3,-44.35,0.000000,0.000000,0.000000,0.000000,0,3,1844013
VV,3,-44.30,0.000000,0.000000,0.000000,0.000000,0,3,1844013
VV,3,-44.25,0.000000,0.000000,0.000000,0.000000,0,3,1844013
VV,3,-44.20,0.000000,0.000000,0.000000,0.000000,0,4,1844013
VV,3,-44.15,0.000000,0.000000,0.000000,0.000000,0,4,1844013
VV,3,-44.10,0.000000,0.000000,0.000000,0.000000,0,6,1844013
VV,3,-44.05,0.000000,0.000000,0.000000,0.000000,0,6,1844013
VV,3,-44.00,0.000000,0.000000,0.000000,0.000000,0,6,1844013
VV,3,-43.95,0.000000,0.000000,0.000000,0.000000,0,7,1844013
VV,3,-43.90,0.000000,0.000000,0.000000,0.000000,0,7,1844013
VV,3,-43.85,0.000000,0.000000,0.000000,0.000000,0,7,1844013
VV,3,-43.80,0.000000,0.000000,0.000000,0.000000,0,8,1844013
VV,3,-43.75,0.000000,0.000000,0.000000,0.000000,0,8,1844013
VV,3,-43.70,0.000000,0.000000,0.000000,0.000000,0,10,1844013
VV,3,-43.65,0.000000,0.000000,0.000000,0.000000,0,10,1844013
VV,3,-43.60,0.000000,0.000000,0.000000,0.000000,0,10,1844013
VV,3,-43.55,0.000000,0.000000,0.000000,0.000000,0,10,1844013
VV,3,-43.50,0.000000,0.000000,0.000000,0.000000,0,10,1844013
VV,3,-43.45,0.000000,0.000000,0.000000,0.000000,0,10,1844013
VV,3,-43.40,0.000000,0.000000,0.000000,0.000000,0,11,1844013
VV,3,-43.35,0.000000,0.000000,0.000000,0.000000,0,11,1844013
VV,3,-43.30,0.000000,0.000000,0.000000,0.000000,0,13,1844013
VV,3,-43.25,0.000000,0.000000,0.000000,0.000000,0,13,1844013
VV,3,-43.20,0.000000,0.000000,0.000000,0.000000,0,13,1844013
VV,3,-43.15,0.000000,0.000000,0.000000,0.000000,0,13,1844013
VV,3,-43.10,0.000000,0.000000,0.000000,0.000000,0,13,1844013
VV,3,-43.05,0.000000,0.000000,0.000000,0.000000,0,13,1844013
VV,3,-43.00,0.000000,0.000000,0.000000,0.000000,0,13,1844013
VV,3,-42.95,0.000000,0.000000,0.000000,0.000000,0,13,1844013
VV,3,-42.90,0.000000,0.000000,0.000000,0.000000,0,14,1844013
VV,3,-42.85,0.000000,0.000000,0.000000,0.000000,0,14,1844013
VV,3,-42.80,0.000000,0.000000,0.000000,0.000000,0,14,1844013
VV,3,-42.75,0.000000,0.000000,0.000000,0.000000,0,14,1844013
VV,3,-42.70,0.000000,0.000000,0.000000,0.000000,0,14,1844013
VV,3,-42.65,0.000000,0.000000,0.000000,0.000000,0,18,1844013
VV,3,-42.60,0.000000,0.000000,0.000000,0.000000,0,18,1844013
VV,3,-42.55,0.000000,0.000000,0.000000,0.000000,0,19,1844013
VV,3,-42.50,0.000000,0.000000,0.000000,0.000000,0,21,1844013
VV,3,-42.45,0.000000,0.000000,0.000000,0.000000,0,21,1844013
VV,3,-42.40,0.000000,0.000000,0.000000,0.000000,0,22,1844013
VV,3,-42.35,0.000000,0.000000,0.000000,0.000000,0,22,1844013
VV,3,-42.30,0.000000,0.000000,0.000000,0.000000,0,24,1844013
VV,3,-42.25,0.000000,0.000000,0.000000,0.000000,0,27,1844013
VV,3,-42.20,0.000000,0.000000,0.000000,0.000000,0,29,1844013
VV,3,-42.15,0.000000,0.000000,0.000000,0.000000,0,31,1844013
VV,3,-42.10,0.000000,0.000000,0.000000,0.000000,0,35,1844013
VV,3,-42.05,0.000000,0.000000,0.000000,0.000000,0,35,1844013
VV,3,-42.00,0.000000,0.000000,0.000000,0.000000,0,35,1844013
VV,3,-41.95,0.000000,0.000000,0.000000,0.000000,0,35,1844013
VV,3,-41.90,0.000000,0.000000,0.000000,0.000000,0,37,1844013
VV,3,-41.85,0.000000,0.000000,0.000000,0.000000,0,37,1844013
VV,3,-41.80,0.000000,0.000000,0.000000,0.000000,0,37,1844013
VV,3,-41.75,0.000000,0.000000,0.000000,0.000000,0,37,1844013
VV,3,-41.70,0.000000,0.000000,0.000000,0.000000,0,40,1844013
VV,3,-41.65,0.000000,0.000000,0.000000,0.000000,0,40,1844013
VV,3,-41.60,0.000000,0.000000,0.000000,0.000000,0,42,1844013
VV,3,-41.55,0.000000,0.000000,0.000000,0.000000,0,42,1844013
VV,3,-41.50,0.000000,0.000000,0.000000,0.000000,0,44,1844013
VV,3,-41.45,0.000000,0.000000,0.000000,0.000000,0,44,1844013
VV,3,-41.40,0.000000,0.000000,0.000000,0.000000,0,46,1844013
VV,3,-41.35,0.000000,0.000000,0.000000,0.000000,0,46,1844013
VV,3,-41.30,0.000000,0.000000,0.000000,0.000000,0,48,1844013
VV,3,-41.25,0.000000,0.000000,0.000000,0.000000,0,48,1844013
VV,3,-41.20,0.000000,0.000000,0.000000,0.000000,0,50,1844013
VV,3,-41.15,0.000000,0.000000,0.000000,0.000000,0,53,1844013
VV,3,-41.10,0.000000,0.000000,0.000000,0.000000,0,53,1844013
VV,3,-41.05,0.000000,0.000000,0.000000,0.000000,0,53,1844013
VV,3,-41.00,0.000000,0.000000,0.000000,0.000000,0,53,1844013
VV,3,-40.95,0.000000,0.000000,0.000000,0.000000,0,53,1844013
VV,3,-40.90,0.000000,0.000000,0.000000,0.000000,0,53,1844013
VV,3,-40.85,0.000000,0.000000,0.000000,0.000000,0,58,1844013
VV,3,-40.80,0.000000,0.000000,0.000000,0.000000,0,59,1844013
VV,3,-40.75,0.000000,0.000000,0.000000,0.000000,0,60,1844013
VV,3,-40.70,0.000000,0.000000,0.000000,0.000000,0,60,1844013
VV,3,-40.65,0.000000,0.000000,0.000000,0.000000,0,60,1844013
VV,3,-40.60,0.000000,0.000000,0.000000,0.000000,0,64,1844013
VV,3,-40.55,0.000000,0.000000,0.000000,0.000000,0,67,1844013
VV,3,-40.50,0.000000,0.000000,0.000000,0.000000,0,67,1844013
VV,3,-40.45,0.000000,0.000000,0.000000,0.000000,0,71,1844013
VV,3,-40.40,0.000000,0.000000,0.000000,0.000000,0,80,1844013
VV,3,-40.35,0.000000,0.000000,0.000000,0.000000,0,83,1844013
VV,3,-40.30,0.000000,0.000000,0.000000,0.000000,0,89,1844013
VV,3,-40.25,0.000000,0.000000,0.000000,0.000000,0,89,1844013
VV,3,-40.20,0.000000,0.000000,0.000000,0.000000,0,93,1844013
VV,3,-40.15,0.000000,0.000000,0.000000,0.000000,0,96,1844013
VV,3,-40.10,0.000000,0.000000,0.000000,0.000000,0,98,1844013
VV,3,-40.05,0.000000,0.000000,0.000000,0.000000,0,105,1844013
VV,3,-40.00,0.000000,0.000000,0.000000,0.000000,0,106,1844013
VV,3,-39.95,0.000000,0.000000,0.000000,0.000000,0,109,1844013
VV,3,-39.90,0.000000,0.000000,0.000000,0.000000,0,113,1844013
VV,3,-39.85,0.000000,0.000000,0.000000,0.000000,0,117,1844013
VV,3,-39.80,0.000000,0.000000,0.000000,0.000000,0,117,1844013
VV,3,-39.75,0.000000,0.000000,0.000000,0.000000,0,117,1844013
VV,3,-39.70,0.000000,0.000000,0.000000,0.000000,0,119,1844013
VV,3,-39.65,0.000000,0.000000,0.000000,0.000000,0,119,1844013
VV,3,-39.60,0.000000,0.000000,0.000000,0.000000,0,119,1844013
VV,3,-39.55,0.000000,0.000000,0.000000,0.000000,0,123,1844013
VV,3,-39.50,0.000000,0.000000,0.000000,0.000000,0,128,1844013
VV,3,-39.45,0.000000,0.000000,0.000000,0.000000,0,129,1844013
VV,3,-39.40,0.000000,0.000000,0.000000,0.000000,0,131,1844013
VV,3,-39.35,0.000000,0.000000,0.000000,0.000000,0,132,1844013
VV,3,-39.30,0.000000,0.000000,0.000000,0.000000,0,133,1844013
VV,3,-39.25,0.000000,0.000000,0.000000,0.000000,0,135,1844013
VV,3,-39.20,0.000000,0.000000,0.000000,0.000000,0,140,1844013
VV,3,-39.15,0.000000,0.000000,0.000000,0.000000,0,142,1844013
VV,3,-39.10,0.000000,0.000000,0.000000,0.000000,0,148,1844013
VV,3,-39.05,0.000000,0.000000,0.000000,0.000000,0,153,1844013
VV,3,-39.00,0.000000,0.000000,0.000000,0.000000,0,159,1844013
VV,3,-38.95,0.000000,0.000000,0.000000,0.000000,0,165,1844013
VV,3,-38.90,0.000000,0.000000,0.000000,0.000000,0,167,1844013
VV,3,-38.85,0.000000,0.000000,0.000000,0.000000,0,172,1844013
VV,3,-38.80,0.000000,0.000000,0.000000,0.000000,0,182,1844013
VV,3,-38.75,0.000000,0.000000,0.000000,0.000000,0,182,1844013
VV,3,-38.70,0.000000,0.000000,0.000000,0.000000,0,183,1844013
VV,3,-38.65,0.000000,0.000000,0.000000,0.000000,0,189,1844013
VV,3,-38.60,0.010000,0.000001,0.000002,0.000001,2,198,1844011
VV,3,-38.55,0.010000,0.000001,0.000002,0.000001,2,198,1844011
VV,3,-38.50,0.009950,0.000001,0.000002,0.000001,2,199,1844011
VV,3,-38.45,0.009852,0.000001,0.000002,0.000001,2,201,1844011
VV,3,-38.40,0.009434,0.000001,0.000002,0.000001,2,210,1844011
VV,3,-38.35,0.009302,0.000001,0.000002,0.000001,2,213,1844011
VV,3,-38.30,0.008929,0.000001,0.000002,0.000001,2,222,1844011
VV,3,-38.25,0.008475,0.000001,0.000002,0.000001,2,234,1844011
VV,3,-38.20,0.008130,0.000001,0.000002,0.000001,2,244,1844011
VV,3,-38.15,0.007968,0.000001,0.000002,0.000001,2,249,1844011
VV,3,-38.10,0.007905,0.000001,0.000002,0.000001,2,251,1844011
VV,3,-38.05,0.007634,0.000001,0.000002,0.000001,2,260,1844011
VV,3,-38.00,0.007353,0.000001,0.000002,0.000001,2,270,1844011
VV,3,-37.95,0.007220,0.000001,0.000002,0.000001,2,275,1844011
VV,3,-37.90,0.007067,0.000001,0.000002,0.000001,2,281,1844011
VV,3,-37.85,0.006873,0.000001,0.000002,0.000001,2,289,1844011
VV,3,-37.80,0.006515,0.000001,0.000002,0.000001,2,305,1844011
VV,3,-37.75,0.006390,0.000001,0.000002,0.000001,2,311,1844011
VV,3,-37.70,0.006329,0.000001,0.000002,0.000001,2,314,1844011
VV,3,-37.65,0.006154,0.000001,0.000002,0.000001,2,323,1844011
VV,3,-37.60,0.006006,0.000001,0.000002,0.000001,2,331,1844011
VV,3,-37.55,0.005900,0.000001,0.000002,0.000001,2,337,1844011
VV,3,-37.50,0.005814,0.000001,0.000002,0.000001,2,342,1844011
VV,3,-37.45,0.005698,0.000001,0.000002,0.000001,2,349,1844011
VV,3,-37.40,0.005525,0.000001,0.000002,0.000001,2,360,1844011
VV,3,-37.35,0.005362,0.000001,0.000002,0.000001,2,371,1844011
VV,3,-37.30,0.005291,0.000001,0.000002,0.000001,2,376,1844011
VV,3,-37.25,0.005168,0.000001,0.000002,0.000001,2,385,1844011
VV,3,-37.20,0.005102,0.000001,0.000002,0.000001,2,390,1844011
VV,3,-37.15,0.004975,0.000001,0.000002,0.000001,2,400,1844011
VV,3,-37.10,0.004914,0.000001,0.000002,0.000001,2,405,1844011
VV,3,-37.05,0.004819,0.000001,0.000002,0.000001,2,413,1844011
VV,3,-37.00,0.007059,0.000002,0.000003,0.000002,3,422,1844010
VV,3,-36.95,0.006944,0.000002,0.000003,0.000002,3,429,1844010
VV,3,-36.90,0.006787,0.000002,0.000003,0.000002,3,439,1844010
VV,3,-36.85,0.006652,0.000002,0.000003,0.000002,3,448,1844010
VV,3,-36.80,0.006522,0.000002,0.000003,0.000002,3,457,1844010
VV,3,-36.75,0.006237,0.000002,0.000003,0.000002,3,478,1844010
VV,3,-36.70,0.006036,0.000002,0.000003,0.000002,3,494,1844010
VV,3,-36.65,0.005814,0.000002,0.000003,0.000002,3,513,1844010
VV,3,-36.60,0.005693,0.000002,0.000003,0.000002,3,524,1844010
VV,3,-36.55,0.005545,0.000002,0.000003,0.000002,3,538,1844010
VV,3,-36.50,0.005396,0.000002,0.000003,0.000002,3,553,1844010
VV,3,-36.45,0.005300,0.000002,0.000003,0.000002,3,563,1844010
VV,3,-36.40,0.005137,0.000002,0.000003,0.000002,3,581,1844010
VV,3,-36.35,0.005034,0.000002,0.000003,0.000002,3,593,1844010
VV,3,-36.30,0.004942,0.000002,0.000003,0.000002,3,604,1844010
VV,3,-36.25,0.004754,0.000002,0.000003,0.000002,3,628,1844010
VV,3,-36.20,0.004637,0.000002,0.000003,0.000002,3,644,1844010
VV,3,-36.15,0.004587,0.000002,0.000003,0.000002,3,651,1844010
VV,3,-36.10,0.004431,0.000002,0.000003,0.000002,3,674,1844010
VV,3,-36.05,0.004267,0.000002,0.000003,0.000002,3,700,1844010
VV,3,-36.00,0.004149,0.000002,0.000003,0.000002,3,720,1844010
VV,3,-35.95,0.004016,0.000002,0.000003,0.000002,3,744,1844010
VV,3,-35.90,0.005188,0.000002,0.000004,0.000002,4,767,1844009
VV,3,-35.85,0.007509,0.000003,0.000007,0.000003,6,793,1844007
VV,3,-35.80,0.007255,0.000003,0.000007,0.000003,6,821,1844007
VV,3,-35.75,0.007067,0.000003,0.000007,0.000003,6,843,1844007
VV,3,-35.70,0.006810,0.000003,0.000007,0.000003,6,875,1844007
VV,3,-35.65,0.006579,0.000003,0.000007,0.000003,6,906,1844007
VV,3,-35.60,0.006417,0.000003,0.000007,0.000003,6,929,1844007
VV,3,-35.55,0.008273,0.000004,0.000009,0.000004,8,959,1844005
VV,3,-35.50,0.008016,0.000004,0.000009,0.000004,8,990,1844005
VV,3,-35.45,0.007859,0.000004,0.000009,0.000004,8,1010,1844005
VV,3,-35.40,0.007656,0.000004,0.000009,0.000004,8,1037,1844005
VV,3,-35.35,0.007414,0.000004,0.000009,0.000004,8,1071,1844005
VV,3,-35.30,0.007188,0.000004,0.000009,0.000004,8,1105,1844005
VV,3,-35.25,0.007030,0.000004,0.000009,0.000004,8,1130,1844005
VV,3,-35.20,0.006891,0.000004,0.000009,0.000004,8,1153,1844005
VV,3,-35.15,0.006700,0.000004,0.000009,0.000004,8,1186,1844005
VV,3,-35.10,0.006431,0.000004,0.000009,0.000004,8,1236,1844005
VV,3,-35.05,0.006294,0.000004,0.000009,0.000004,8,1263,1844005
VV,3,-35.00,0.006206,0.000004,0.000009,0.000004,8,1281,1844005
VV,3,-34.95,0.005997,0.000004,0.000009,0.000004,8,1326,1844005
VV,3,-34.90,0.005844,0.000004,0.000009,0.000004,8,1361,1844005
VV,3,-34.85,0.005751,0.000004,0.000009,0.000004,8,1383,1844005
VV,3,-34.80,0.005614,0.000004,0.000009,0.000004,8,1417,1844005
VV,3,-34.75,0.005479,0.000004,0.000009,0.000004,8,1452,1844005
VV,3,-34.70,0.005351,0.000004,0.000009,0.000004,8,1487,1844005
VV,3,-34.65,0.005225,0.000004,0.000009,0.000004,8,1523,1844005
VV,3,-34.60,0.005105,0.000004,0.000009,0.000004,8,1559,1844005
VV,3,-34.55,0.004941,0.000004,0.000009,0.000004,8,1611,1844005
VV,3,-34.50,0.004857,0.000004,0.000009,0.000004,8,1639,1844005
VV,3,-34.45,0.004768,0.000004,0.000009,0.000004,8,1670,1844005
VV,3,-34.40,0.004673,0.000004,0.000009,0.000004,8,1704,1844005
VV,3,-34.35,0.004515,0.000004,0.000009,0.000004,8,1764,1844005
VV,3,-34.30,0.005482,0.000005,0.000011,0.000005,10,1814,1844003
VV,3,-34.25,0.005379,0.000005,0.000011,0.000005,10,1849,1844003
VV,3,-34.20,0.005244,0.000005,0.000011,0.000005,10,1897,1844003
VV,3,-34.15,0.006129,0.000007,0.000013,0.000007,12,1946,1844001
VV,3,-34.10,0.005949,0.000007,0.000013,0.000007,12,2005,1844001
VV,3,-34.05,0.005750,0.000007,0.000013,0.000007,12,2075,1844001
VV,3,-34.00,0.005607,0.000007,0.000013,0.000007,12,2128,1844001
VV,3,-33.95,0.005425,0.000007,0.000013,0.000006,12,2200,1844001
VV,3,-33.90,0.005268,0.000007,0.000013,0.000006,12,2266,1844001
VV,3,-33.85,0.005157,0.000007,0.000013,0.000006,12,2315,1844001
VV,3,-33.80,0.005057,0.000007,0.000013,0.000006,12,2361,1844001
VV,3,-33.75,0.005771,0.000008,0.000015,0.000008,14,2412,1843999
VV,3,-33.70,0.005602,0.000008,0.000015,0.000008,14,2485,1843999
VV,3,-33.65,0.005447,0.000008,0.000015,0.000008,14,2556,1843999
VV,3,-33.60,0.005293,0.000008,0.000015,0.000008,14,2631,1843999
VV,3,-33.55,0.005160,0.000008,0.000015,0.000008,14,2699,1843999
VV,3,-33.50,0.005061,0.000008,0.000015,0.000008,14,2752,1843999
VV,3,-33.45,0.004945,0.000008,0.000015,0.000008,14,2817,1843999
VV,3,-33.40,0.004838,0.000008,0.000015,0.000008,14,2880,1843999
VV,3,-33.35,0.004681,0.000008,0.000015,0.000008,14,2977,1843999
VV,3,-33.30,0.005229,0.000009,0.000017,0.000009,16,3044,1843997
VV,3,-33.25,0.005036,0.000009,0.000017,0.000009,16,3161,1843997
VV,3,-33.20,0.005830,0.000010,0.000021,0.000010,19,3240,1843994
VV,3,-33.15,0.005954,0.000011,0.000022,0.000011,20,3339,1843993
VV,3,-33.10,0.005822,0.000011,0.000022,0.000011,20,3415,1843993
VV,3,-33.05,0.005653,0.000011,0.000022,0.000011,20,3518,1843993
VV,3,-33.00,0.005487,0.000011,0.000022,0.000011,20,3625,1843993
VV,3,-32.95,0.005304,0.000011,0.000022,0.000011,20,3751,1843993
VV,3,-32.90,0.005183,0.000011,0.000022,0.000011,20,3839,1843993
VV,3,-32.85,0.005056,0.000011,0.000022,0.000011,20,3936,1843993
VV,3,-32.80,0.004882,0.000011,0.000022,0.000011,20,4077,1843993
VV,3,-32.75,0.004759,0.000011,0.000022,0.000011,20,4183,1843993
VV,3,-32.70,0.004631,0.000011,0.000022,0.000011,20,4299,1843993
VV,3,-32.65,0.004931,0.000012,0.000024,0.000012,22,4440,1843991
VV,3,-32.60,0.004782,0.000012,0.000024,0.000012,22,4579,1843991
VV,3,-32.55,0.004884,0.000012,0.000025,0.000012,23,4686,1843990
VV,3,-32.50,0.006182,0.000016,0.000032,0.000016,30,4823,1843983
VV,3,-32.45,0.005971,0.000016,0.000032,0.000016,30,4994,1843983
VV,3,-32.40,0.005840,0.000016,0.000032,0.000016,30,5107,1843983
VV,3,-32.35,0.005622,0.000016,0.000032,0.000016,30,5306,1843983
VV,3,-32.30,0.006213,0.000018,0.000037,0.000018,34,5438,1843979
VV,3,-32.25,0.006180,0.000019,0.000038,0.000019,35,5628,1843978
VV,3,-32.20,0.006904,0.000022,0.000043,0.000022,40,5754,1843973
VV,3,-32.15,0.008531,0.000028,0.000055,0.000028,51,5927,1843962
VV,3,-32.10,0.008289,0.000028,0.000055,0.000028,51,6102,1843962
VV,3,-32.05,0.008394,0.000029,0.000057,0.000029,53,6261,1843960
VV,3,-32.00,0.008165,0.000029,0.000057,0.000029,53,6438,1843960
VV,3,-31.95,0.008626,0.000031,0.000063,0.000031,58,6666,1843955
VV,3,-31.90,0.008842,0.000033,0.000066,0.000033,61,6838,1843952
VV,3,-31.85,0.009064,0.000035,0.000069,0.000035,64,6997,1843949
VV,3,-31.80,0.010001,0.000040,0.000079,0.000039,73,7226,1843940
VV,3,-31.75,0.010220,0.000042,0.000083,0.000042,77,7457,1843936
VV,3,-31.70,0.009958,0.000042,0.000084,0.000042,78,7755,1843935
VV,3,-31.65,0.011020,0.000048,0.000096,0.000048,89,7987,1843924
VV,3,-31.60,0.011056,0.000050,0.000099,0.000050,92,8229,1843921
VV,3,-31.55,0.010980,0.000051,0.000101,0.000051,94,8467,1843919
VV,3,-31.50,0.011274,0.000054,0.000107,0.000053,99,8682,1843914
VV,3,-31.45,0.011230,0.000055,0.000109,0.000055,101,8893,1843912
VV,3,-31.40,0.011248,0.000056,0.000112,0.000056,104,9142,1843909
VV,3,-31.35,0.011415,0.000059,0.000118,0.000059,109,9440,1843904
VV,3,-31.30,0.011305,0.000060,0.000120,0.000060,111,9708,1843902
VV,3,-31.25,0.011968,0.000065,0.000129,0.000065,120,9907,1843893
VV,3,-31.20,0.011809,0.000066,0.000132,0.000066,122,10209,1843891
VV,3,-31.15,0.012035,0.000069,0.000138,0.000069,128,10508,1843885
VV,3,-31.10,0.012155,0.000072,0.000143,0.000072,133,10809,1843880
VV,3,-31.05,0.012279,0.000075,0.000149,0.000074,138,11101,1843875
VV,3,-31.00,0.012594,0.000079,0.000157,0.000079,146,11447,1843867
VV,3,-30.95,0.012682,0.000082,0.000163,0.000081,151,11756,1843862
VV,3,-30.90,0.012907,0.000086,0.000170,0.000085,158,12083,1843855
VV,3,-30.85,0.013557,0.000092,0.000183,0.000092,170,12370,1843843
VV,3,-30.80,0.013798,0.000096,0.000191,0.000095,177,12651,1843836
VV,3,-30.75,0.014123,0.000101,0.000201,0.000101,187,13054,1843826
VV,3,-30.70,0.014246,0.000105,0.000209,0.000104,194,13424,1843819
VV,3,-30.65,0.014767,0.000112,0.000223,0.000111,207,13811,1843806
VV,3,-30.60,0.014766,0.000116,0.000229,0.000115,213,14212,1843800
VV,3,-30.55,0.014693,0.000118,0.000235,0.000117,218,14619,1843795
VV,3,-30.50,0.015841,0.000131,0.000260,0.000130,242,15035,1843771
VV,3,-30.45,0.015840,0.000135,0.000268,0.000134,249,15471,1843764
VV,3,-30.40,0.015767,0.000138,0.000274,0.000137,255,15918,1843758
VV,3,-30.35,0.015797,0.000143,0.000283,0.000141,263,16386,1843750
VV,3,-30.30,0.016667,0.000155,0.000307,0.000154,286,16874,1843727
VV,3,-30.25,0.017209,0.000165,0.000328,0.000164,305,17418,1843708
VV,3,-30.20,0.017295,0.000171,0.000338,0.000169,315,17898,1843698
VV,3,-30.15,0.017431,0.000177,0.000351,0.000176,327,18433,1843686
VV,3,-30.10,0.017618,0.000185,0.000366,0.000183,341,19014,1843672
VV,3,-30.05,0.017590,0.000190,0.000376,0.000188,350,19548,1843663
VV,3,-30.00,0.017932,0.000198,0.000393,0.000196,366,20045,1843647
VV,3,-29.95,0.018216,0.000208,0.000411,0.000205,383,20642,1843630
VV,3,-29.90,0.018210,0.000214,0.000422,0.000211,394,21242,1843619
VV,3,-29.85,0.018713,0.000226,0.000447,0.000223,417,21867,1843596
VV,3,-29.80,0.019160,0.000239,0.000472,0.000236,441,22576,1843572
VV,3,-29.75,0.020051,0.000258,0.000509,0.000254,475,23215,1843538
VV,3,-29.70,0.020543,0.000271,0.000535,0.000268,500,23839,1843513
VV,3,-29.65,0.020768,0.000283,0.000557,0.000279,521,24566,1843492
VV,3,-29.60,0.021596,0.000302,0.000596,0.000298,557,25235,1843456
VV,3,-29.55,0.022113,0.000318,0.000628,0.000314,587,25958,1843426
VV,3,-29.50,0.022058,0.000326,0.000642,0.000321,601,26645,1843412
VV,3,-29.45,0.022511,0.000343,0.000676,0.000338,633,27487,1843380
VV,3,-29.40,0.023147,0.000363,0.000715,0.000358,670,28276,1843343
VV,3,-29.35,0.023879,0.000386,0.000760,0.000380,712,29105,1843301
VV,3,-29.30,0.024052,0.000399,0.000785,0.000393,736,29865,1843277
VV,3,-29.25,0.024333,0.000416,0.000818,0.000409,767,30754,1843246
VV,3,-29.20,0.024768,0.000435,0.000855,0.000428,802,31578,1843211
VV,3,-29.15,0.025256,0.000456,0.000895,0.000448,840,32419,1843173
VV,3,-29.10,0.026176,0.000485,0.000953,0.000477,895,33296,1843118
VV,3,-29.05,0.026670,0.000508,0.000996,0.000498,936,34159,1843077
VV,3,-29.00,0.027736,0.000544,0.001068,0.000534,1004,35194,1843009
VV,3,-28.95,0.028545,0.000576,0.001130,0.000565,1063,36176,1842950
VV,3,-28.90,0.029339,0.000610,0.001194,0.000597,1124,37187,1842889
VV,3,-28.85,0.030503,0.000652,0.001276,0.000639,1202,38204,1842811
VV,3,-28.80,0.031098,0.000684,0.001339,0.000670,1262,39319,1842751
VV,3,-28.75,0.031530,0.000713,0.001395,0.000698,1315,40391,1842698
VV,3,-28.70,0.032477,0.000756,0.001478,0.000739,1394,41529,1842619
VV,3,-28.65,0.033206,0.000794,0.001552,0.000777,1465,42653,1842548
VV,3,-28.60,0.034174,0.000842,0.001643,0.000822,1552,43862,1842461
VV,3,-28.55,0.035718,0.000902,0.001760,0.000881,1664,44923,1842349
VV,3,-28.50,0.036483,0.000946,0.001844,0.000923,1744,46059,1842269
VV,3,-28.45,0.037464,0.000997,0.001943,0.000972,1839,47248,1842174
VV,3,-28.40,0.038481,0.001052,0.002047,0.001025,1939,48450,1842074
VV,3,-28.35,0.039390,0.001106,0.002151,0.001077,2039,49726,1841974
VV,3,-28.30,0.039928,0.001149,0.002233,0.001118,2118,50928,1841895
VV,3,-28.25,0.040740,0.001203,0.002337,0.001170,2218,52225,1841795
VV,3,-28.20,0.042198,0.001280,0.002484,0.001244,2360,53567,1841653
VV,3,-28.15,0.042981,0.001342,0.002602,0.001303,2474,55086,1841539
VV,3,-28.10,0.043908,0.001406,0.002724,0.001364,2592,56440,1841421
VV,3,-28.05,0.044965,0.001479,0.002865,0.001434,2728,57942,1841285
VV,3,-28.00,0.046035,0.001554,0.003006,0.001505,2865,59370,1841148
VV,3,-27.95,0.046842,0.001621,0.003134,0.001570,2990,60841,1841023
VV,3,-27.90,0.048133,0.001710,0.003302,0.001654,3153,62353,1840860
VV,3,-27.85,0.049636,0.001809,0.003490,0.001748,3335,63854,1840678
VV,3,-27.80,0.050374,0.001880,0.003624,0.001815,3466,65339,1840547
VV,3,-27.75,0.051315,0.001969,0.003792,0.001899,3630,67109,1840383
VV,3,-27.70,0.053100,0.002088,0.004019,0.002013,3851,68672,1840162
VV,3,-27.65,0.054567,0.002203,0.004235,0.002122,4062,70379,1839951
VV,3,-27.60,0.055972,0.002320,0.004455,0.002233,4278,72153,1839735
VV,3,-27.55,0.057677,0.002456,0.004711,0.002361,4529,73995,1839484
VV,3,-27.50,0.059278,0.002593,0.004968,0.002490,4781,75873,1839232
VV,3,-27.45,0.060936,0.002735,0.005236,0.002625,5044,77732,1838969
VV,3,-27.40,0.062232,0.002869,0.005486,0.002750,5291,79730,1838722
VV,3,-27.35,0.063872,0.003021,0.005769,0.002893,5571,81651,1838442
VV,3,-27.30,0.065796,0.003191,0.006088,0.003053,5885,83558,1838128
VV,3,-27.25,0.067482,0.003358,0.006398,0.003209,6193,85580,1837820
VV,3,-27.20,0.069244,0.003533,0.006722,0.003372,6514,87559,1837499
VV,3,-27.15,0.070387,0.003684,0.007001,0.003513,6793,89716,1837220
VV,3,-27.10,0.071737,0.003848,0.007303,0.003665,7095,91808,1836918
VV,3,-27.05,0.073456,0.004046,0.007670,0.003850,7461,94110,1836552
VV,3,-27.00,0.075340,0.004252,0.008050,0.004041,7841,96234,1836172
VV,3,-26.95,0.076887,0.004446,0.008406,0.004221,8199,98438,1835814
VV,3,-26.90,0.078524,0.004655,0.008788,0.004413,8583,100721,1835430
VV,3,-26.85,0.079578,0.004826,0.009101,0.004571,8900,102940,1835113
VV,3,-26.80,0.080564,0.005005,0.009424,0.004734,9229,105326,1834784
VV,3,-26.75,0.082443,0.005241,0.009855,0.004952,9664,107557,1834349
VV,3,-26.70,0.084642,0.005511,0.010348,0.005201,10162,109896,1833851
VV,3,-26.65,0.086248,0.005748,0.010778,0.005418,10600,112302,1833413
VV,3,-26.60,0.088287,0.006038,0.011303,0.005684,11134,114978,1832879
VV,3,-26.55,0.090182,0.006309,0.011793,0.005932,11634,117372,1832379
VV,3,-26.50,0.092480,0.006619,0.012353,0.006215,12205,119769,1831808
VV,3,-26.45,0.095008,0.006961,0.012971,0.006528,12836,122269,1831177
VV,3,-26.40,0.096947,0.007271,0.013528,0.006810,13408,124895,1830605
VV,3,-26.35,0.099043,0.007601,0.014119,0.007110,14017,127508,1829996
VV,3,-26.30,0.101127,0.007935,0.014715,0.007412,14632,130058,1829381
VV,3,-26.25,0.103358,0.008286,0.015343,0.007731,15280,132555,1828733
VV,3,-26.20,0.105533,0.008652,0.015992,0.008061,15954,135222,1828059
VV,3,-26.15,0.107937,0.009054,0.016706,0.008423,16695,137979,1827318
VV,3,-26.10,0.110527,0.009474,0.017453,0.008803,17471,140599,1826542
VV,3,-26.05,0.113048,0.009918,0.018236,0.009202,18289,143492,1825724
VV,3,-26.00,0.115554,0.010359,0.019014,0.009598,19103,146214,1824910
VV,3,-25.95,0.118079,0.010827,0.019836,0.010017,19966,149124,1824047
VV,3,-25.90,0.120772,0.011323,0.020705,0.010461,20880,152008,1823133
VV,3,-25.85,0.123874,0.011883,0.021686,0.010962,21913,154985,1822100
VV,3,-25.80,0.126495,0.012411,0.022604,0.011431,22886,158038,1821127
VV,3,-25.75,0.128940,0.012921,0.023489,0.011884,23827,160965,1820186
VV,3,-25.70,0.131481,0.013454,0.024411,0.012356,24810,163886,1819203
VV,3,-25.65,0.134806,0.014101,0.025532,0.012931,26003,166889,1818010
VV,3,-25.60,0.137407,0.014691,0.026545,0.013451,27091,170068,1816922
VV,3,-25.55,0.140793,0.015373,0.027719,0.014054,28348,172997,1815665
VV,3,-25.50,0.143827,0.016058,0.028890,0.014657,29611,176269,1814402
VV,3,-25.45,0.147288,0.016804,0.030167,0.015314,30987,179397,1813026
VV,3,-25.40,0.150379,0.017516,0.031377,0.015939,32300,182491,1811713
VV,3,-25.35,0.153908,0.018321,0.032745,0.016645,33785,185729,1810228
VV,3,-25.30,0.157492,0.019152,0.034151,0.017372,35317,188929,1808696
VV,3,-25.25,0.160400,0.019917,0.035435,0.018037,36728,192250,1807285
VV,3,-25.20,0.163984,0.020788,0.036899,0.018796,38334,195433,1805679
VV,3,-25.15,0.167497,0.021685,0.038398,0.019575,39987,198746,1804026
VV,3,-25.10,0.170987,0.022605,0.039931,0.020372,41684,202100,1802329
VV,3,-25.05,0.174593,0.023574,0.041539,0.021210,43470,205509,1800543
VV,3,-25.00,0.178258,0.024560,0.043172,0.022062,45289,208775,1798724
VV,3,-24.95,0.181761,0.025549,0.044800,0.022913,47112,212086,1796901
VV,3,-24.90,0.185072,0.026549,0.046436,0.023770,48956,215568,1795057
VV,3,-24.85,0.188765,0.027633,0.048208,0.024700,50955,218984,1793058
VV,3,-24.80,0.192537,0.028772,0.050063,0.025674,53056,222506,1790957
VV,3,-24.75,0.196183,0.029880,0.051862,0.026621,55100,225760,1788913
VV,3,-24.70,0.199646,0.030990,0.053652,0.027565,57146,229090,1786867
VV,3,-24.65,0.203285,0.032146,0.055514,0.028549,59278,232323,1784735
VV,3,-24.60,0.206910,0.033367,0.057467,0.029583,61529,235842,1782484
VV,3,-24.55,0.210891,0.034698,0.059591,0.030711,63983,239410,1780030
VV,3,-24.50,0.214632,0.035968,0.061611,0.031785,66325,242693,1777688
VV,3,-24.45,0.218359,0.037289,0.063700,0.032898,68762,246141,1775251
VV,3,-24.40,0.222381,0.038691,0.065914,0.034080,71347,249485,1772666
VV,3,-24.35,0.226080,0.040077,0.068085,0.035242,73903,252986,1770110
VV,3,-24.30,0.229960,0.041526,0.070349,0.036457,76575,256417,1767438
VV,3,-24.25,0.233752,0.042989,0.072622,0.037679,79272,259856,1764741
VV,3,-24.20,0.237832,0.044578,0.075083,0.039006,82202,263428,1761811
VV,3,-24.15,0.242075,0.046194,0.077584,0.040357,85183,266704,1758830
VV,3,-24.10,0.246259,0.047854,0.080136,0.041741,88244,270094,1755769
VV,3,-24.05,0.250030,0.049455,0.082577,0.043067,91196,273544,1752817
VV,3,-24.00,0.253874,0.051135,0.085124,0.044454,94293,277124,1749720
VV,3,-23.95,0.258440,0.053001,0.087963,0.046005,97735,280438,1746278
VV,3,-23.90,0.262618,0.054836,0.090728,0.047520,101119,283923,1742894
VV,3,-23.85,0.266683,0.056690,0.093504,0.049045,104538,287456,1739475
VV,3,-23.80,0.271024,0.058672,0.096462,0.050675,108192,291005,1735821
VV,3,-23.75,0.275301,0.060662,0.099417,0.052309,111861,294462,1732152
VV,3,-23.70,0.279268,0.062596,0.102269,0.053890,115428,297896,1728585
VV,3,-23.65,0.283374,0.064620,0.105241,0.055543,119160,301345,1724853
VV,3,-23.60,0.287609,0.066692,0.108276,0.057237,122980,304615,1721033
VV,3,-23.55,0.291746,0.068797,0.111339,0.058951,126862,307975,1717151
VV,3,-23.50,0.295855,0.070932,0.114430,0.060687,130800,311308,1713213
VV,3,-23.45,0.299992,0.073138,0.117604,0.062476,134867,314702,1709146
VV,3,-23.40,0.303940,0.075337,0.120745,0.064251,138922,318148,1705091
VV,3,-23.35,0.308229,0.077685,0.124094,0.066151,143252,321506,1700761
VV,3,-23.30,0.312356,0.080033,0.127418,0.068044,147581,324896,1696432
VV,3,-23.25,0.316483,0.082428,0.130791,0.069971,151998,328275,1692015
VV,3,-23.20,0.320527,0.084818,0.134140,0.071892,156406,331559,1687607
VV,3,-23.15,0.324476,0.087301,0.137585,0.073875,160985,335153,1683028
VV,3,-23.10,0.328305,0.089765,0.140982,0.075837,165527,338660,1678486
VV,3,-23.05,0.332406,0.092369,0.144566,0.077915,170330,342085,1673683
VV,3,-23.00,0.336260,0.094938,0.148070,0.079954,175066,345561,1668947
VV,3,-22.95,0.340363,0.097622,0.151726,0.082091,180016,348878,1663997
VV,3,-22.90,0.344272,0.100256,0.155290,0.084181,184873,352124,1659140
VV,3,-22.85,0.347797,0.102763,0.158650,0.086159,189496,355350,1654517
VV,3,-22.80,0.351596,0.105507,0.162309,0.088322,194557,358797,1649456
VV,3,-22.75,0.355426,0.108269,0.165979,0.090500,199650,362070,1644363
VV,3,-22.70,0.358919,0.110941,0.169492,0.092593,204576,365402,1639437
VV,3,-22.65,0.362532,0.113695,0.173103,0.094752,209655,368652,1634358
VV,3,-22.60,0.366006,0.116479,0.176719,0.096923,214789,372057,1629224
VV,3,-22.55,0.369462,0.119299,0.180359,0.099118,219988,375440,1624025
VV,3,-22.50,0.373217,0.122251,0.184174,0.101427,225432,378592,1618581
VV,3,-22.45,0.376859,0.125285,0.188053,0.103785,231028,382007,1612985
VV,3,-22.40,0.380241,0.128173,0.191720,0.106023,236352,385232,1607661
VV,3,-22.35,0.383709,0.131167,0.195503,0.108342,241874,388484,1602139
VV,3,-22.30,0.387265,0.134249,0.199381,0.110729,247557,391688,1596456
VV,3,-22.25,0.390514,0.137224,0.203085,0.113019,253043,394931,1590970
VV,3,-22.20,0.393985,0.140295,0.206910,0.115393,258705,397932,1585308
VV,3,-22.15,0.397181,0.143324,0.210639,0.117717,264292,401128,1579721
VV,3,-22.10,0.400184,0.146300,0.214268,0.119989,269779,404359,1574234
VV,3,-22.05,0.403385,0.149439,0.218085,0.122388,275567,407569,1568446
VV,3,-22.00,0.406614,0.152637,0.221956,0.124831,281465,410751,1562548
VV,3,-21.95,0.409796,0.155876,0.225846,0.127298,287438,413979,1556575
VV,3,-21.90,0.412802,0.158997,0.229571,0.129670,293192,417056,1550821
VV,3,-21.85,0.415708,0.162144,0.233293,0.132050,298995,420247,1545018
VV,3,-21.80,0.418692,0.165346,0.237071,0.134476,304901,423321,1539112
VV,3,-21.75,0.421544,0.168510,0.240773,0.136863,310735,426401,1533278
VV,3,-21.70,0.424405,0.171740,0.244528,0.139295,316690,429508,1527323
VV,3,-21.65,0.427217,0.174914,0.248206,0.141687,322544,432444,1521469
VV,3,-21.60,0.430168,0.178281,0.252086,0.144221,328752,435489,1515261
VV,3,-21.55,0.432888,0.181495,0.255759,0.146631,334679,438452,1509334
VV,3,-21.50,0.435535,0.184705,0.259402,0.149030,340599,441425,1503414
VV,3,-21.45,0.438092,0.187872,0.262971,0.151391,346438,444350,1497575
VV,3,-21.40,0.440737,0.191201,0.266702,0.153870,352578,447396,1491435
VV,3,-21.35,0.443274,0.194482,0.270351,0.156304,358628,450415,1485385
VV,3,-21.30,0.445889,0.197790,0.274026,0.158766,364727,453250,1479286
VV,3,-21.25,0.448460,0.201073,0.277655,0.161208,370781,456007,1473232
VV,3,-21.20,0.450898,0.204311,0.281204,0.163605,376753,458808,1467260
VV,3,-21.15,0.453206,0.207582,0.284743,0.166006,382783,461829,1461230
VV,3,-21.10,0.455499,0.210852,0.288265,0.168405,388813,464785,1455200
VV,3,-21.05,0.457727,0.214080,0.291721,0.170769,394766,467682,1449247
VV,3,-21.00,0.459865,0.217167,0.295015,0.173031,400458,470359,1443555
VV,3,-20.95,0.462105,0.220391,0.298445,0.175395,406403,473058,1437610
VV,3,-20.90,0.464241,0.223580,0.301808,0.177723,412284,475797,1431729
VV,3,-20.85,0.466468,0.226886,0.305285,0.180139,418381,478531,1425632
VV,3,-20.80,0.468403,0.230010,0.308520,0.182397,424141,481364,1419872
VV,3,-20.75,0.470495,0.233285,0.311914,0.184774,430180,484134,1413833
VV,3,-20.70,0.472418,0.236439,0.315149,0.187049,435996,486907,1408017
VV,3,-20.65,0.474314,0.239638,0.318407,0.189349,441896,489756,1402117
VV,3,-20.60,0.476177,0.242763,0.321579,0.191596,447658,492450,1396355
VV,3,-20.55,0.477949,0.245894,0.324725,0.193834,453432,495272,1390581
VV,3,-20.50,0.479870,0.249105,0.327962,0.196145,459352,497890,1384661
VV,3,-20.45,0.481761,0.252333,0.331196,0.198463,465306,500538,1378707
VV,3,-20.40,0.483560,0.255500,0.334343,0.200727,471146,503181,1372867
VV,3,-20.35,0.485273,0.258629,0.337425,0.202953,476915,505862,1367098
VV,3,-20.30,0.486976,0.261769,0.340503,0.205185,482705,508525,1361308
VV,3,-20.25,0.488678,0.264916,0.343576,0.207421,488508,511144,1355505
VV,3,-20.20,0.490360,0.268019,0.346596,0.209626,494230,513663,1349783
VV,3,-20.15,0.491916,0.271037,0.349503,0.211756,499795,516222,1344218
VV,3,-20.10,0.493529,0.274180,0.352518,0.213974,505591,518850,1338422
VV,3,-20.05,0.495002,0.277222,0.355403,0.216104,511201,521524,1332812
VV,3,-20.00,0.496463,0.280231,0.358248,0.218211,516750,524113,1327263
VV,3,-19.95,0.497880,0.283179,0.361020,0.220271,522185,526633,1321828
VV,3,-19.90,0.499166,0.286140,0.363759,0.222314,527645,529409,1316368
VV,3,-19.85,0.500477,0.289029,0.366438,0.224318,532973,531956,1311040
VV,3,-19.80,0.501790,0.292010,0.369180,0.226377,538470,534629,1305543
VV,3,-19.75,0.503135,0.294914,0.371861,0.228396,543825,537047,1300188
VV,3,-19.70,0.504518,0.297951,0.374648,0.230502,549425,539584,1294588
VV,3,-19.65,0.505783,0.300933,0.377349,0.232551,554925,542236,1289088
VV,3,-19.60,0.506950,0.303862,0.379972,0.234546,560325,544962,1283688
VV,3,-19.55,0.508153,0.306876,0.382661,0.236599,565883,547725,1278130
VV,3,-19.50,0.509233,0.309664,0.385130,0.238490,571024,550318,1272989
VV,3,-19.45,0.510307,0.312428,0.387572,0.240365,576122,552849,1267891
VV,3,-19.40,0.511381,0.315324,0.390105,0.242317,581462,555581,1262551
VV,3,-19.35,0.512429,0.318201,0.392606,0.244250,586766,558303,1257247
VV,3,-19.30,0.513402,0.321001,0.395019,0.246121,591930,561027,1252083
VV,3,-19.25,0.514370,0.323818,0.397434,0.247999,597125,563762,1246888
VV,3,-19.20,0.515360,0.326674,0.399877,0.249904,602392,566484,1241621
VV,3,-19.15,0.516282,0.329482,0.402253,0.251763,607569,569248,1236444
VV,3,-19.10,0.517188,0.332298,0.404623,0.253622,612762,572033,1231251
VV,3,-19.05,0.518077,0.335067,0.406943,0.255448,617868,574750,1226145
VV,3,-19.00,0.518915,0.337864,0.409260,0.257276,623025,577605,1220988
VV,3,-18.95,0.519696,0.340646,0.411540,0.259081,628156,580542,1215857
VV,3,-18.90,0.520494,0.343356,0.413763,0.260846,633153,583294,1210860
VV,3,-18.85,0.521212,0.346108,0.415984,0.262614,638228,586279,1205785
VV,3,-18.80,0.521938,0.348847,0.418190,0.264374,643279,589202,1200734
VV,3,-18.75,0.522623,0.351680,0.420441,0.266176,648503,592358,1195510
VV,3,-18.70,0.523186,0.354307,0.422496,0.267825,653347,595439,1190666
VV,3,-18.65,0.523902,0.357086,0.424701,0.269600,658471,598388,1185542
VV,3,-18.60,0.524502,0.359839,0.426840,0.271327,663547,601552,1180466
VV,3,-18.55,0.525090,0.362598,0.428972,0.273052,668636,604737,1175377
VV,3,-18.50,0.525596,0.365301,0.431028,0.274720,673619,608009,1170394
VV,3,-18.45,0.526090,0.367935,0.433023,0.276343,678477,611183,1165536
VV,3,-18.40,0.526587,0.370679,0.435088,0.278027,683536,614513,1160477
VV,3,-18.35,0.527033,0.373272,0.437022,0.279609,688318,617707,1155695
VV,3,-18.30,0.527481,0.375980,0.439028,0.281253,693312,621070,1150701
VV,3,-18.25,0.527829,0.378649,0.440963,0.282843,698233,624607,1145780
VV,3,-18.20,0.528186,0.381332,0.442903,0.284442,703181,628132,1140832
VV,3,-18.15,0.528527,0.384078,0.444870,0.286066,708244,631790,1135769
VV,3,-18.10,0.528690,0.386634,0.446639,0.287531,712959,635579,1131054
VV,3,-18.05,0.528890,0.389275,0.448468,0.289048,717829,639408,1126184
VV,3,-18.00,0.529148,0.391997,0.450362,0.290624,722848,643212,1121165
VV,3,-17.95,0.529332,0.394696,0.452206,0.292161,727825,647162,1116188
VV,3,-17.90,0.529414,0.397349,0.453972,0.293637,732716,651297,1111297
VV,3,-17.85,0.529462,0.399975,0.455698,0.295084,737559,655477,1106454
VV,3,-17.80,0.529485,0.402618,0.457417,0.296527,742432,659745,1101581
VV,3,-17.75,0.529490,0.405249,0.459113,0.297953,747284,664043,1096729
VV,3,-17.70,0.529508,0.408026,0.460897,0.299458,752406,668546,1091607
VV,3,-17.65,0.529481,0.410657,0.462560,0.300864,757257,672929,1086756
VV,3,-17.60,0.529484,0.413400,0.464296,0.302334,762315,677418,1081698
VV,3,-17.55,0.529318,0.416055,0.465902,0.303698,767211,682221,1076802
VV,3,-17.50,0.529129,0.418743,0.467508,0.305064,772167,687151,1071846
VV,3,-17.45,0.528918,0.421419,0.469088,0.306411,777102,692129,1066911
VV,3,-17.40,0.528728,0.424139,0.470693,0.307782,782117,697125,1061896
VV,3,-17.35,0.528405,0.426800,0.472199,0.309071,787025,702410,1056988
VV,3,-17.30,0.528217,0.429667,0.473873,0.310507,792312,707663,1051701
VV,3,-17.25,0.527890,0.432356,0.475371,0.311794,797271,713028,1046742
VV,3,-17.20,0.527537,0.435058,0.476855,0.313072,802252,718499,1041761
VV,3,-17.15,0.527156,0.437796,0.478339,0.314353,807302,724126,1036711
VV,3,-17.10,0.526738,0.440489,0.479768,0.315589,812268,729803,1031745
VV,3,-17.05,0.526199,0.443196,0.481144,0.316780,817259,735879,1026754
VV,3,-17.00,0.525677,0.445914,0.482521,0.317976,822271,741942,1021742
VV,3,-16.95,0.525100,0.448575,0.483830,0.319114,827178,748099,1016835
VV,3,-16.90,0.524411,0.451220,0.485070,0.320193,832055,754592,1011958
VV,3,-16.85,0.523838,0.454004,0.486427,0.321377,837190,760996,1006823
VV,3,-16.80,0.523092,0.456736,0.487668,0.322461,842228,767866,1001785
VV,3,-16.75,0.522396,0.459490,0.488928,0.323563,847305,774654,996708
VV,3,-16.70,0.521601,0.462175,0.490093,0.324585,852256,781668,991757
VV,3,-16.65,0.520855,0.464942,0.491313,0.325656,857359,788701,986654
VV,3,-16.60,0.519998,0.467618,0.492419,0.326628,862293,795970,981720
VV,3,-16.55,0.519103,0.470268,0.493480,0.327563,867181,803358,976832
VV,3,-16.50,0.518236,0.473015,0.494594,0.328545,872245,810859,971768
VV,3,-16.45,0.517300,0.475712,0.495635,0.329465,877219,818546,966794
VV,3,-16.40,0.516210,0.478479,0.496629,0.330344,882322,826908,961691
VV,3,-16.35,0.515165,0.481285,0.497649,0.331247,887496,835246,956517
VV,3,-16.30,0.514129,0.483992,0.498605,0.332095,892487,843433,951526
VV,3,-16.25,0.512945,0.486743,0.499501,0.332890,897560,852257,946453
VV,3,-16.20,0.511791,0.489603,0.500451,0.333735,902835,861236,941178
VV,3,-16.15,0.510452,0.492350,0.501237,0.334434,907899,870720,936114
VV,3,-16.10,0.509137,0.495127,0.502035,0.335144,913021,880249,930992
VV,3,-16.05,0.507842,0.497974,0.502859,0.335880,918270,889912,925743
VV,3,-16.00,0.506519,0.500848,0.503668,0.336601,923571,899799,920442
VV,3,-15.95,0.505127,0.503665,0.504395,0.337251,928764,909911,915249
VV,3,-15.90,0.503648,0.506530,0.505085,0.337869,934048,920518,909965
VV,3,-15.85,0.502103,0.509305,0.505678,0.338400,939165,931298,904848
VV,3,-15.80,0.500540,0.512123,0.506265,0.338926,944361,942324,899652
VV,3,-15.75,0.498888,0.515010,0.506821,0.339424,949685,953918,894328
VV,3,-15.70,0.497258,0.517938,0.507388,0.339933,955085,965617,888928
VV,3,-15.65,0.495513,0.520831,0.507857,0.340354,960420,977815,883593
VV,3,-15.60,0.493610,0.523565,0.508146,0.340614,965461,990458,878552
VV,3,-15.55,0.491800,0.526427,0.508525,0.340954,970739,1003109,873274
VV,3,-15.50,0.489978,0.529282,0.508872,0.341266,976003,1015931,868010
VV,3,-15.45,0.487996,0.532168,0.509126,0.341495,981325,1029605,862688
VV,3,-15.40,0.485988,0.535083,0.509355,0.341701,986700,1043597,857313
VV,3,-15.35,0.483919,0.537875,0.509472,0.341807,991848,1057767,852165
VV,3,-15.30,0.481696,0.540715,0.509502,0.341833,997086,1072864,846927
VV,3,-15.25,0.479597,0.543578,0.509587,0.341910,1002365,1087651,841648
VV,3,-15.20,0.477338,0.546473,0.509571,0.341896,1007703,1103387,836310
VV,3,-15.15,0.475083,0.549470,0.509576,0.341900,1013229,1119510,830784
VV,3,-15.10,0.472744,0.552332,0.509448,0.341785,1018507,1135949,825506
VV,3,-15.05,0.470381,0.555247,0.509303,0.341654,1023882,1152824,820131
VV,3,-15.00,0.467945,0.558097,0.509061,0.341436,1029139,1170133,814874
VV,3,-14.95,0.465442,0.560932,0.508745,0.341152,1034366,1187963,809647
VV,3,-14.90,0.462877,0.563808,0.508382,0.340825,1039669,1206431,804344
VV,3,-14.85,0.460344,0.566715,0.508021,0.340501,1045029,1225077,798984
VV,3,-14.80,0.457608,0.569498,0.507459,0.339996,1050162,1244732,793851
VV,3,-14.75,0.454869,0.572391,0.506907,0.339501,1055496,1264946,788517
VV,3,-14.70,0.452053,0.575281,0.506277,0.338936,1060826,1285858,783187
VV,3,-14.65,0.449164,0.578102,0.505541,0.338277,1066028,1307331,777985
VV,3,-14.60,0.446255,0.580957,0.504774,0.337591,1071293,1329336,772720
VV,3,-14.55,0.443235,0.583845,0.503915,0.336822,1076618,1352385,767395
VV,3,-14.50,0.440240,0.586748,0.503043,0.336044,1081971,1375716,762042
VV,3,-14.45,0.437142,0.589669,0.502077,0.335182,1087358,1400067,756655
VV,3,-14.40,0.434041,0.592640,0.501090,0.334303,1092836,1424984,751177
VV,3,-14.35,0.430926,0.595526,0.500028,0.333359,1098157,1450209,745856
VV,3,-14.30,0.427742,0.598406,0.498882,0.332340,1103468,1476284,740545
VV,3,-14.25,0.424508,0.601329,0.497679,0.331274,1108859,1503245,735154
VV,3,-14.20,0.421296,0.604321,0.496478,0.330210,1114375,1530734,729638
VV,3,-14.15,0.418009,0.607264,0.495169,0.329053,1119802,1559092,724211
VV,3,-14.10,0.414562,0.610245,0.493721,0.327775,1125300,1589130,718713
VV,3,-14.05,0.411154,0.613236,0.492263,0.326491,1130816,1619528,713197
VV,3,-14.00,0.407691,0.616212,0.490719,0.325134,1136303,1650863,707710
VV,3,-13.95,0.404149,0.619236,0.489090,0.323705,1141880,1683515,702133
VV,3,-13.90,0.400646,0.622289,0.487455,0.322275,1147509,1716641,696504
VV,3,-13.85,0.397010,0.625262,0.485654,0.320702,1152992,1751198,691021
VV,3,-13.80,0.393323,0.628167,0.483749,0.319043,1158348,1786681,685665
VV,3,-13.75,0.389673,0.631119,0.481841,0.317385,1163791,1822793,680222
VV,3,-13.70,0.385983,0.634110,0.479870,0.315677,1169308,1860117,674705
VV,3,-13.65,0.382299,0.637103,0.477856,0.313936,1174827,1898233,669186
VV,3,-13.60,0.378576,0.640133,0.475777,0.312144,1180414,1937623,663599
VV,3,-13.55,0.374827,0.643144,0.473624,0.310293,1185966,1978070,658047
VV,3,-13.50,0.371001,0.646102,0.471348,0.308342,1191420,2019944,652593
VV,3,-13.45,0.367239,0.649122,0.469091,0.306413,1196990,2062444,647023
VV,3,-13.40,0.363368,0.652204,0.466712,0.304386,1202672,2107123,641341
VV,3,-13.35,0.359504,0.655190,0.464265,0.302308,1208178,2152500,635835
VV,3,-13.30,0.355648,0.658231,0.461788,0.300211,1213786,2199096,630227
VV,3,-13.25,0.351752,0.661291,0.459231,0.298053,1219430,2247301,624583
VV,3,-13.20,0.347831,0.664249,0.456578,0.295821,1224884,2296606,619129
VV,3,-13.15,0.343972,0.667368,0.453964,0.293631,1230635,2347081,613378
VV,3,-13.10,0.340054,0.670455,0.451240,0.291356,1236327,2399348,607686
VV,3,-13.05,0.336127,0.673534,0.448453,0.289036,1242006,2453047,602007
VV,3,-13.00,0.332281,0.676707,0.445708,0.286760,1247856,2507563,596157
VV,3,-12.95,0.328418,0.679776,0.442873,0.284417,1253516,2563311,590497
VV,3,-12.90,0.324534,0.682843,0.439966,0.282024,1259171,2620760,584842
VV,3,-12.85,0.320636,0.685906,0.436994,0.279585,1264820,2679899,579193
VV,3,-12.80,0.316742,0.688985,0.433976,0.277119,1270497,2740645,573516
VV,3,-12.75,0.312873,0.692028,0.430922,0.274634,1276108,2802568,567905
VV,3,-12.70,0.309036,0.695191,0.427869,0.272159,1281942,2866261,562071
VV,3,-12.65,0.305238,0.698334,0.424798,0.269679,1287737,2931066,556276
VV,3,-12.60,0.301453,0.701453,0.421685,0.267174,1293488,2997353,550525
VV,3,-12.55,0.297664,0.704560,0.418514,0.264633,1299217,3065487,544796
VV,3,-12.50,0.293846,0.707629,0.415255,0.262033,1304877,3135806,539136
VV,3,-12.45,0.290093,0.710825,0.412033,0.259472,1310770,3207671,533243
VV,3,-12.40,0.286348,0.713824,0.408734,0.256861,1316301,3280550,527712
VV,3,-12.35,0.282626,0.716726,0.405394,0.254228,1321652,3354676,522361
VV,3,-12.30,0.278984,0.719875,0.402126,0.251663,1327458,3430725,516555
VV,3,-12.25,0.275309,0.722909,0.398757,0.249030,1333053,3508976,510960
VV,3,-12.20,0.271728,0.726050,0.395455,0.246460,1338846,3588302,505167
VV,3,-12.15,0.268116,0.729105,0.392059,0.243826,1344479,3670071,499534
VV,3,-12.10,0.264559,0.732208,0.388681,0.241219,1350201,3753390,493812
VV,3,-12.05,0.261048,0.735360,0.385313,0.238630,1356014,3838486,487999
VV,3,-12.00,0.257558,0.738451,0.381912,0.236027,1361714,3925303,482299
VV,3,-11.95,0.254115,0.741524,0.378515,0.233437,1367379,4013572,476634
VV,3,-11.90,0.250701,0.744615,0.375109,0.230852,1373080,4103875,470933
VV,3,-11.85,0.247336,0.747704,0.371712,0.228284,1378776,4195720,465237
VV,3,-11.80,0.244011,0.750829,0.368322,0.225732,1384539,4289538,459474
VV,3,-11.75,0.240756,0.753981,0.364972,0.223220,1390350,4384588,453663
VV,3,-11.70,0.237518,0.757041,0.361589,0.220695,1395994,4481423,448019
VV,3,-11.65,0.234315,0.760070,0.358203,0.218177,1401579,4580023,442434
VV,3,-11.60,0.231145,0.763195,0.354826,0.215677,1407342,4681227,436671
VV,3,-11.55,0.228034,0.766270,0.351474,0.213205,1413011,4783473,431002
VV,3,-11.50,0.224947,0.769324,0.348109,0.210733,1418644,4887922,425369
VV,3,-11.45,0.221906,0.772485,0.344772,0.208293,1424472,4994773,419541
VV,3,-11.40,0.218905,0.775502,0.341432,0.205859,1430035,5102653,413978
VV,3,-11.35,0.215947,0.778613,0.338118,0.203455,1435772,5212953,408241
VV,3,-11.30,0.213038,0.781647,0.334820,0.201071,1441368,5324424,402645
VV,3,-11.25,0.210176,0.784718,0.331550,0.198718,1447030,5437828,396983
VV,3,-11.20,0.207369,0.787801,0.328317,0.196399,1452716,5552734,391297
VV,3,-11.15,0.204630,0.790844,0.325133,0.194124,1458326,5668313,385687
VV,3,-11.10,0.201961,0.793982,0.322014,0.191905,1464114,5785357,379899
VV,3,-11.05,0.199311,0.797083,0.318885,0.189687,1469832,5904719,374181
VV,3,-11.00,0.196701,0.800219,0.315780,0.187494,1475615,6026206,368398
VV,3,-10.95,0.194099,0.803195,0.312644,0.185286,1481102,6149567,362911
VV,3,-10.90,0.191528,0.806137,0.309518,0.183095,1486528,6274897,357485
VV,3,-10.85,0.188994,0.809004,0.306408,0.180922,1491814,6401617,352199
VV,3,-10.80,0.186573,0.812060,0.303431,0.178850,1497449,6528642,346564
VV,3,-10.75,0.184179,0.815021,0.300460,0.176789,1502909,6657133,341104
VV,3,-10.70,0.181792,0.817996,0.297474,0.174725,1508395,6788951,335618
VV,3,-10.65,0.179457,0.820956,0.294532,0.172698,1513853,6921869,330160
VV,3,-10.60,0.177158,0.823789,0.291605,0.170689,1519078,7055652,324935
VV,3,-10.55,0.174916,0.826728,0.288741,0.168730,1524497,7191118,319516
VV,3,-10.50,0.172723,0.829651,0.285921,0.166807,1529887,7327565,314126
VV,3,-10.45,0.170571,0.832503,0.283131,0.164912,1535146,7464891,308867
VV,3,-10.40,0.168473,0.835386,0.280398,0.163060,1540462,7603207,303551
VV,3,-10.35,0.166420,0.838267,0.277707,0.161243,1545776,7742624,298237
VV,3,-10.30,0.164406,0.841190,0.275054,0.159456,1551166,7883819,292847
VV,3,-10.25,0.162439,0.844131,0.272450,0.157709,1556589,8026012,287424
VV,3,-10.20,0.160481,0.846938,0.269832,0.155957,1561764,8170034,282249
VV,3,-10.15,0.158550,0.849694,0.267236,0.154225,1566847,8315478,277166
VV,3,-10.10,0.156664,0.852399,0.264682,0.152526,1571835,8461314,272178
VV,3,-10.05,0.154842,0.855173,0.262208,0.150885,1576951,8607303,267062
VV,3,-10.00,0.153068,0.858008,0.259790,0.149286,1582178,8754268,261835
VV,3,-9.95,0.151305,0.860765,0.257369,0.147690,1587262,8903244,256751
VV,3,-9.90,0.149589,0.863569,0.255005,0.146135,1592433,9052970,251580
VV,3,-9.85,0.147899,0.866203,0.252658,0.144596,1597289,9202557,246724
VV,3,-9.80,0.146258,0.868843,0.250370,0.143099,1602158,9352174,241855
VV,3,-9.75,0.144662,0.871591,0.248139,0.141643,1607225,9502999,236788
VV,3,-9.70,0.143079,0.874216,0.245911,0.140193,1612066,9654913,231947
VV,3,-9.65,0.141520,0.876792,0.243705,0.138761,1616816,9807815,227197
VV,3,-9.60,0.140017,0.879370,0.241571,0.137379,1621569,9959623,222444
VV,3,-9.55,0.138540,0.881991,0.239466,0.136019,1626403,10113151,217610
VV,3,-9.50,0.137096,0.884534,0.237398,0.134686,1631092,10266322,212921
VV,3,-9.45,0.135700,0.887107,0.235392,0.133396,1635836,10418981,208177
VV,3,-9.40,0.134334,0.889650,0.233422,0.132132,1640527,10571780,203486
VV,3,-9.35,0.132986,0.892142,0.231468,0.130882,1645122,10725533,198891
VV,3,-9.30,0.131674,0.894628,0.229560,0.129663,1649706,10879053,194307
VV,3,-9.25,0.130378,0.896993,0.227666,0.128455,1654067,11032592,189946
VV,3,-9.20,0.129109,0.899410,0.225804,0.127271,1658524,11187425,185489
VV,3,-9.15,0.127883,0.901749,0.223999,0.126126,1662837,11339957,181176
VV,3,-9.10,0.126681,0.904133,0.222226,0.125002,1667233,11493594,176780
VV,3,-9.05,0.125497,0.906394,0.220468,0.123891,1671402,11646877,172611
VV,3,-9.00,0.124345,0.908619,0.218754,0.122809,1675505,11799130,168508
VV,3,-8.95,0.123216,0.910763,0.217066,0.121746,1679458,11950717,164555
VV,3,-8.90,0.122117,0.912933,0.215418,0.120711,1683461,12102235,160552
VV,3,-8.85,0.121053,0.915169,0.213823,0.119710,1687583,12253294,156430
VV,3,-8.80,0.120020,0.917343,0.212268,0.118736,1691593,12402664,152420
VV,3,-8.75,0.118987,0.919385,0.210704,0.117758,1695358,12552955,148655
VV,3,-8.70,0.118003,0.921501,0.209215,0.116829,1699260,12700893,144753
VV,3,-8.65,0.117046,0.923577,0.207763,0.115924,1703088,12847464,140925
VV,3,-8.60,0.116111,0.925639,0.206340,0.115038,1706890,12993570,137123
VV,3,-8.55,0.115186,0.927600,0.204926,0.114160,1710506,13139404,133507
VV,3,-8.50,0.114282,0.929516,0.203540,0.113300,1714040,13284277,129973
VV,3,-8.45,0.113406,0.931425,0.202194,0.112467,1717559,13427670,126454
VV,3,-8.40,0.112556,0.933298,0.200886,0.111658,1721014,13569229,122999
VV,3,-8.35,0.111723,0.935134,0.199600,0.110864,1724400,13710138,119613
VV,3,-8.30,0.110915,0.936945,0.198349,0.110093,1727738,13849445,116275
VV,3,-8.25,0.110123,0.938714,0.197121,0.109337,1731000,13987827,113013
VV,3,-8.20,0.109355,0.940449,0.195928,0.108603,1734201,14124219,109812
VV,3,-8.15,0.108604,0.942083,0.194756,0.107883,1737214,14258685,106799
VV,3,-8.10,0.107864,0.943680,0.193599,0.107174,1740159,14392812,103854
VV,3,-8.05,0.107153,0.945328,0.192487,0.106493,1743197,14525172,100816
VV,3,-8.00,0.106459,0.946908,0.191399,0.105827,1746111,14655601,97902
VV,3,-7.95,0.105789,0.948473,0.190347,0.105184,1748997,14783898,95016
VV,3,-7.90,0.105136,0.949987,0.189320,0.104557,1751789,14910345,92224
VV,3,-7.85,0.104507,0.951502,0.188329,0.103953,1754582,15034524,89431
VV,3,-7.80,0.103892,0.952937,0.187357,0.103361,1757228,15156802,86785
VV,3,-7.75,0.103288,0.954375,0.186403,0.102781,1759879,15278606,84134
VV,3,-7.70,0.102712,0.955820,0.185491,0.102227,1762544,15397532,81469
VV,3,-7.65,0.102148,0.957192,0.184597,0.101683,1765074,15514501,78939
VV,3,-7.60,0.101596,0.958512,0.183718,0.101151,1767508,15629966,76505
VV,3,-7.55,0.101054,0.959764,0.182855,0.100628,1769818,15743741,74195
VV,3,-7.50,0.100538,0.961041,0.182034,0.100130,1772173,15854656,71840
VV,3,-7.45,0.100030,0.962249,0.181221,0.099639,1774400,15964295,69613
VV,3,-7.40,0.099543,0.963435,0.180442,0.099168,1776587,16070929,67426
VV,3,-7.35,0.099071,0.964602,0.179687,0.098712,1778738,16175445,65275
VV,3,-7.30,0.098614,0.965755,0.178955,0.098271,1780865,16278037,63148
VV,3,-7.25,0.098167,0.966875,0.178238,0.097838,1782930,16379255,61083
VV,3,-7.20,0.097733,0.967995,0.177541,0.097418,1784995,16478970,59018
VV,3,-7.15,0.097311,0.969008,0.176861,0.097009,1786863,16575482,57150
VV,3,-7.10,0.096904,0.970007,0.176204,0.096614,1788705,16669905,55308
VV,3,-7.05,0.096517,0.971036,0.175581,0.096240,1790603,16761682,53410
VV,3,-7.00,0.096136,0.972008,0.174968,0.095871,1792396,16851915,51617
VV,3,-6.95,0.095773,0.972907,0.174380,0.095518,1794053,16938347,49960
VV,3,-6.90,0.095419,0.973825,0.173808,0.095175,1795746,17023746,48267
VV,3,-6.85,0.095073,0.974679,0.173248,0.094839,1797320,17107218,46693
VV,3,-6.80,0.094742,0.975528,0.172711,0.094518,1798887,17188255,45126
VV,3,-6.75,0.094420,0.976371,0.172189,0.094205,1800441,17267967,43572
VV,3,-6.70,0.094113,0.977232,0.171691,0.093907,1802029,17345500,41984
VV,3,-6.65,0.093812,0.978005,0.171203,0.093615,1803454,17420579,40559
VV,3,-6.60,0.093521,0.978732,0.170729,0.093332,1804795,17493431,39218
VV,3,-6.55,0.093234,0.979432,0.170260,0.093052,1806086,17565465,37927
VV,3,-6.50,0.092960,0.980107,0.169813,0.092785,1807330,17634718,36683
VV,3,-6.45,0.092699,0.980777,0.169388,0.092531,1808565,17701511,35448
VV,3,-6.40,0.092448,0.981449,0.168979,0.092287,1809805,17766678,34208
VV,3,-6.35,0.092205,0.982084,0.168582,0.092050,1810976,17829879,33037
VV,3,-6.30,0.091970,0.982700,0.168198,0.091821,1812111,17891265,31902
VV,3,-6.25,0.091743,0.983292,0.167828,0.091601,1813203,17950665,30810
VV,3,-6.20,0.091523,0.983876,0.167467,0.091386,1814281,18009001,29732
VV,3,-6.15,0.091306,0.984391,0.167112,0.091174,1815229,18065488,28784
VV,3,-6.10,0.091100,0.984925,0.166774,0.090973,1816214,18120327,27799
VV,3,-6.05,0.090902,0.985404,0.166449,0.090780,1817098,18172560,26915
VV,3,-6.00,0.090715,0.985946,0.166144,0.090598,1818098,18223709,25915
VV,3,-5.95,0.090532,0.986420,0.165843,0.090419,1818972,18273069,25041
VV,3,-5.90,0.090355,0.986872,0.165553,0.090247,1819805,18320799,24208
VV,3,-5.85,0.090186,0.987333,0.165276,0.090082,1820654,18367070,23359
VV,3,-5.80,0.090026,0.987798,0.165012,0.089926,1821512,18411746,22501
VV,3,-5.75,0.089870,0.988218,0.164756,0.089773,1822287,18454707,21726
VV,3,-5.70,0.089717,0.988624,0.164505,0.089624,1823035,18496817,20978
VV,3,-5.65,0.089572,0.989024,0.164266,0.089483,1823774,18537315,20239
VV,3,-5.60,0.089432,0.989403,0.164037,0.089346,1824472,18576219,19541
VV,3,-5.55,0.089297,0.989746,0.163814,0.089214,1825104,18613504,18909
VV,3,-5.50,0.089167,0.990112,0.163601,0.089088,1825780,18650106,18233
VV,3,-5.45,0.089037,0.990407,0.163386,0.088960,1826324,18685647,17689
VV,3,-5.40,0.088913,0.990720,0.163181,0.088839,1826901,18720166,17112
VV,3,-5.35,0.088798,0.991036,0.162992,0.088727,1827483,18752771,16530
VV,3,-5.30,0.088683,0.991322,0.162803,0.088615,1828010,18784750,16003
VV,3,-5.25,0.088579,0.991641,0.162631,0.088513,1828598,18815077,15415
VV,3,-5.20,0.088475,0.991923,0.162459,0.088411,1829119,18844837,14894
VV,3,-5.15,0.088372,0.992156,0.162288,0.088310,1829549,18873347,14464
VV,3,-5.10,0.088276,0.992421,0.162130,0.088216,1830038,18900922,13975
VV,3,-5.05,0.088185,0.992698,0.161981,0.088128,1830548,18927403,13465
VV,3,-5.00,0.088094,0.992916,0.161830,0.088038,1830950,18953141,13063
VV,3,-4.95,0.088006,0.993126,0.161684,0.087952,1831338,18977928,12675
VV,3,-4.90,0.087922,0.993342,0.161545,0.087870,1831736,19001982,12277
VV,3,-4.85,0.087839,0.993548,0.161408,0.087789,1832116,19025513,11897
VV,3,-4.80,0.087763,0.993753,0.161283,0.087715,1832493,19047463,11520
VV,3,-4.75,0.087689,0.993949,0.161159,0.087642,1832854,19069004,11159
VV,3,-4.70,0.087616,0.994142,0.161039,0.087570,1833210,19090122,10803
VV,3,-4.65,0.087546,0.994319,0.160924,0.087503,1833538,19110071,10475
VV,3,-4.60,0.087479,0.994484,0.160812,0.087437,1833841,19129386,10172
VV,3,-4.55,0.087412,0.994638,0.160700,0.087370,1834125,19148522,9888
VV,3,-4.50,0.087349,0.994793,0.160596,0.087309,1834412,19166608,9601
VV,3,-4.45,0.087288,0.994937,0.160495,0.087249,1834676,19184033,9337
VV,3,-4.40,0.087230,0.995086,0.160399,0.087192,1834952,19200898,9061
VV,3,-4.35,0.087173,0.995235,0.160304,0.087136,1835227,19217582,8786
VV,3,-4.30,0.087116,0.995366,0.160210,0.087081,1835468,19233747,8545
VV,3,-4.25,0.087065,0.995516,0.160125,0.087031,1835745,19249095,8268
VV,3,-4.20,0.087011,0.995627,0.160036,0.086978,1835949,19264204,8064
VV,3,-4.15,0.086961,0.995746,0.159953,0.086929,1836168,19278645,7845
VV,3,-4.10,0.086912,0.995849,0.159871,0.086880,1836358,19292696,7655
VV,3,-4.05,0.086865,0.995971,0.159793,0.086834,1836583,19306481,7430
VV,3,-4.00,0.086819,0.996081,0.159717,0.086789,1836786,19319694,7227
VV,3,-3.95,0.086775,0.996185,0.159643,0.086746,1836979,19332526,7034
VV,3,-3.90,0.086732,0.996292,0.159573,0.086704,1837175,19344991,6838
VV,3,-3.85,0.086691,0.996370,0.159503,0.086663,1837320,19356686,6693
VV,3,-3.80,0.086649,0.996458,0.159434,0.086622,1837481,19368608,6532
VV,3,-3.75,0.086610,0.996547,0.159368,0.086584,1837645,19379935,6368
VV,3,-3.70,0.086571,0.996624,0.159305,0.086546,1837788,19390838,6225
VV,3,-3.65,0.086535,0.996712,0.159244,0.086510,1837950,19401458,6063
VV,3,-3.60,0.086498,0.996791,0.159183,0.086474,1838096,19411970,5917
VV,3,-3.55,0.086463,0.996867,0.159125,0.086440,1838235,19422082,5778
VV,3,-3.50,0.086429,0.996941,0.159068,0.086406,1838372,19431958,5641
VV,3,-3.45,0.086396,0.997010,0.159012,0.086373,1838500,19441523,5513
VV,3,-3.40,0.086362,0.997066,0.158956,0.086340,1838603,19450829,5410
VV,3,-3.35,0.086330,0.997126,0.158902,0.086308,1838713,19459978,5300
VV,3,-3.30,0.086298,0.997185,0.158849,0.086277,1838823,19468982,5190
VV,3,-3.25,0.086268,0.997249,0.158800,0.086248,1838941,19477561,5072
VV,3,-3.20,0.086239,0.997300,0.158750,0.086219,1839035,19485916,4978
VV,3,-3.15,0.086210,0.997354,0.158702,0.086190,1839133,19494015,4880
VV,3,-3.10,0.086184,0.997409,0.158659,0.086165,1839236,19501576,4777
VV,3,-3.05,0.086157,0.997466,0.158614,0.086138,1839341,19509345,4672
VV,3,-3.00,0.086132,0.997521,0.158571,0.086113,1839441,19516746,4572
VV,3,-2.95,0.086108,0.997586,0.158532,0.086090,1839562,19523860,4451
VV,3,-2.90,0.086083,0.997642,0.158491,0.086066,1839665,19531043,4348
VV,3,-2.85,0.086060,0.997693,0.158451,0.086043,1839759,19537960,4254
VV,3,-2.80,0.086038,0.997762,0.158416,0.086022,1839887,19544655,4126
VV,3,-2.75,0.086015,0.997811,0.158378,0.085999,1839977,19551324,4036
VV,3,-2.70,0.085993,0.997853,0.158340,0.085977,1840054,19557683,3959
VV,3,-2.65,0.085971,0.997897,0.158304,0.085956,1840135,19563917,3878
VV,3,-2.60,0.085949,0.997928,0.158268,0.085934,1840192,19569976,3821
VV,3,-2.55,0.085930,0.997980,0.158236,0.085915,1840289,19575762,3724
VV,3,-2.50,0.085912,0.998037,0.158205,0.085897,1840393,19581485,3620
VV,3,-2.45,0.085893,0.998082,0.158173,0.085879,1840477,19587160,3536
VV,3,-2.40,0.085872,0.998116,0.158139,0.085858,1840538,19592907,3475
VV,3,-2.35,0.085853,0.998153,0.158108,0.085840,1840608,19598358,3405
VV,3,-2.30,0.085835,0.998185,0.158076,0.085821,1840666,19603645,3347
VV,3,-2.25,0.085818,0.998216,0.158048,0.085805,1840724,19608502,3289
VV,3,-2.20,0.085800,0.998252,0.158019,0.085788,1840789,19613511,3224
VV,3,-2.15,0.085784,0.998293,0.157992,0.085772,1840865,19618338,3148
VV,3,-2.10,0.085767,0.998324,0.157963,0.085755,1840922,19623278,3091
VV,3,-2.05,0.085750,0.998351,0.157935,0.085738,1840973,19628020,3040
VV,3,-2.00,0.085734,0.998383,0.157909,0.085722,1841031,19632646,2982
VV,3,-1.95,0.085718,0.998413,0.157882,0.085707,1841086,19637200,2927
VV,3,-1.90,0.085704,0.998454,0.157859,0.085693,1841163,19641552,2850
VV,3,-1.85,0.085689,0.998477,0.157834,0.085678,1841204,19645748,2809
VV,3,-1.80,0.085674,0.998501,0.157808,0.085663,1841248,19650027,2765
VV,3,-1.75,0.085660,0.998529,0.157784,0.085649,1841301,19654218,2712
VV,3,-1.70,0.085645,0.998556,0.157759,0.085634,1841350,19658462,2663
VV,3,-1.65,0.085632,0.998588,0.157738,0.085622,1841409,19662342,2604
VV,3,-1.60,0.085618,0.998611,0.157714,0.085608,1841452,19666269,2561
VV,3,-1.55,0.085605,0.998640,0.157693,0.085595,1841506,19670068,2507
VV,3,-1.50,0.085592,0.998669,0.157670,0.085582,1841558,19674014,2455
VV,3,-1.45,0.085580,0.998697,0.157651,0.085571,1841611,19677474,2402
VV,3,-1.40,0.085568,0.998720,0.157631,0.085559,1841652,19681025,2361
VV,3,-1.35,0.085556,0.998741,0.157610,0.085547,1841691,19684501,2322
VV,3,-1.30,0.085545,0.998773,0.157592,0.085536,1841750,19687948,2263
VV,3,-1.25,0.085533,0.998802,0.157573,0.085525,1841803,19691347,2210
VV,3,-1.20,0.085522,0.998823,0.157554,0.085514,1841843,19694598,2170
VV,3,-1.15,0.085511,0.998842,0.157535,0.085502,1841878,19697828,2135
VV,3,-1.10,0.085500,0.998866,0.157518,0.085492,1841921,19700910,2092
VV,3,-1.05,0.085490,0.998886,0.157500,0.085482,1841958,19703926,2055
VV,3,-1.00,0.085480,0.998905,0.157483,0.085472,1841993,19706933,2020
VV,3,-0.95,0.085470,0.998920,0.157467,0.085462,1842022,19709683,1991
VV,3,-0.90,0.085461,0.998944,0.157451,0.085453,1842065,19712510,1948
VV,3,-0.85,0.085452,0.998966,0.157436,0.085444,1842107,19715212,1906
VV,3,-0.80,0.085442,0.998980,0.157420,0.085435,1842132,19717887,1881
VV,3,-0.75,0.085433,0.999001,0.157405,0.085425,1842170,19720626,1843
VV,3,-0.70,0.085424,0.999017,0.157390,0.085417,1842201,19723182,1812
VV,3,-0.65,0.085415,0.999037,0.157376,0.085408,1842237,19725726,1776
VV,3,-0.60,0.085408,0.999062,0.157363,0.085401,1842283,19728126,1730
VV,3,-0.55,0.085399,0.999079,0.157349,0.085393,1842315,19730602,1698
VV,3,-0.50,0.085391,0.999092,0.157335,0.085384,1842339,19733003,1674
VV,3,-0.45,0.085383,0.999114,0.157322,0.085377,1842380,19735339,1633
VV,3,-0.40,0.085376,0.999136,0.157310,0.085370,1842419,19737604,1594
VV,3,-0.35,0.085368,0.999156,0.157297,0.085362,1842456,19740004,1557
VV,3,-0.30,0.085361,0.999171,0.157285,0.085355,1842485,19742147,1528
VV,3,-0.25,0.085354,0.999189,0.157273,0.085348,1842517,19744337,1496
VV,3,-0.20,0.085347,0.999207,0.157261,0.085341,1842551,19746502,1462
VV,3,-0.15,0.085339,0.999218,0.157248,0.085333,1842571,19748640,1442
VV,3,-0.10,0.085331,0.999227,0.157235,0.085326,1842587,19750719,1426
VV,3,-0.05,0.085325,0.999245,0.157224,0.085319,1842620,19752816,1393
VV,3,-0.00,0.085318,0.999260,0.157213,0.085313,1842648,19754753,1365
VV,3,0.05,0.085312,0.999283,0.157204,0.085307,1842690,19756666,1323
VV,3,0.10,0.085306,0.999298,0.157193,0.085301,1842719,19758580,1294
VV,3,0.15,0.085299,0.999306,0.157181,0.085294,1842734,19760525,1279
VV,3,0.20,0.085293,0.999326,0.157171,0.085288,1842770,19762418,1243
VV,3,0.25,0.085286,0.999337,0.157160,0.085282,1842790,19764269,1223
VV,3,0.30,0.085280,0.999349,0.157150,0.085275,1842813,19766149,1200
VV,3,0.35,0.085274,0.999364,0.157140,0.085270,1842840,19767916,1173
VV,3,0.40,0.085269,0.999389,0.157132,0.085265,1842886,19769682,1127
VV,3,0.45,0.085263,0.999402,0.157122,0.085259,1842910,19771475,1103
VV,3,0.50,0.085258,0.999414,0.157113,0.085253,1842932,19773072,1081
VV,3,0.55,0.085252,0.999425,0.157103,0.085248,1842952,19774694,1061
VV,3,0.60,0.085247,0.999436,0.157094,0.085243,1842973,19776330,1040
VV,3,0.65,0.085241,0.999449,0.157085,0.085237,1842997,19777935,1016
VV,3,0.70,0.085236,0.999456,0.157075,0.085232,1843010,19779541,1003
VV,3,0.75,0.085230,0.999467,0.157066,0.085226,1843031,19781142,982
VV,3,0.80,0.085225,0.999476,0.157058,0.085221,1843047,19782636,966
VV,3,0.85,0.085220,0.999488,0.157049,0.085216,1843069,19784226,944
VV,3,0.90,0.085215,0.999497,0.157040,0.085211,1843085,19785656,928
VV,3,0.95,0.085210,0.999507,0.157033,0.085206,1843104,19787018,909
VV,3,1.00,0.085206,0.999518,0.157025,0.085202,1843125,19788384,888
VV,3,1.05,0.085201,0.999534,0.157018,0.085198,1843154,19789790,859
VV,3,1.10,0.085196,0.999543,0.157010,0.085193,1843170,19791184,843
VV,3,1.15,0.085193,0.999553,0.157004,0.085189,1843189,19792389,824
VV,3,1.20,0.085189,0.999563,0.156997,0.085185,1843208,19793584,805
VV,3,1.25,0.085184,0.999571,0.156989,0.085181,1843222,19794900,791
VV,3,1.30,0.085180,0.999578,0.156982,0.085177,1843235,19796092,778
VV,3,1.35,0.085175,0.999584,0.156975,0.085172,1843246,19797395,767
VV,3,1.40,0.085171,0.999594,0.156968,0.085168,1843264,19798580,749
VV,3,1.45,0.085167,0.999602,0.156961,0.085164,1843280,19799773,733
VV,3,1.50,0.085163,0.999607,0.156954,0.085160,1843289,19800930,724
VV,3,1.55,0.085160,0.999618,0.156948,0.085157,1843308,19802021,705
VV,3,1.60,0.085156,0.999623,0.156942,0.085153,1843317,19803101,696
VV,3,1.65,0.085153,0.999634,0.156937,0.085150,1843339,19804115,674
VV,3,1.70,0.085150,0.999646,0.156932,0.085147,1843360,19805147,653
VV,3,1.75,0.085146,0.999653,0.156925,0.085143,1843374,19806272,639
VV,3,1.80,0.085142,0.999661,0.156919,0.085139,1843387,19807361,626
VV,3,1.85,0.085138,0.999670,0.156913,0.085136,1843404,19808449,609
VV,3,1.90,0.085135,0.999677,0.156907,0.085132,1843417,19809500,596
VV,3,1.95,0.085131,0.999681,0.156901,0.085129,1843424,19810555,589
VV,3,2.00,0.085128,0.999690,0.156896,0.085126,1843441,19811462,572
VV,3,2.05,0.085125,0.999693,0.156890,0.085123,1843447,19812380,566
VV,3,2.10,0.085122,0.999703,0.156885,0.085120,1843465,19813309,548
VV,3,2.15,0.085119,0.999708,0.156880,0.085117,1843475,19814227,538
VV,3,2.20,0.085116,0.999717,0.156876,0.085114,1843491,19815065,522
VV,3,2.25,0.085113,0.999723,0.156871,0.085111,1843503,19815983,510
VV,3,2.30,0.085110,0.999729,0.156866,0.085108,1843514,19816795,499
VV,3,2.35,0.085107,0.999736,0.156861,0.085105,1843526,19817675,487
VV,3,2.40,0.085105,0.999747,0.156857,0.085103,1843547,19818518,466
VV,3,2.45,0.085102,0.999753,0.156852,0.085100,1843558,19819337,455
VV,3,2.50,0.085099,0.999761,0.156848,0.085097,1843573,19820233,440
VV,3,2.55,0.085096,0.999767,0.156843,0.085094,1843584,19821133,429
VV,3,2.60,0.085094,0.999778,0.156839,0.085092,1843604,19821915,409
VV,3,2.65,0.085091,0.999785,0.156835,0.085090,1843617,19822720,396
VV,3,2.70,0.085088,0.999792,0.156830,0.085087,1843630,19823577,383
VV,3,2.75,0.085087,0.999806,0.156827,0.085085,1843655,19824302,358
VV,3,2.80,0.085085,0.999813,0.156823,0.085083,1843668,19824974,345
VV,3,2.85,0.085082,0.999818,0.156820,0.085081,1843677,19825673,336
VV,3,2.90,0.085080,0.999826,0.156816,0.085079,1843692,19826434,321
VV,3,2.95,0.085077,0.999830,0.156811,0.085076,1843699,19827141,314
VV,3,3.00,0.085075,0.999833,0.156808,0.085074,1843705,19827790,308
VV,3,3.05,0.085073,0.999841,0.156804,0.085072,1843720,19828532,293
VV,3,3.10,0.085070,0.999846,0.156800,0.085069,1843729,19829254,284
VV,3,3.15,0.085068,0.999850,0.156796,0.085067,1843736,19829899,277
VV,3,3.20,0.085066,0.999853,0.156792,0.085065,1843742,19830599,271
VV,3,3.25,0.085063,0.999858,0.156788,0.085062,1843751,19831268,262
VV,3,3.30,0.085061,0.999861,0.156784,0.085060,1843757,19831920,256
VV,3,3.35,0.085059,0.999866,0.156781,0.085058,1843766,19832504,247
VV,3,3.40,0.085057,0.999870,0.156778,0.085056,1843773,19833088,240
VV,3,3.45,0.085055,0.999871,0.156774,0.085054,1843776,19833647,237
VV,3,3.50,0.085053,0.999876,0.156771,0.085052,1843784,19834187,229
VV,3,3.55,0.085051,0.999877,0.156768,0.085050,1843786,19834740,227
VV,3,3.60,0.085050,0.999884,0.156765,0.085049,1843799,19835284,214
VV,3,3.65,0.085048,0.999888,0.156762,0.085047,1843807,19835798,206
VV,3,3.70,0.085046,0.999893,0.156759,0.085045,1843815,19836330,198
VV,3,3.75,0.085045,0.999900,0.156757,0.085044,1843828,19836860,185
VV,3,3.80,0.085043,0.999907,0.156755,0.085043,1843842,19837351,171
VV,3,3.85,0.085042,0.999912,0.156752,0.085041,1843850,19837858,163
VV,3,3.90,0.085040,0.999916,0.156749,0.085040,1843859,19838315,154
VV,3,3.95,0.085039,0.999921,0.156747,0.085038,1843867,19838802,146
VV,3,4.00,0.085037,0.999924,0.156744,0.085037,1843873,19839241,140
VV,3,4.05,0.085036,0.999930,0.156742,0.085035,1843884,19839687,129
VV,3,4.10,0.085034,0.999932,0.156739,0.085034,1843887,19840152,126
VV,3,4.15,0.085033,0.999939,0.156737,0.085033,1843900,19840618,113
VV,3,4.20,0.085031,0.999940,0.156734,0.085031,1843903,19841098,110
VV,3,4.25,0.085029,0.999941,0.156731,0.085029,1843905,19841577,108
VV,3,4.30,0.085028,0.999944,0.156729,0.085027,1843910,19842053,103
VV,3,4.35,0.085026,0.999946,0.156726,0.085026,1843913,19842458,100
VV,3,4.40,0.085025,0.999953,0.156725,0.085025,1843927,19842867,86
VV,3,4.45,0.085024,0.999962,0.156723,0.085024,1843943,19843259,70
VV,3,4.50,0.085023,0.999967,0.156721,0.085023,1843953,19843625,60
VV,3,4.55,0.085022,0.999971,0.156720,0.085022,1843959,19843971,54
VV,3,4.60,0.085021,0.999976,0.156718,0.085021,1843968,19844366,45
VV,3,4.65,0.085020,0.999983,0.156716,0.085020,1843982,19844745,31
VV,3,4.70,0.085019,0.999987,0.156714,0.085019,1843989,19845127,24
VV,3,4.75,0.085018,0.999989,0.156712,0.085018,1843992,19845532,21
VV,3,4.80,0.085016,0.999991,0.156710,0.085016,1843997,19845913,16
VV,3,4.85,0.085015,0.999993,0.156708,0.085015,1844000,19846254,13
VV,3,4.90,0.085014,0.999995,0.156706,0.085014,1844004,19846599,9
VV,3,4.95,0.085013,0.999999,0.156704,0.085013,1844012,19846922,1
VV,3,5.00,0.085012,1.000000,0.156702,0.085012,1844013,19847322,0
VV,5,-44.95,nan,0.000000,0.000000,0.000000,0,0,1844252
VV,5,-44.90,nan,0.000000,0.000000,0.000000,0,0,1844252
VV,5,-44.85,nan,0.000000,0.000000,0.000000,0,0,1844252
VV,5,-44.80,nan,0.000000,0.000000,0.000000,0,0,1844252
VV,5,-44.75,nan,0.000000,0.000000,0.000000,0,0,1844252
VV,5,-44.70,nan,0.000000,0.000000,0.000000,0,0,1844252
VV,5,-44.65,nan,0.000000,0.000000,0.000000,0,0,1844252
VV,5,-44.60,nan,0.000000,0.000000,0.000000,0,0,1844252
VV,5,-44.55,nan,0.000000,0.000000,0.000000,0,0,1844252
VV,5,-44.50,nan,0.000000,0.000000,0.000000,0,0,1844252
VV,5,-44.45,nan,0.000000,0.000000,0.000000,0,0,1844252
VV,5,-44.40,nan,0.000000,0.000000,0.000000,0,0,1844252
VV,5,-44.35,nan,0.000000,0.000000,0.000000,0,0,1844252
VV,5,-44.30,nan,0.000000,0.000000,0.000000,0,0,1844252
VV,5,-44.25,nan,0.000000,0.000000,0.000000,0,0,1844252
VV,5,-44.20,nan,0.000000,0.000000,0.000000,0,0,1844252
VV,5,-44.15,nan,0.000000,0.000000,0.000000,0,0,1844252
VV,5,-44.10,nan,0.000000,0.000000,0.000000,0,0,1844252
VV,5,-44.05,nan,0.000000,0.000000,0.000000,0,0,1844252
VV,5,-44.00,nan,0.000000,0.000000,0.000000,0,0,1844252
VV,5,-43.95,nan,0.000000,0.000000,0.000000,0,0,1844252
VV,5,-43.90,nan,0.000000,0.000000,0.000000,0,0,1844252
VV,5,-43.85,nan,0.000000,0.000000,0.000000,0,0,1844252
VV,5,-43.80,nan,0.000000,0.000000,0.000000,0,0,1844252
VV,5,-43.75,nan,0.000000,0.000000,0.000000,0,0,1844252
VV,5,-43.70,nan,0.000000,0.000000,0.000000,0,0,1844252
VV,5,-43.65,nan,0.000000,0.000000,0.000000,0,0,1844252
VV,5,-43.60,nan,0.000000,0.000000,0.000000,0,0,1844252
VV,5,-43.55,nan,0.000000,0.000000,0.000000,0,0,1844252
VV,5,-43.50,nan,0.000000,0.000000,0.000000,0,0,1844252
VV,5,-43.45,nan,0.000000,0.000000,0.000000,0,0,1844252
VV,5,-43.40,nan,0.000000,0.000000,0.000000,0,0,1844252
VV,5,-43.35,nan,0.000000,0.000000,0.000000,0,0,1844252
VV,5,-43.30,nan,0.000000,0.000000,0.000000,0,0,1844252
VV,5,-43.25,nan,0.000000,0.000000,0.000000,0,0,1844252
VV,5,-43.20,nan,0.000000,0.000000,0.000000,0,0,1844252
VV,5,-43.15,nan,0.000000,0.000000,0.000000,0,0,1844252
VV,5,-43.10,nan,0.000000,0.000000,0.000000,0,0,1844252
VV,5,-43.05,nan,0.000000,0.000000,0.000000,0,0,1844252
VV,5,-43.00,nan,0.000000,0.000000,0.000000,0,0,1844252
VV,5,-42.95,nan,0.000000,0.000000,0.000000,0,0,1844252
VV,5,-42.90,nan,0.000000,0.000000,0.000000,0,0,1844252
VV,5,-42.85,nan,0.000000,0.000000,0.000000,0,0,1844252
VV,5,-42.80,nan,0.000000,0.000000,0.000000,0,0,1844252
VV,5,-42.75,nan,0.000000,0.000000,0.000000,0,0,1844252
VV,5,-42.70,nan,0.000000,0.000000,0.000000,0,0,1844252
VV,5,-42.65,nan,0.000000,0.000000,0.000000,0,0,1844252
VV,5,-42.60,nan,0.000000,0.000000,0.000000,0,0,1844252
VV,5,-42.55,nan,0.000000,0.000000,0.000000,0,0,1844252
VV,5,-42.50,nan,0.000000,0.000000,0.000000,0,0,1844252
VV,5,-42.45,nan,0.000000,0.000000,0.000000,0,0,1844252
VV,5,-42.40,nan,0.000000,0.000000,0.000000,0,0,1844252
VV,5,-42.35,nan,0.000000,0.000000,0.000000,0,0,1844252
VV,5,-42.30,nan,0.000000,0.000000,0.000000,0,0,1844252
VV,5,-42.25,nan,0.000000,0.000000,0.000000,0,0,1844252
VV,5,-42.20,nan,0.000000,0.000000,0.000000,0,0,1844252
VV,5,-42.15,nan,0.000000,0.000000,0.000000,0,0,1844252
VV,5,-42.10,nan,0.000000,0.000000,0.000000,0,0,1844252
VV,5,-42.05,nan,0.000000,0.000000,0.000000,0,0,1844252
VV,5,-42.00,nan,0.000000,0.000000,0.000000,0,0,1844252
VV,5,-41.95,nan,0.000000,0.000000,0.000000,0,0,1844252
VV,5,-41.90,nan,0.000000,0.000000,0.000000,0,0,1844252
VV,5,-41.85,nan,0.000000,0.000000,0.000000,0,0,1844252
VV,5,-41.80,nan,0.000000,0.000000,0.000000,0,0,1844252
VV,5,-41.75,nan,0.000000,0.000000,0.000000,0,0,1844252
VV,5,-41.70,nan,0.000000,0.000000,0.000000,0,0,1844252
VV,5,-41.65,nan,0.000000,0.000000,0.000000,0,0,1844252
VV,5,-41.60,nan,0.000000,0.000000,0.000000,0,0,1844252
VV,5,-41.55,nan,0.000000,0.000000,0.000000,0,0,1844252
VV,5,-41.50,nan,0.000000,0.000000,0.000000,0,0,1844252
VV,5,-41.45,nan,0.000000,0.000000,0.000000,0,0,1844252
VV,5,-41.40,nan,0.000000,0.000000,0.000000,0,0,1844252
VV,5,-41.35,nan,0.000000,0.000000,0.000000,0,0,1844252
VV,5,-41.30,nan,0.000000,0.000000,0.000000,0,0,1844252
VV,5,-41.25,nan,0.000000,0.000000,0.000000,0,0,1844252
VV,5,-41.20,nan,0.000000,0.000000,0.000000,0,0,1844252
VV,5,-41.15,nan,0.000000,0.000000,0.000000,0,0,1844252
VV,5,-41.10,nan,0.000000,0.000000,0.000000,0,0,1844252
VV,5,-41.05,nan,0.000000,0.000000,0.000000,0,0,1844252
VV,5,-41.00,nan,0.000000,0.000000,0.000000,0,0,1844252
VV,5,-40.95,nan,0.000000,0.000000,0.000000,0,0,1844252
VV,5,-40.90,nan,0.000000,0.000000,0.000000,0,0,1844252
VV,5,-40.85,nan,0.000000,0.000000,0.000000,0,0,1844252
VV,5,-40.80,nan,0.000000,0.000000,0.000000,0,0,1844252
VV,5,-40.75,nan,0.000000,0.000000,0.000000,0,0,1844252
VV,5,-40.70,nan,0.000000,0.000000,0.000000,0,0,1844252
VV,5,-40.65,nan,0.000000,0.000000,0.000000,0,0,1844252
VV,5,-40.60,nan,0.000000,0.000000,0.000000,0,0,1844252
VV,5,-40.55,nan,0.000000,0.000000,0.000000,0,0,1844252
VV,5,-40.50,nan,0.000000,0.000000,0.000000,0,0,1844252
VV,5,-40.45,nan,0.000000,0.000000,0.000000,0,0,1844252
VV,5,-40.40,nan,0.000000,0.000000,0.000000,0,0,1844252
VV,5,-40.35,nan,0.000000,0.000000,0.000000,0,0,1844252
VV,5,-40.30,nan,0.000000,0.000000,0.000000,0,0,1844252
VV,5,-40.25,nan,0.000000,0.000000,0.000000,0,0,1844252
VV,5,-40.20,nan,0.000000,0.000000,0.000000,0,0,1844252
VV,5,-40.15,nan,0.000000,0.000000,0.000000,0,0,1844252
VV,5,-40.10,nan,0.000000,0.000000,0.000000,0,0,1844252
VV,5,-40.05,nan,0.000000,0.000000,0.000000,0,0,1844252
VV,5,-40.00,nan,0.000000,0.000000,0.000000,0,0,1844252
VV,5,-39.95,nan,0.000000,0.000000,0.000000,0,0,1844252
VV,5,-39.90,nan,0.000000,0.000000,0.000000,0,0,1844252
VV,5,-39.85,nan,0.000000,0.000000,0.000000,0,0,1844252
VV,5,-39.80,nan,0.000000,0.000000,0.000000,0,0,1844252
VV,5,-39.75,nan,0.000000,0.000000,0.000000,0,0,1844252
VV,5,-39.70,nan,0.000000,0.000000,0.000000,0,0,1844252
VV,5,-39.65,nan,0.000000,0.000000,0.000000,0,0,1844252
VV,5,-39.60,nan,0.000000,0.000000,0.000000,0,0,1844252
VV,5,-39.55,nan,0.000000,0.000000,0.000000,0,0,1844252
VV,5,-39.50,nan,0.000000,0.000000,0.000000,0,0,1844252
VV,5,-39.45,nan,0.000000,0.000000,0.000000,0,0,1844252
VV,5,-39.40,nan,0.000000,0.000000,0.000000,0,0,1844252
VV,5,-39.35,nan,0.000000,0.000000,0.000000,0,0,1844252
VV,5,-39.30,nan,0.000000,0.000000,0.000000,0,0,1844252
VV,5,-39.25,nan,0.000000,0.000000,0.000000,0,0,1844252
VV,5,-39.20,nan,0.000000,0.000000,0.000000,0,0,1844252
VV,5,-39.15,nan,0.000000,0.000000,0.000000,0,0,1844252
VV,5,-39.10,nan,0.000000,0.000000,0.000000,0,0,1844252
VV,5,-39.05,nan,0.000000,0.000000,0.000000,0,0,1844252
VV,5,-39.00,nan,0.000000,0.000000,0.000000,0,0,1844252
VV,5,-38.95,nan,0.000000,0.000000,0.000000,0,0,1844252
VV,5,-38.90,nan,0.000000,0.000000,0.000000,0,0,1844252
VV,5,-38.85,nan,0.000000,0.000000,0.000000,0,0,1844252
VV,5,-38.80,nan,0.000000,0.000000,0.000000,0,0,1844252
VV,5,-38.75,nan,0.000000,0.000000,0.000000,0,0,1844252
VV,5,-38.70,nan,0.000000,0.000000,0.000000,0,0,1844252
VV,5,-38.65,nan,0.000000,0.000000,0.000000,0,0,1844252
VV,5,-38.60,nan,0.000000,0.000000,0.000000,0,0,1844252
VV,5,-38.55,nan,0.000000,0.000000,0.000000,0,0,1844252
VV,5,-38.50,nan,0.000000,0.000000,0.000000,0,0,1844252
VV,5,-38.45,nan,0.000000,0.000000,0.000000,0,0,1844252
VV,5,-38.40,nan,0.000000,0.000000,0.000000,0,0,1844252
VV,5,-38.35,nan,0.000000,0.000000,0.000000,0,0,1844252
VV,5,-38.30,nan,0.000000,0.000000,0.000000,0,0,1844252
VV,5,-38.25,nan,0.000000,0.000000,0.000000,0,0,1844252
VV,5,-38.20,nan,0.000000,0.000000,0.000000,0,0,1844252
VV,5,-38.15,nan,0.000000,0.000000,0.000000,0,0,1844252
VV,5,-38.10,nan,0.000000,0.000000,0.000000,0,0,1844252
VV,5,-38.05,0.000000,0.000000,0.000000,0.000000,0,1,1844252
VV,5,-38.00,0.000000,0.000000,0.000000,0.000000,0,1,1844252
VV,5,-37.95,0.000000,0.000000,0.000000,0.000000,0,4,1844252
VV,5,-37.90,0.000000,0.000000,0.000000,0.000000,0,4,1844252
VV,5,-37.85,0.000000,0.000000,0.000000,0.000000,0,4,1844252
VV,5,-37.80,0.000000,0.000000,0.000000,0.000000,0,6,1844252
VV,5,-37.75,0.000000,0.000000,0.000000,0.000000,0,6,1844252
VV,5,-37.70,0.000000,0.000000,0.000000,0.000000,0,6,1844252
VV,5,-37.65,0.000000,0.000000,0.000000,0.000000,0,6,1844252
VV,5,-37.60,0.000000,0.000000,0.000000,0.000000,0,6,1844252
VV,5,-37.55,0.000000,0.000000,0.000000,0.000000,0,6,1844252
VV,5,-37.50,0.000000,0.000000,0.000000,0.000000,0,6,1844252
VV,5,-37.45,0.000000,0.000000,0.000000,0.000000,0,11,1844252
VV,5,-37.40,0.000000,0.000000,0.000000,0.000000,0,11,1844252
VV,5,-37.35,0.000000,0.000000,0.000000,0.000000,0,15,1844252
VV,5,-37.30,0.000000,0.000000,0.000000,0.000000,0,15,1844252
VV,5,-37.25,0.000000,0.000000,0.000000,0.000000,0,17,1844252
VV,5,-37.20,0.000000,0.000000,0.000000,0.000000,0,17,1844252
VV,5,-37.15,0.000000,0.000000,0.000000,0.000000,0,19,1844252
VV,5,-37.10,0.000000,0.000000,0.000000,0.000000,0,20,1844252
VV,5,-37.05,0.000000,0.000000,0.000000,0.000000,0,20,1844252
VV,5,-37.00,0.000000,0.000000,0.000000,0.000000,0,21,1844252
VV,5,-36.95,0.000000,0.000000,0.000000,0.000000,0,21,1844252
VV,5,-36.90,0.000000,0.000000,0.000000,0.000000,0,25,1844252
VV,5,-36.85,0.000000,0.000000,0.000000,0.000000,0,25,1844252
VV,5,-36.80,0.000000,0.000000,0.000000,0.000000,0,26,1844252
VV,5,-36.75,0.000000,0.000000,0.000000,0.000000,0,26,1844252
VV,5,-36.70,0.000000,0.000000,0.000000,0.000000,0,29,1844252
VV,5,-36.65,0.000000,0.000000,0.000000,0.000000,0,30,1844252
VV,5,-36.60,0.000000,0.000000,0.000000,0.000000,0,30,1844252
VV,5,-36.55,0.000000,0.000000,0.000000,0.000000,0,31,1844252
VV,5,-36.50,0.000000,0.000000,0.000000,0.000000,0,34,1844252
VV,5,-36.45,0.000000,0.000000,0.000000,0.000000,0,34,1844252
VV,5,-36.40,0.000000,0.000000,0.000000,0.000000,0,38,1844252
VV,5,-36.35,0.000000,0.000000,0.000000,0.000000,0,38,1844252
VV,5,-36.30,0.000000,0.000000,0.000000,0.000000,0,42,1844252
VV,5,-36.25,0.000000,0.000000,0.000000,0.000000,0,43,1844252
VV,5,-36.20,0.000000,0.000000,0.000000,0.000000,0,44,1844252
VV,5,-36.15,0.000000,0.000000,0.000000,0.000000,0,44,1844252
VV,5,-36.10,0.000000,0.000000,0.000000,0.000000,0,44,1844252
VV,5,-36.05,0.000000,0.000000,0.000000,0.000000,0,45,1844252
VV,5,-36.00,0.000000,0.000000,0.000000,0.000000,0,56,1844252
VV,5,-35.95,0.000000,0.000000,0.000000,0.000000,0,56,1844252
VV,5,-35.90,0.000000,0.000000,0.000000,0.000000,0,56,1844252
VV,5,-35.85,0.000000,0.000000,0.000000,0.000000,0,60,1844252
VV,5,-35.80,0.000000,0.000000,0.000000,0.000000,0,62,1844252
VV,5,-35.75,0.000000,0.000000,0.000000,0.000000,0,68,1844252
VV,5,-35.70,0.000000,0.000000,0.000000,0.000000,0,69,1844252
VV,5,-35.65,0.000000,0.000000,0.000000,0.000000,0,73,1844252
VV,5,-35.60,0.000000,0.000000,0.000000,0.000000,0,84,1844252
VV,5,-35.55,0.000000,0.000000,0.000000,0.000000,0,99,1844252
VV,5,-35.50,0.000000,0.000000,0.000000,0.000000,0,104,1844252
VV,5,-35.45,0.000000,0.000000,0.000000,0.000000,0,110,1844252
VV,5,-35.40,0.000000,0.000000,0.000000,0.000000,0,110,1844252
VV,5,-35.35,0.000000,0.000000,0.000000,0.000000,0,110,1844252
VV,5,-35.30,0.000000,0.000000,0.000000,0.000000,0,111,1844252
VV,5,-35.25,0.000000,0.000000,0.000000,0.000000,0,111,1844252
VV,5,-35.20,0.000000,0.000000,0.000000,0.000000,0,115,1844252
VV,5,-35.15,0.000000,0.000000,0.000000,0.000000,0,121,1844252
VV,5,-35.10,0.000000,0.000000,0.000000,0.000000,0,147,1844252
VV,5,-35.05,0.000000,0.000000,0.000000,0.000000,0,149,1844252
VV,5,-35.00,0.000000,0.000000,0.000000,0.000000,0,155,1844252
VV,5,-34.95,0.000000,0.000000,0.000000,0.000000,0,166,1844252
VV,5,-34.90,0.000000,0.000000,0.000000,0.000000,0,178,1844252
VV,5,-34.85,0.000000,0.000000,0.000000,0.000000,0,193,1844252
VV,5,-34.80,0.000000,0.000000,0.000000,0.000000,0,197,1844252
VV,5,-34.75,0.000000,0.000000,0.000000,0.000000,0,198,1844252
VV,5,-34.70,0.000000,0.000000,0.000000,0.000000,0,201,1844252
VV,5,-34.65,0.000000,0.000000,0.000000,0.000000,0,202,1844252
VV,5,-34.60,0.000000,0.000000,0.000000,0.000000,0,209,1844252
VV,5,-34.55,0.000000,0.000000,0.000000,0.000000,0,219,1844252
VV,5,-34.50,0.000000,0.000000,0.000000,0.000000,0,224,1844252
VV,5,-34.45,0.000000,0.000000,0.000000,0.000000,0,239,1844252
VV,5,-34.40,0.000000,0.000000,0.000000,0.000000,0,241,1844252
VV,5,-34.35,0.000000,0.000000,0.000000,0.000000,0,247,1844252
VV,5,-34.30,0.000000,0.000000,0.000000,0.000000,0,256,1844252
VV,5,-34.25,0.000000,0.000000,0.000000,0.000000,0,266,1844252
VV,5,-34.20,0.000000,0.000000,0.000000,0.000000,0,273,1844252
VV,5,-34.15,0.000000,0.000000,0.000000,0.000000,0,288,1844252
VV,5,-34.10,0.000000,0.000000,0.000000,0.000000,0,296,1844252
VV,5,-34.05,0.000000,0.000000,0.000000,0.000000,0,311,1844252
VV,5,-34.00,0.000000,0.000000,0.000000,0.000000,0,331,1844252
VV,5,-33.95,0.000000,0.000000,0.000000,0.000000,0,360,1844252
VV,5,-33.90,0.000000,0.000000,0.000000,0.000000,0,386,1844252
VV,5,-33.85,0.000000,0.000000,0.000000,0.000000,0,399,1844252
VV,5,-33.80,0.000000,0.000000,0.000000,0.000000,0,410,1844252
VV,5,-33.75,0.000000,0.000000,0.000000,0.000000,0,424,1844252
VV,5,-33.70,0.000000,0.000000,0.000000,0.000000,0,434,1844252
VV,5,-33.65,0.000000,0.000000,0.000000,0.000000,0,464,1844252
VV,5,-33.60,0.000000,0.000000,0.000000,0.000000,0,483,1844252
VV,5,-33.55,0.000000,0.000000,0.000000,0.000000,0,492,1844252
VV,5,-33.50,0.000000,0.000000,0.000000,0.000000,0,514,1844252
VV,5,-33.45,0.000000,0.000000,0.000000,0.000000,0,526,1844252
VV,5,-33.40,0.000000,0.000000,0.000000,0.000000,0,541,1844252
VV,5,-33.35,0.000000,0.000000,0.000000,0.000000,0,577,1844252
VV,5,-33.30,0.000000,0.000000,0.000000,0.000000,0,595,1844252
VV,5,-33.25,0.000000,0.000000,0.000000,0.000000,0,636,1844252
VV,5,-33.20,0.000000,0.000000,0.000000,0.000000,0,683,1844252
VV,5,-33.15,0.000000,0.000000,0.000000,0.000000,0,700,1844252
VV,5,-33.10,0.000000,0.000000,0.000000,0.000000,0,732,1844252
VV,5,-33.05,0.000000,0.000000,0.000000,0.000000,0,763,1844252
VV,5,-33.00,0.000000,0.000000,0.000000,0.000000,0,790,1844252
VV,5,-32.95,0.000000,0.000000,0.000000,0.000000,0,839,1844252
VV,5,-32.90,0.000000,0.000000,0.000000,0.000000,0,880,1844252
VV,5,-32.85,0.000000,0.000000,0.000000,0.000000,0,912,1844252
VV,5,-32.80,0.000000,0.000000,0.000000,0.000000,0,956,1844252
VV,5,-32.75,0.000000,0.000000,0.000000,0.000000,0,997,1844252
VV,5,-32.70,0.000000,0.000000,0.000000,0.000000,0,1042,1844252
VV,5,-32.65,0.000000,0.000000,0.000000,0.000000,0,1080,1844252
VV,5,-32.60,0.000000,0.000000,0.000000,0.000000,0,1112,1844252
VV,5,-32.55,0.000000,0.000000,0.000000,0.000000,0,1158,1844252
VV,5,-32.50,0.000000,0.000000,0.000000,0.000000,0,1208,1844252
VV,5,-32.45,0.000000,0.000000,0.000000,0.000000,0,1257,1844252
VV,5,-32.40,0.000000,0.000000,0.000000,0.000000,0,1300,1844252
VV,5,-32.35,0.000000,0.000000,0.000000,0.000000,0,1378,1844252
VV,5,-32.30,0.000000,0.000000,0.000000,0.000000,0,1445,1844252
VV,5,-32.25,0.000000,0.000000,0.000000,0.000000,0,1535,1844252
VV,5,-32.20,0.000000,0.000000,0.000000,0.000000,0,1587,1844252
VV,5,-32.15,0.000000,0.000000,0.000000,0.000000,0,1656,1844252
VV,5,-32.10,0.000000,0.000000,0.000000,0.000000,0,1717,1844252
VV,5,-32.05,0.000000,0.000000,0.000000,0.000000,0,1829,1844252
VV,5,-32.00,0.000000,0.000000,0.000000,0.000000,0,1900,1844252
VV,5,-31.95,0.000000,0.000000,0.000000,0.000000,0,1996,1844252
VV,5,-31.90,0.000000,0.000000,0.000000,0.000000,0,2095,1844252
VV,5,-31.85,0.000000,0.000000,0.000000,0.000000,0,2173,1844252
VV,5,-31.80,0.000000,0.000000,0.000000,0.000000,0,2285,1844252
VV,5,-31.75,0.000000,0.000000,0.000000,0.000000,0,2374,1844252
VV,5,-31.70,0.000000,0.000000,0.000000,0.000000,0,2495,1844252
VV,5,-31.65,0.000000,0.000000,0.000000,0.000000,0,2582,1844252
VV,5,-31.60,0.000000,0.000000,0.000000,0.000000,0,2735,1844252
VV,5,-31.55,0.000000,0.000000,0.000000,0.000000,0,2836,1844252
VV,5,-31.50,0.000000,0.000000,0.000000,0.000000,0,2968,1844252
VV,5,-31.45,0.000000,0.000000,0.000000,0.000000,0,3107,1844252
VV,5,-31.40,0.000000,0.000000,0.000000,0.000000,0,3218,1844252
VV,5,-31.35,0.000000,0.000000,0.000000,0.000000,0,3394,1844252
VV,5,-31.30,0.000000,0.000000,0.000000,0.000000,0,3546,1844252
VV,5,-31.25,0.000000,0.000000,0.000000,0.000000,0,3702,1844252
VV,5,-31.20,0.000000,0.000000,0.000000,0.000000,0,3835,1844252
VV,5,-31.15,0.000000,0.000000,0.000000,0.000000,0,4015,1844252
VV,5,-31.10,0.000000,0.000000,0.000000,0.000000,0,4182,1844252
VV,5,-31.05,0.000000,0.000000,0.000000,0.000000,0,4310,1844252
VV,5,-31.00,0.000000,0.000000,0.000000,0.000000,0,4474,1844252
VV,5,-30.95,0.000000,0.000000,0.000000,0.000000,0,4638,1844252
VV,5,-30.90,0.000000,0.000000,0.000000,0.000000,0,4836,1844252
VV,5,-30.85,0.000000,0.000000,0.000000,0.000000,0,4991,1844252
VV,5,-30.80,0.000000,0.000000,0.000000,0.000000,0,5187,1844252
VV,5,-30.75,0.000000,0.000000,0.000000,0.000000,0,5425,1844252
VV,5,-30.70,0.000000,0.000000,0.000000,0.000000,0,5644,1844252
VV,5,-30.65,0.000000,0.000000,0.000000,0.000000,0,5936,1844252
VV,5,-30.60,0.000000,0.000000,0.000000,0.000000,0,6157,1844252
VV,5,-30.55,0.000310,0.000001,0.000002,0.000001,2,6440,1844250
VV,5,-30.50,0.000447,0.000002,0.000003,0.000002,3,6711,1844249
VV,5,-30.45,0.000999,0.000004,0.000008,0.000004,7,7001,1844245
VV,5,-30.40,0.000956,0.000004,0.000008,0.000004,7,7312,1844245
VV,5,-30.35,0.000917,0.000004,0.000008,0.000004,7,7624,1844245
VV,5,-30.30,0.001129,0.000005,0.000010,0.000005,9,7964,1844243
VV,5,-30.25,0.001554,0.000007,0.000014,0.000007,13,8353,1844239
VV,5,-30.20,0.001491,0.000007,0.000014,0.000007,13,8705,1844239
VV,5,-30.15,0.001663,0.000008,0.000016,0.000008,15,9003,1844237
VV,5,-30.10,0.001595,0.000008,0.000016,0.000008,15,9390,1844237
VV,5,-30.05,0.001635,0.000009,0.000017,0.000009,16,9769,1844236
VV,5,-30.00,0.001676,0.000009,0.000018,0.000009,17,10125,1844235
VV,5,-29.95,0.001605,0.000009,0.000018,0.000009,17,10572,1844235
VV,5,-29.90,0.001996,0.000012,0.000024,0.000012,22,11002,1844230
VV,5,-29.85,0.002004,0.000012,0.000025,0.000012,23,11452,1844229
VV,5,-29.80,0.001916,0.000012,0.000025,0.000012,23,11984,1844229
VV,5,-29.75,0.002643,0.000018,0.000036,0.000018,33,12451,1844219
VV,5,-29.70,0.002705,0.000019,0.000038,0.000019,35,12906,1844217
VV,5,-29.65,0.002591,0.000019,0.000038,0.000019,35,13473,1844217
VV,5,-29.60,0.002648,0.000020,0.000040,0.000020,37,13935,1844215
VV,5,-29.55,0.002736,0.000022,0.000043,0.000022,40,14580,1844212
VV,5,-29.50,0.002644,0.000022,0.000043,0.000022,40,15086,1844212
VV,5,-29.45,0.002523,0.000022,0.000043,0.000022,40,15817,1844212
VV,5,-29.40,0.003078,0.000028,0.000055,0.000027,51,16518,1844201
VV,5,-29.35,0.003364,0.000031,0.000062,0.000031,58,17183,1844194
VV,5,-29.30,0.003353,0.000033,0.000064,0.000032,60,17837,1844192
VV,5,-29.25,0.003443,0.000035,0.000069,0.000034,64,18522,1844188
VV,5,-29.20,0.004078,0.000043,0.000085,0.000042,79,19291,1844173
VV,5,-29.15,0.003998,0.000043,0.000086,0.000043,80,19929,1844172
VV,5,-29.10,0.004017,0.000045,0.000089,0.000045,83,20577,1844169
VV,5,-29.05,0.004163,0.000048,0.000095,0.000048,89,21288,1844163
VV,5,-29.00,0.004715,0.000057,0.000113,0.000056,105,22165,1844147
VV,5,-28.95,0.004712,0.000059,0.000117,0.000058,109,23023,1844143
VV,5,-28.90,0.005141,0.000067,0.000132,0.000066,123,23803,1844129
VV,5,-28.85,0.005345,0.000072,0.000142,0.000071,133,24749,1844119
VV,5,-28.80,0.005523,0.000078,0.000153,0.000076,143,25751,1844109
VV,5,-28.75,0.005513,0.000080,0.000158,0.000079,148,26697,1844104
VV,5,-28.70,0.005951,0.000090,0.000177,0.000089,166,27729,1844086
VV,5,-28.65,0.006079,0.000095,0.000188,0.000094,176,28776,1844076
VV,5,-28.60,0.006304,0.000103,0.000203,0.000101,190,29950,1844062
VV,5,-28.55,0.006645,0.000112,0.000221,0.000110,207,30942,1844045
VV,5,-28.50,0.006968,0.000122,0.000240,0.000120,225,32066,1844027
VV,5,-28.45,0.007024,0.000127,0.000250,0.000125,235,33222,1844017
VV,5,-28.40,0.006995,0.000131,0.000258,0.000129,242,34356,1844010
VV,5,-28.35,0.007122,0.000138,0.000271,0.000136,255,35551,1843997
VV,5,-28.30,0.007395,0.000149,0.000291,0.000146,274,36777,1843978
VV,5,-28.25,0.007405,0.000154,0.000302,0.000151,284,38068,1843968
VV,5,-28.20,0.008500,0.000183,0.000359,0.000179,338,39426,1843914
VV,5,-28.15,0.008568,0.000192,0.000375,0.000188,354,40962,1843898
VV,5,-28.10,0.008977,0.000208,0.000406,0.000203,383,42282,1843869
VV,5,-28.05,0.009085,0.000217,0.000425,0.000212,401,43739,1843851
VV,5,-28.00,0.009750,0.000241,0.000471,0.000236,445,45195,1843807
VV,5,-27.95,0.010150,0.000260,0.000508,0.000254,480,46812,1843772
VV,5,-27.90,0.010840,0.000287,0.000560,0.000280,530,48362,1843722
VV,5,-27.85,0.011185,0.000306,0.000596,0.000298,565,49949,1843687
VV,5,-27.80,0.011454,0.000324,0.000630,0.000315,597,51523,1843655
VV,5,-27.75,0.011996,0.000351,0.000682,0.000341,647,53286,1843605
VV,5,-27.70,0.012540,0.000378,0.000735,0.000368,698,54963,1843554
VV,5,-27.65,0.013015,0.000407,0.000789,0.000395,750,56874,1843502
VV,5,-27.60,0.013942,0.000450,0.000872,0.000436,830,58703,1843422
VV,5,-27.55,0.014658,0.000489,0.000947,0.000474,902,60635,1843350
VV,5,-27.50,0.015277,0.000527,0.001018,0.000509,971,62588,1843281
VV,5,-27.45,0.015827,0.000562,0.001086,0.000543,1037,64482,1843215
VV,5,-27.40,0.016281,0.000597,0.001152,0.000576,1101,66525,1843151
VV,5,-27.35,0.016875,0.000638,0.001230,0.000615,1177,68571,1843075
VV,5,-27.30,0.017651,0.000687,0.001323,0.000662,1267,70513,1842985
VV,5,-27.25,0.018809,0.000754,0.001450,0.000726,1391,72561,1842861
VV,5,-27.20,0.019773,0.000818,0.001571,0.000786,1509,74808,1842743
VV,5,-27.15,0.020865,0.000890,0.001708,0.000855,1642,77056,1842610
VV,5,-27.10,0.021884,0.000962,0.001843,0.000922,1774,79288,1842478
VV,5,-27.05,0.022666,0.001028,0.001966,0.000984,1895,81710,1842357
VV,5,-27.00,0.023511,0.001099,0.002099,0.001051,2026,84148,1842226
VV,5,-26.95,0.024472,0.001177,0.002246,0.001124,2171,86544,1842081
VV,5,-26.90,0.025064,0.001240,0.002363,0.001183,2287,88959,1841965
VV,5,-26.85,0.025592,0.001300,0.002475,0.001239,2398,91303,1841854
VV,5,-26.80,0.026214,0.001369,0.002601,0.001302,2524,93762,1841728
VV,5,-26.75,0.027114,0.001453,0.002758,0.001381,2680,96162,1841572
VV,5,-26.70,0.028391,0.001563,0.002963,0.001484,2883,98664,1841369
VV,5,-26.65,0.029438,0.001665,0.003151,0.001578,3070,101217,1841182
VV,5,-26.60,0.030954,0.001802,0.003405,0.001706,3323,104030,1840929
VV,5,-26.55,0.032384,0.001934,0.003650,0.001828,3567,106580,1840685
VV,5,-26.50,0.033711,0.002065,0.003891,0.001949,3808,109153,1840444
VV,5,-26.45,0.035436,0.002230,0.004195,0.002102,4112,111929,1840140
VV,5,-26.40,0.036989,0.002389,0.004487,0.002249,4405,114684,1839847
VV,5,-26.35,0.038245,0.002536,0.004757,0.002384,4677,117612,1839575
VV,5,-26.30,0.039732,0.002701,0.005058,0.002535,4981,120384,1839271
VV,5,-26.25,0.041492,0.002892,0.005407,0.002711,5333,123197,1838919
VV,5,-26.20,0.043242,0.003091,0.005769,0.002893,5700,126117,1838552
VV,5,-26.15,0.045097,0.003304,0.006157,0.003088,6094,129036,1838158
VV,5,-26.10,0.046730,0.003505,0.006521,0.003271,6464,131862,1837788
VV,5,-26.05,0.048406,0.003723,0.006914,0.003469,6866,134976,1837386
VV,5,-26.00,0.050297,0.003959,0.007341,0.003684,7302,137877,1836950
VV,5,-25.95,0.052357,0.004226,0.007820,0.003925,7793,141050,1836459
VV,5,-25.90,0.054562,0.004512,0.008335,0.004185,8322,144203,1835930
VV,5,-25.85,0.057562,0.004879,0.008995,0.004518,8998,147321,1835254
VV,5,-25.80,0.059410,0.005157,0.009489,0.004767,9510,150564,1834742
VV,5,-25.75,0.061675,0.005478,0.010062,0.005057,10103,153706,1834149
VV,5,-25.70,0.063825,0.005800,0.010634,0.005345,10697,156903,1833555
VV,5,-25.65,0.066257,0.006159,0.011270,0.005667,11358,160066,1832894
VV,5,-25.60,0.068548,0.006520,0.011907,0.005989,12024,163385,1832228
VV,5,-25.55,0.071712,0.006971,0.012707,0.006394,12856,166417,1831396
VV,5,-25.50,0.074318,0.007397,0.013455,0.006773,13642,169921,1830610
VV,5,-25.45,0.077149,0.007855,0.014258,0.007180,14486,173281,1829766
VV,5,-25.40,0.080072,0.008338,0.015104,0.007609,15378,176673,1828874
VV,5,-25.35,0.083625,0.008911,0.016107,0.008119,16435,180098,1827817
VV,5,-25.30,0.086379,0.009407,0.016966,0.008556,17349,183499,1826903
VV,5,-25.25,0.089087,0.009924,0.017859,0.009010,18303,187149,1825949
VV,5,-25.20,0.092669,0.010546,0.018936,0.009559,19449,190428,1824803
VV,5,-25.15,0.095946,0.011164,0.020001,0.010101,20589,194001,1823663
VV,5,-25.10,0.099172,0.011791,0.021076,0.010650,21745,197520,1822507
VV,5,-25.05,0.102656,0.012483,0.022259,0.011255,23022,201242,1821230
VV,5,-25.00,0.105934,0.013154,0.023402,0.011839,24259,204743,1819993
VV,5,-24.95,0.109582,0.013897,0.024665,0.012487,25629,208250,1818623
VV,5,-24.90,0.113215,0.014669,0.025972,0.013157,27053,211900,1817199
VV,5,-24.85,0.117040,0.015487,0.027354,0.013867,28562,215474,1815690
VV,5,-24.80,0.120994,0.016358,0.028819,0.014620,30168,219167,1814084
VV,5,-24.75,0.124977,0.017239,0.030299,0.015382,31793,222598,1812459
VV,5,-24.70,0.128740,0.018123,0.031774,0.016143,33424,226201,1810828
VV,5,-24.65,0.132750,0.019072,0.033352,0.016959,35173,229784,1809079
VV,5,-24.60,0.136843,0.020079,0.035020,0.017822,37031,233579,1807221
VV,5,-24.55,0.141247,0.021164,0.036812,0.018751,39032,237306,1805220
VV,5,-24.50,0.145740,0.022268,0.038632,0.019697,41067,240715,1803185
VV,5,-24.45,0.150032,0.023395,0.040478,0.020657,43146,244433,1801106
VV,5,-24.40,0.154686,0.024597,0.042445,0.021683,45363,247895,1798889
VV,5,-24.35,0.158711,0.025720,0.044266,0.022634,47434,251437,1796818
VV,5,-24.30,0.162654,0.026845,0.046084,0.023586,49509,254873,1794743
VV,5,-24.25,0.167060,0.028118,0.048134,0.024660,51856,258547,1792396
VV,5,-24.20,0.172133,0.029568,0.050466,0.025886,54530,262260,1789722
VV,5,-24.15,0.177177,0.031024,0.052802,0.027117,57216,265716,1787036
VV,5,-24.10,0.182234,0.032510,0.055177,0.028371,59957,269054,1784295
VV,5,-24.05,0.186615,0.033924,0.057411,0.029554,62564,272693,1781688
VV,5,-24.00,0.191595,0.035497,0.059897,0.030873,65465,276219,1778787
VV,5,-23.95,0.197147,0.037247,0.062656,0.032341,68692,279739,1775560
VV,5,-23.90,0.202050,0.038900,0.065240,0.033720,71742,283328,1772510
VV,5,-23.85,0.206855,0.040577,0.067846,0.035114,74835,286941,1769417
VV,5,-23.80,0.212123,0.042396,0.070668,0.036628,78189,290413,1766063
VV,5,-23.75,0.217258,0.044246,0.073519,0.038162,81600,293990,1762652
VV,5,-23.70,0.222086,0.046059,0.076295,0.039660,84944,297538,1759308
VV,5,-23.65,0.227222,0.047961,0.079205,0.041235,88453,300827,1755799
VV,5,-23.60,0.232869,0.050047,0.082387,0.042964,92299,304057,1751953
VV,5,-23.55,0.237849,0.052022,0.085371,0.044589,95941,307429,1748311
VV,5,-23.50,0.243028,0.054098,0.088496,0.046297,99770,310758,1744482
VV,5,-23.45,0.248387,0.056282,0.091770,0.048092,103798,314091,1740454
VV,5,-23.40,0.253186,0.058378,0.094880,0.049802,107664,317573,1736588
VV,5,-23.35,0.258452,0.060640,0.098232,0.051653,111836,320879,1732416
VV,5,-23.30,0.263530,0.062905,0.101566,0.053500,116012,324211,1728240
VV,5,-23.25,0.268827,0.065295,0.105069,0.055448,120420,327526,1723832
VV,5,-23.20,0.273604,0.067566,0.108370,0.057289,124608,330824,1719644
VV,5,-23.15,0.278586,0.070016,0.111907,0.059270,129127,334381,1715125
VV,5,-23.10,0.283690,0.072544,0.115542,0.061313,133790,337816,1710462
VV,5,-23.05,0.289038,0.075228,0.119384,0.063481,138739,341264,1705513
VV,5,-23.00,0.294100,0.077854,0.123117,0.065597,143583,344629,1700669
VV,5,-22.95,0.299602,0.080673,0.127118,0.067873,148782,347816,1695470
VV,5,-22.90,0.304537,0.083321,0.130843,0.070001,153665,350920,1690587
VV,5,-22.85,0.308981,0.085866,0.134386,0.072033,158358,354159,1685894
VV,5,-22.80,0.313925,0.088721,0.138343,0.074312,163623,357594,1680629
VV,5,-22.75,0.318804,0.091515,0.142208,0.076547,168776,360628,1675476
VV,5,-22.70,0.323220,0.094250,0.145944,0.078716,173821,363958,1670431
VV,5,-22.65,0.327914,0.097130,0.149868,0.081004,179132,367146,1665120
VV,5,-22.60,0.332540,0.100091,0.153869,0.083347,184593,370507,1659659
VV,5,-22.55,0.336999,0.103011,0.157791,0.085653,189979,373759,1654273
VV,5,-22.50,0.341727,0.106093,0.161917,0.088090,195662,376906,1648590
VV,5,-22.45,0.346188,0.109136,0.165955,0.090486,201275,380129,1642977
VV,5,-22.40,0.350232,0.112015,0.169742,0.092742,206584,383265,1637668
VV,5,-22.35,0.354693,0.115201,0.173915,0.095239,212459,386535,1631793
VV,5,-22.30,0.358879,0.118309,0.177953,0.097667,218191,389789,1626061
VV,5,-22.25,0.363019,0.121484,0.182046,0.100138,224047,393130,1620205
VV,5,-22.20,0.367411,0.124713,0.186217,0.102668,230002,396005,1614250
VV,5,-22.15,0.371620,0.127998,0.190412,0.105224,236061,399160,1608191
VV,5,-22.10,0.375514,0.131153,0.194407,0.107670,241880,402251,1602372
VV,5,-22.05,0.379190,0.134337,0.198390,0.110118,247752,405620,1596500
VV,5,-22.00,0.383158,0.137715,0.202608,0.112723,253981,408882,1590271
VV,5,-21.95,0.386975,0.141050,0.206743,0.115289,260132,412088,1584120
VV,5,-21.90,0.390605,0.144319,0.210765,0.117796,266160,415244,1578092
VV,5,-21.85,0.394186,0.147705,0.214890,0.120379,272406,418654,1571846
VV,5,-21.80,0.397999,0.151177,0.219122,0.123041,278808,421717,1565444
VV,5,-21.75,0.401441,0.154542,0.223170,0.125600,285014,424963,1559238
VV,5,-21.70,0.404909,0.157956,0.227258,0.128196,291310,428136,1552942
VV,5,-21.65,0.408351,0.161310,0.231264,0.130751,297496,431034,1546756
VV,5,-21.60,0.411617,0.164710,0.235274,0.133320,303766,434216,1540486
VV,5,-21.55,0.414956,0.168166,0.239337,0.135936,310140,437264,1534112
VV,5,-21.50,0.418064,0.171501,0.243225,0.138449,316291,440271,1527961
VV,5,-21.45,0.421061,0.174844,0.247086,0.140957,322456,443361,1521796
VV,5,-21.40,0.424250,0.178394,0.251172,0.143623,329004,446491,1515248
VV,5,-21.35,0.427288,0.181822,0.255095,0.146194,335326,449451,1508926
VV,5,-21.30,0.430113,0.185148,0.258865,0.148676,341460,452424,1502792
VV,5,-21.25,0.433015,0.188557,0.262715,0.151221,347747,455336,1496505
VV,5,-21.20,0.435829,0.191941,0.266510,0.153742,353987,458228,1490265
VV,5,-21.15,0.438509,0.195341,0.270281,0.156257,360258,461294,1483994
VV,5,-21.10,0.441153,0.198769,0.274057,0.158787,366580,464378,1477672
VV,5,-21.05,0.443725,0.202095,0.277708,0.161243,372714,467252,1471538
VV,5,-21.00,0.446328,0.205423,0.281353,0.163706,378852,469968,1465400
VV,5,-20.95,0.448838,0.208777,0.284991,0.166175,385038,472818,1459214
VV,5,-20.90,0.451311,0.212098,0.288577,0.168618,391162,475561,1453090
VV,5,-20.85,0.453895,0.215526,0.292271,0.171146,397484,478233,1446768
VV,5,-20.80,0.456095,0.218849,0.295775,0.173554,403612,481317,1440640
VV,5,-20.75,0.458517,0.222280,0.299412,0.176064,409941,484118,1434311
VV,5,-20.70,0.460690,0.225517,0.302805,0.178415,415911,486890,1428341
VV,5,-20.65,0.462930,0.228908,0.306339,0.180874,422164,489776,1422088
VV,5,-20.60,0.465089,0.232182,0.309737,0.183248,428202,492486,1416050
VV,5,-20.55,0.467234,0.235482,0.313143,0.185637,434288,495199,1409964
VV,5,-20.50,0.469408,0.238775,0.316537,0.188027,440362,497760,1403890
VV,5,-20.45,0.471603,0.242089,0.319942,0.190435,446473,500241,1397779
VV,5,-20.40,0.473712,0.245349,0.323268,0.192797,452486,502706,1391766
VV,5,-20.35,0.475769,0.248616,0.326577,0.195155,458510,505213,1385742
VV,5,-20.30,0.477671,0.251750,0.329724,0.197407,464291,507698,1379961
VV,5,-20.25,0.479728,0.255008,0.333003,0.199762,470299,510046,1373953
VV,5,-20.20,0.481665,0.258200,0.336185,0.202057,476185,512438,1368067
VV,5,-20.15,0.483550,0.261356,0.339315,0.204322,482007,514801,1362245
VV,5,-20.10,0.485402,0.264497,0.342412,0.206573,487799,517140,1356453
VV,5,-20.05,0.487270,0.267734,0.345584,0.208886,493769,519569,1350483
VV,5,-20.00,0.489062,0.270831,0.348610,0.211101,499481,521823,1344771
VV,5,-19.95,0.490860,0.273936,0.351634,0.213323,505207,524022,1339045
VV,5,-19.90,0.492512,0.277022,0.354596,0.215507,510899,526434,1333353
VV,5,-19.85,0.494207,0.280055,0.357515,0.217667,516492,528601,1327760
VV,5,-19.80,0.495856,0.283099,0.360422,0.219826,522106,530833,1322146
VV,5,-19.75,0.497466,0.286066,0.363248,0.221932,527578,532953,1316674
VV,5,-19.70,0.499005,0.289035,0.366047,0.224026,533053,535178,1311199
VV,5,-19.65,0.500632,0.292109,0.368945,0.226200,538722,537362,1305530
VV,5,-19.60,0.502132,0.295093,0.371729,0.228296,544226,539605,1300026
VV,5,-19.55,0.503712,0.298163,0.374593,0.230461,549888,541784,1294364
VV,5,-19.50,0.505174,0.301059,0.377279,0.232498,555229,543855,1289023
VV,5,-19.45,0.506487,0.303819,0.379808,0.234422,560319,545966,1283933
VV,5,-19.40,0.507850,0.306714,0.382449,0.236437,565657,548169,1278595
VV,5,-19.35,0.509343,0.309677,0.385172,0.238522,571123,550171,1273129
VV,5,-19.30,0.510689,0.312568,0.387789,0.240533,576454,552322,1267798
VV,5,-19.25,0.512006,0.315456,0.390388,0.242535,581781,554496,1262471
VV,5,-19.20,0.513307,0.318340,0.392970,0.244532,587100,556661,1257152
VV,5,-19.15,0.514497,0.321154,0.395458,0.246462,592288,558911,1251964
VV,5,-19.10,0.515736,0.323983,0.397966,0.248413,597506,561044,1246746
VV,5,-19.05,0.516959,0.326813,0.400461,0.250360,602726,563181,1241526
VV,5,-19.00,0.518039,0.329583,0.402861,0.252239,607834,565502,1236418
VV,5,-18.95,0.519104,0.332350,0.405246,0.254112,612937,567822,1231315
VV,5,-18.90,0.520210,0.335105,0.407627,0.255987,618018,569999,1226234
VV,5,-18.85,0.521212,0.337862,0.409971,0.257839,623102,572384,1221150
VV,5,-18.80,0.522230,0.340621,0.412313,0.259694,628191,574711,1216061
VV,5,-18.75,0.523210,0.343443,0.414682,0.261577,633396,577200,1210856
VV,5,-18.70,0.524059,0.346126,0.416901,0.263345,638343,579732,1205909
VV,5,-18.65,0.525018,0.348846,0.419174,0.265161,643360,582046,1200892
VV,5,-18.60,0.525845,0.351533,0.421374,0.266924,648316,584587,1195936
VV,5,-18.55,0.526733,0.354341,0.423672,0.268771,653494,587162,1190758
VV,5,-18.50,0.527528,0.357145,0.425929,0.270591,658665,589922,1185587
VV,5,-18.45,0.528292,0.359746,0.428025,0.272285,663463,592400,1180789
VV,5,-18.40,0.529047,0.362480,0.430203,0.274050,668504,595097,1175748
VV,5,-18.35,0.529709,0.365115,0.432274,0.275733,673364,597832,1170888
VV,5,-18.30,0.530338,0.367808,0.434367,0.277438,678330,600723,1165922
VV,5,-18.25,0.531004,0.370550,0.436498,0.279180,683387,603585,1160865
VV,5,-18.20,0.531565,0.373201,0.438523,0.280839,688276,606535,1155976
VV,5,-18.15,0.532111,0.375948,0.440601,0.282546,693342,609660,1150910
VV,5,-18.10,0.532593,0.378554,0.442553,0.284152,698149,612700,1146103
VV,5,-18.05,0.533073,0.381265,0.444567,0.285815,703149,615899,1141103
VV,5,-18.00,0.533534,0.383904,0.446517,0.287429,708015,619014,1136237
VV,5,-17.95,0.533967,0.386585,0.448478,0.289057,712961,622254,1131291
VV,5,-17.90,0.534332,0.389216,0.450373,0.290633,717812,625570,1126440
VV,5,-17.85,0.534600,0.391886,0.452251,0.292199,722736,629182,1121516
VV,5,-17.80,0.534845,0.394527,0.454094,0.293739,727608,632801,1116644
VV,5,-17.75,0.535007,0.397083,0.455841,0.295203,732322,636487,1111930
VV,5,-17.70,0.535258,0.399827,0.457735,0.296794,737382,640238,1106870
VV,5,-17.65,0.535508,0.402572,0.459621,0.298382,742445,643986,1101807
VV,5,-17.60,0.535677,0.405270,0.461437,0.299914,747420,647862,1096832
VV,5,-17.55,0.535762,0.408028,0.463251,0.301449,752507,652047,1091745
VV,5,-17.50,0.535890,0.410770,0.465061,0.302984,757564,656093,1086688
VV,5,-17.45,0.535925,0.413478,0.466805,0.304466,762558,660325,1081694
VV,5,-17.40,0.535942,0.416290,0.468599,0.305993,767744,664769,1076508
VV,5,-17.35,0.535891,0.418953,0.470261,0.307413,772655,669159,1071597
VV,5,-17.30,0.535958,0.421813,0.472084,0.308972,777930,673545,1066322
VV,5,-17.25,0.535843,0.424498,0.473716,0.310372,782881,678146,1061371
VV,5,-17.20,0.535765,0.427184,0.475353,0.311779,787835,682650,1056417
VV,5,-17.15,0.535749,0.430046,0.477113,0.313295,793113,687269,1051139
VV,5,-17.10,0.535586,0.432796,0.478736,0.314696,798185,692116,1046067
VV,5,-17.05,0.535339,0.435571,0.480329,0.316074,803302,697246,1040950
VV,5,-17.00,0.535074,0.438367,0.481917,0.317451,808459,702471,1035793
VV,5,-16.95,0.534757,0.441042,0.483399,0.318739,813393,707659,1030859
VV,5,-16.90,0.534452,0.443814,0.484934,0.320074,818504,712978,1025748
VV,5,-16.85,0.534177,0.446566,0.486459,0.321404,823581,718194,1020671
VV,5,-16.80,0.533743,0.449344,0.487920,0.322682,828703,723923,1015549
VV,5,-16.75,0.533334,0.452197,0.489426,0.324000,833965,729717,1010287
VV,5,-16.70,0.532888,0.454997,0.490872,0.325269,839130,735554,1005122
VV,5,-16.65,0.532517,0.457861,0.492375,0.326590,844411,741288,999841
VV,5,-16.60,0.532076,0.460644,0.493790,0.327836,849543,747113,994709
VV,5,-16.55,0.531509,0.463348,0.495093,0.328986,854530,753214,989722
VV,5,-16.50,0.531036,0.466154,0.496484,0.330216,859706,759217,984546
VV,5,-16.45,0.530556,0.468935,0.497846,0.331421,864835,765220,979417
VV,5,-16.40,0.529839,0.471782,0.499128,0.332559,870085,772083,974167
VV,5,-16.35,0.529099,0.474548,0.500341,0.333637,875186,778919,969066
VV,5,-16.30,0.528527,0.477354,0.501639,0.334792,880361,785326,963891
VV,5,-16.25,0.527805,0.480259,0.502911,0.335926,885718,792397,958534
VV,5,-16.20,0.527068,0.483063,0.504107,0.336994,890890,799384,953362
VV,5,-16.15,0.526210,0.485901,0.505253,0.338019,896123,806853,948129
VV,5,-16.10,0.525364,0.488724,0.506382,0.339030,901330,814300,942922
VV,5,-16.05,0.524454,0.491530,0.507459,0.339996,906505,821968,937747
VV,5,-16.00,0.523558,0.494408,0.508566,0.340991,911813,829758,932439
VV,5,-15.95,0.522672,0.497252,0.509645,0.341962,917058,837499,927194
VV,5,-15.90,0.521759,0.500176,0.510740,0.342948,922450,845511,921802
VV,5,-15.85,0.520694,0.502954,0.511670,0.343788,927573,853844,916679
VV,5,-15.80,0.519727,0.505974,0.512758,0.344771,933144,862306,911108
VV,5,-15.75,0.518629,0.508856,0.513696,0.345620,938459,871039,905793
VV,5,-15.70,0.517502,0.511842,0.514656,0.346490,943965,880114,900287
VV,5,-15.65,0.516357,0.514768,0.515561,0.347310,949361,889215,894891
VV,5,-15.60,0.515008,0.517499,0.516250,0.347936,954398,898775,889854
VV,5,-15.55,0.513783,0.520442,0.517091,0.348700,959826,908329,884426
VV,5,-15.50,0.512524,0.523437,0.517923,0.349457,965349,918170,878903
VV,5,-15.45,0.511087,0.526366,0.518614,0.350087,970752,928634,873500
VV,5,-15.40,0.509696,0.529357,0.519341,0.350750,976268,939123,867984
VV,5,-15.35,0.508249,0.532292,0.519993,0.351345,981681,949814,862571
VV,5,-15.30,0.506609,0.535146,0.520487,0.351796,986945,961196,857307
VV,5,-15.25,0.505055,0.538104,0.521056,0.352317,992400,972533,851852
VV,5,-15.20,0.503439,0.541090,0.521586,0.352801,997906,984273,846346
VV,5,-15.15,0.501717,0.544038,0.522021,0.353199,1003343,996475,840909
VV,5,-15.10,0.499861,0.546889,0.522319,0.353472,1008601,1009160,835651
VV,5,-15.05,0.498053,0.549815,0.522656,0.353781,1013997,1021923,830255
VV,5,-15.00,0.496153,0.552737,0.522919,0.354022,1019386,1035192,824866
VV,5,-14.95,0.494183,0.555616,0.523102,0.354189,1024695,1048819,819557
VV,5,-14.90,0.492152,0.558503,0.523233,0.354309,1030021,1062871,814231
VV,5,-14.85,0.490200,0.561499,0.523432,0.354493,1035545,1076952,808707
VV,5,-14.80,0.488011,0.564353,0.523413,0.354475,1040810,1091951,803442
VV,5,-14.75,0.485826,0.567276,0.523401,0.354464,1046199,1107245,798053
VV,5,-14.70,0.483477,0.570102,0.523228,0.354305,1051411,1123277,792841
VV,5,-14.65,0.481133,0.573011,0.523068,0.354158,1056776,1139657,787476
VV,5,-14.60,0.478721,0.575933,0.522847,0.353956,1062165,1156590,782087
VV,5,-14.55,0.476194,0.578879,0.522539,0.353674,1067598,1174342,776654
VV,5,-14.50,0.473633,0.581801,0.522174,0.353339,1072987,1192453,771265
VV,5,-14.45,0.471032,0.584846,0.521805,0.353001,1078603,1211269,765649
VV,5,-14.40,0.468390,0.587958,0.521407,0.352637,1084342,1230699,759910
VV,5,-14.35,0.465658,0.590889,0.520852,0.352130,1089749,1250484,754503
VV,5,-14.30,0.462922,0.593913,0.520299,0.351625,1095325,1270788,748927
VV,5,-14.25,0.460081,0.596907,0.519638,0.351021,1100847,1291875,743405
VV,5,-14.20,0.457135,0.599878,0.518868,0.350319,1106327,1313804,737925
VV,5,-14.15,0.454055,0.602815,0.517966,0.349497,1111743,1336731,732509
VV,5,-14.10,0.450877,0.605866,0.517005,0.348623,1117369,1360844,726883
VV,5,-14.05,0.447734,0.608985,0.516056,0.347760,1123122,1385337,721130
VV,5,-14.00,0.444593,0.612180,0.515098,0.346890,1129014,1410419,715238
VV,5,-13.95,0.441251,0.615272,0.513930,0.345832,1134717,1436871,709535
VV,5,-13.90,0.437881,0.618301,0.512681,0.344701,1140303,1463837,703949
VV,5,-13.85,0.434468,0.621393,0.511384,0.343530,1146005,1491718,698247
VV,5,-13.80,0.430959,0.624465,0.509973,0.342257,1151670,1520671,692582
VV,5,-13.75,0.427455,0.627598,0.508543,0.340970,1157448,1550318,686804
VV,5,-13.70,0.423813,0.630691,0.506959,0.339548,1163153,1581345,681099
VV,5,-13.65,0.420245,0.633840,0.505402,0.338152,1168961,1612654,675291
VV,5,-13.60,0.416500,0.636930,0.503652,0.336588,1174659,1645654,669593
VV,5,-13.55,0.412743,0.640108,0.501875,0.335003,1180520,1679662,663732
VV,5,-13.50,0.408892,0.643273,0.499977,0.333313,1186357,1715034,657895
VV,5,-13.45,0.405068,0.646419,0.498044,0.331597,1192159,1750952,652093
VV,5,-13.40,0.401187,0.649651,0.496045,0.329827,1198121,1788322,646131
VV,5,-13.35,0.397142,0.652745,0.493829,0.327871,1203827,1827400,640425
VV,5,-13.30,0.393131,0.655937,0.491616,0.325922,1209714,1867415,634538
VV,5,-13.25,0.389084,0.659183,0.489336,0.323921,1215699,1908816,628553
VV,5,-13.20,0.384974,0.662332,0.486927,0.321813,1221508,1951456,622744
VV,5,-13.15,0.380857,0.665559,0.484478,0.319677,1227458,1995425,616794
VV,5,-13.10,0.376670,0.668790,0.481919,0.317453,1233418,2041110,610834
VV,5,-13.05,0.372497,0.671924,0.479289,0.315174,1239197,2087529,605055
VV,5,-13.00,0.368330,0.675246,0.476656,0.312901,1245324,2135679,598928
VV,5,-12.95,0.364049,0.678385,0.473824,0.310465,1251112,2185549,593140
VV,5,-12.90,0.359802,0.681533,0.470967,0.308016,1256919,2236442,587333
VV,5,-12.85,0.355473,0.684720,0.467989,0.305473,1262796,2289647,581456
VV,5,-12.80,0.351126,0.687918,0.464939,0.302880,1268694,2344520,575558
VV,5,-12.75,0.346811,0.691158,0.461866,0.300277,1274670,2400733,569582
VV,5,-12.70,0.342521,0.694444,0.458765,0.297660,1280729,2458399,563523
VV,5,-12.65,0.338214,0.697719,0.455586,0.294990,1286770,2517829,557482
VV,5,-12.60,0.333933,0.700989,0.452369,0.292298,1292800,2578638,551452
VV,5,-12.55,0.329594,0.704077,0.449001,0.289491,1298495,2641185,545757
VV,5,-12.50,0.325146,0.707231,0.445484,0.286574,1304313,2707153,539939
VV,5,-12.45,0.320869,0.710540,0.442095,0.283775,1310414,2773540,533838
VV,5,-12.40,0.316547,0.713771,0.438587,0.280891,1316374,2842170,527878
VV,5,-12.35,0.312188,0.716843,0.434953,0.277916,1322039,2912713,522213
VV,5,-12.30,0.307942,0.720071,0.431395,0.275019,1327992,2984484,516260
VV,5,-12.25,0.303646,0.723284,0.427726,0.272043,1333918,3059081,510334
VV,5,-12.20,0.299365,0.726402,0.423994,0.269030,1339669,3135366,504583
VV,5,-12.15,0.295170,0.729680,0.420314,0.266074,1345713,3213403,498539
VV,5,-12.10,0.290977,0.732900,0.416568,0.263079,1351652,3293565,492600
VV,5,-12.05,0.286833,0.736231,0.412829,0.260104,1357795,3375951,486457
VV,5,-12.00,0.282705,0.739428,0.409027,0.257092,1363692,3460043,480560
VV,5,-11.95,0.278637,0.742723,0.405245,0.254111,1369768,3546183,474484
VV,5,-11.90,0.274572,0.745963,0.401398,0.251093,1375743,3634756,468509
VV,5,-11.85,0.270550,0.749155,0.397535,0.248077,1381631,3725110,462621
VV,5,-11.80,0.266578,0.752450,0.393683,0.245084,1387708,3817924,456544
VV,5,-11.75,0.262632,0.755602,0.389783,0.242069,1393520,3912457,450732
VV,5,-11.70,0.258748,0.758811,0.385906,0.239085,1399438,4009054,444814
VV,5,-11.65,0.254939,0.761983,0.382054,0.236135,1405288,4106954,438964
VV,5,-11.60,0.251097,0.765141,0.378109,0.233129,1411112,4208680,433140
VV,5,-11.55,0.247340,0.768450,0.374228,0.230185,1417216,4312604,427036
VV,5,-11.50,0.243619,0.771632,0.370321,0.227236,1423083,4418336,421169
VV,5,-11.45,0.239980,0.774948,0.366474,0.224345,1429199,4526288,415053
VV,5,-11.40,0.236371,0.778128,0.362596,0.221446,1435064,4636172,409188
VV,5,-11.35,0.232807,0.781437,0.358738,0.218574,1441167,4749240,403085
VV,5,-11.30,0.229303,0.784658,0.354894,0.215727,1447108,4863785,397144
VV,5,-11.25,0.225852,0.787872,0.351067,0.212906,1453034,4980523,391218
VV,5,-11.20,0.222451,0.791078,0.347255,0.210108,1458947,5099552,385305
VV,5,-11.15,0.219140,0.794260,0.343505,0.207369,1464815,5219573,379437
VV,5,-11.10,0.215907,0.797549,0.339820,0.204689,1470881,5341691,373371
VV,5,-11.05,0.212651,0.800635,0.336046,0.201957,1476573,5467087,367679
VV,5,-11.00,0.209476,0.803967,0.332356,0.199297,1482718,5595490,361534
VV,5,-10.95,0.206329,0.807120,0.328645,0.196634,1488532,5725813,355720
VV,5,-10.90,0.203252,0.810325,0.324987,0.194021,1494443,5858233,349809
VV,5,-10.85,0.200206,0.813444,0.321327,0.191417,1500195,5993057,344057
VV,5,-10.80,0.197302,0.816744,0.317826,0.188938,1506282,6128126,337970
VV,5,-10.75,0.194445,0.819884,0.314340,0.186479,1512073,6264295,332179
VV,5,-10.70,0.191585,0.823017,0.310817,0.184005,1517850,6404729,326402
VV,5,-10.65,0.188777,0.826091,0.307325,0.181561,1523520,6546959,320732
VV,5,-10.60,0.186047,0.829133,0.303903,0.179178,1529130,6689902,315122
VV,5,-10.55,0.183380,0.832334,0.300544,0.176847,1535033,6835750,309219
VV,5,-10.50,0.180788,0.835514,0.297256,0.174575,1540898,6982326,303354
VV,5,-10.45,0.178257,0.838634,0.294018,0.172346,1546653,7129890,297599
VV,5,-10.40,0.175761,0.841717,0.290799,0.170137,1552338,7279771,291914
VV,5,-10.35,0.173352,0.844897,0.287679,0.168006,1558203,7430462,286049
VV,5,-10.30,0.170978,0.848048,0.284580,0.165895,1564015,7583474,280237
VV,5,-10.25,0.168646,0.851104,0.281510,0.163813,1569650,7737736,274602
VV,5,-10.20,0.166366,0.854202,0.278492,0.161772,1575364,7893915,268888
VV,5,-10.15,0.164119,0.857260,0.275495,0.159753,1581004,8052303,263248
VV,5,-10.10,0.161922,0.860233,0.272543,0.157771,1586487,8211359,257765
VV,5,-10.05,0.159789,0.863151,0.269658,0.155841,1591868,8370468,252384
VV,5,-10.00,0.157724,0.866185,0.266856,0.153972,1597464,8530773,246788
VV,5,-9.95,0.155695,0.869138,0.264083,0.152129,1602909,8692261,241343
VV,5,-9.90,0.153691,0.872086,0.261327,0.150303,1608347,8856463,235905
VV,5,-9.85,0.151721,0.874887,0.258596,0.148499,1613512,9021253,230740
VV,5,-9.80,0.149808,0.877691,0.255932,0.146744,1618683,9186389,225569
VV,5,-9.75,0.147961,0.880604,0.253353,0.145051,1624055,9352206,220197
VV,5,-9.70,0.146106,0.883304,0.250738,0.143340,1629036,9520625,215216
VV,5,-9.65,0.144308,0.886021,0.248193,0.141678,1634046,9689264,210206
VV,5,-9.60,0.142582,0.888866,0.245744,0.140085,1639292,9857913,204960
VV,5,-9.55,0.140872,0.891621,0.243303,0.138501,1644373,10028433,199879
VV,5,-9.50,0.139201,0.894258,0.240903,0.136947,1649237,10198608,195015
VV,5,-9.45,0.137591,0.896958,0.238583,0.135450,1654217,10368524,190035
VV,5,-9.40,0.136029,0.899656,0.236325,0.133996,1659193,10538169,185059
VV,5,-9.35,0.134493,0.902275,0.234092,0.132562,1664023,10708524,180229
VV,5,-9.30,0.132978,0.904844,0.231879,0.131144,1668761,10880373,175491
VV,5,-9.25,0.131505,0.907380,0.229717,0.129763,1673438,11051881,170814
VV,5,-9.20,0.130056,0.909939,0.227584,0.128403,1678157,11225185,166095
VV,5,-9.15,0.128665,0.912397,0.225526,0.127095,1682690,11395419,161562
VV,5,-9.10,0.127300,0.914883,0.223501,0.125810,1687274,11567039,156978
VV,5,-9.05,0.125959,0.917247,0.221501,0.124544,1691635,11738430,152617
VV,5,-9.00,0.124667,0.919612,0.219568,0.123323,1695997,11908213,148255
VV,5,-8.95,0.123388,0.921842,0.217644,0.122110,1700109,12078480,144143
VV,5,-8.90,0.122154,0.924088,0.215784,0.120940,1704251,12247418,140001
VV,5,-8.85,0.120957,0.926396,0.213976,0.119806,1708508,12416419,135744
VV,5,-8.80,0.119782,0.928594,0.212193,0.118689,1712561,12584740,131691
VV,5,-8.75,0.118607,0.930589,0.210398,0.117567,1716241,12753776,128011
VV,5,-8.70,0.117492,0.932680,0.208695,0.116504,1720097,12919961,124155
VV,5,-8.65,0.116412,0.934744,0.207040,0.115474,1723904,13084715,120348
VV,5,-8.60,0.115353,0.936782,0.205411,0.114461,1727662,13249576,116590
VV,5,-8.55,0.114326,0.938828,0.203830,0.113481,1731436,13413309,112816
VV,5,-8.50,0.113317,0.940737,0.202270,0.112514,1734957,13575636,109295
VV,5,-8.45,0.112335,0.942541,0.200745,0.111571,1738284,13735760,105968
VV,5,-8.40,0.111393,0.944459,0.199282,0.110668,1741820,13894928,102432
VV,5,-8.35,0.110469,0.946239,0.197841,0.109780,1745104,14052103,99148
VV,5,-8.30,0.109571,0.948025,0.196439,0.108917,1748397,14208284,95855
VV,5,-8.25,0.108701,0.949745,0.195075,0.108079,1751569,14362122,92683
VV,5,-8.20,0.107861,0.951472,0.193758,0.107271,1754754,14513881,89498
VV,5,-8.15,0.107035,0.953065,0.192456,0.106473,1757692,14664008,86560
VV,5,-8.10,0.106230,0.954628,0.191184,0.105696,1760575,14812738,83677
VV,5,-8.05,0.105455,0.956177,0.189960,0.104948,1763432,14958624,80820
VV,5,-8.00,0.104703,0.957691,0.188768,0.104221,1766223,15102728,78029
VV,5,-7.95,0.103983,0.959161,0.187626,0.103525,1768935,15242826,75317
VV,5,-7.90,0.103276,0.960557,0.186500,0.102840,1771509,15381640,72743
VV,5,-7.85,0.102595,0.961945,0.185415,0.102180,1774069,15517909,70183
VV,5,-7.80,0.101941,0.963309,0.184371,0.101547,1776585,15650971,67667
VV,5,-7.75,0.101303,0.964652,0.183351,0.100928,1779062,15782780,65190
VV,5,-7.70,0.100695,0.965971,0.182378,0.100339,1781494,15910552,62758
VV,5,-7.65,0.100098,0.967185,0.181420,0.099759,1783733,16036115,60519
VV,5,-7.60,0.099523,0.968361,0.180496,0.099201,1785902,16158690,58350
VV,5,-7.55,0.098968,0.969543,0.179602,0.098661,1788081,16279257,56171
VV,5,-7.50,0.098437,0.970673,0.178748,0.098146,1790165,16395643,54087
VV,5,-7.45,0.097913,0.971675,0.177900,0.097634,1792013,16510083,52239
VV,5,-7.40,0.097421,0.972751,0.177105,0.097156,1793998,16620892,50254
VV,5,-7.35,0.096951,0.973813,0.176345,0.096699,1795956,16728486,48296
VV,5,-7.30,0.096487,0.974758,0.175593,0.096247,1797699,16833794,46553
VV,5,-7.25,0.096046,0.975732,0.174878,0.095817,1799495,16936272,44757
VV,5,-7.20,0.095619,0.976690,0.174186,0.095402,1801262,17036577,42990
VV,5,-7.15,0.095213,0.977605,0.173526,0.095006,1802950,17132943,41302
VV,5,-7.10,0.094815,0.978466,0.172879,0.094618,1804537,17227562,39715
VV,5,-7.05,0.094439,0.979335,0.172267,0.094252,1806141,17318740,38111
VV,5,-7.00,0.094073,0.980145,0.171670,0.093894,1807635,17407542,36617
VV,5,-6.95,0.093732,0.980933,0.171113,0.093561,1809088,17491651,35164
VV,5,-6.90,0.093402,0.981680,0.170575,0.093239,1810466,17573122,33786
VV,5,-6.85,0.093084,0.982401,0.170054,0.092929,1811795,17652361,32457
VV,5,-6.80,0.092774,0.983066,0.169547,0.092626,1813022,17729326,31230
VV,5,-6.75,0.092479,0.983747,0.169065,0.092338,1814278,17803992,29974
VV,5,-6.70,0.092196,0.984393,0.168601,0.092062,1815469,17875923,28783
VV,5,-6.65,0.091928,0.985026,0.168162,0.091800,1816636,17944907,27616
VV,5,-6.60,0.091676,0.985672,0.167750,0.091554,1817827,18010935,26425
VV,5,-6.55,0.091426,0.986229,0.167340,0.091310,1818854,18075328,25398
VV,5,-6.50,0.091189,0.986737,0.166950,0.091078,1819791,18136417,24461
VV,5,-6.45,0.090964,0.987239,0.166579,0.090857,1820718,18195168,23534
VV,5,-6.40,0.090749,0.987738,0.166226,0.090647,1821637,18251713,22615
VV,5,-6.35,0.090543,0.988191,0.165886,0.090445,1822473,18305829,21779
VV,5,-6.30,0.090346,0.988631,0.165562,0.090252,1823285,18357848,20967
VV,5,-6.25,0.090159,0.989075,0.165255,0.090070,1824103,18407899,20149
VV,5,-6.20,0.089975,0.989484,0.164951,0.089889,1824858,18456959,19394
VV,5,-6.15,0.089799,0.989865,0.164660,0.089717,1825561,18503849,18691
VV,5,-6.10,0.089630,0.990241,0.164382,0.089551,1826254,18549116,17998
VV,5,-6.05,0.089475,0.990610,0.164125,0.089399,1826934,18591483,17318
VV,5,-6.00,0.089330,0.991026,0.163888,0.089258,1827702,18632349,16550
VV,5,-5.95,0.089186,0.991368,0.163650,0.089117,1828333,18671892,15919
VV,5,-5.90,0.089049,0.991695,0.163424,0.088983,1828936,18709578,15316
VV,5,-5.85,0.088918,0.992011,0.163208,0.088855,1829518,18745750,14734
VV,5,-5.80,0.088794,0.992341,0.163002,0.088733,1830127,18780888,14125
VV,5,-5.75,0.088676,0.992636,0.162808,0.088618,1830671,18813764,13581
VV,5,-5.70,0.088561,0.992916,0.162618,0.088505,1831188,18845872,13064
VV,5,-5.65,0.088448,0.993154,0.162431,0.088394,1831626,18876842,12626
VV,5,-5.60,0.088345,0.993442,0.162260,0.088293,1832157,18906591,12095
VV,5,-5.55,0.088244,0.993670,0.162094,0.088195,1832577,18934496,11675
VV,5,-5.50,0.088148,0.993911,0.161934,0.088100,1833022,18961808,11230
VV,5,-5.45,0.088054,0.994122,0.161778,0.088008,1833412,18988134,10840
VV,5,-5.40,0.087964,0.994344,0.161629,0.087920,1833820,19013626,10432
VV,5,-5.35,0.087879,0.994563,0.161490,0.087837,1834224,19037812,10028
VV,5,-5.30,0.087795,0.994751,0.161349,0.087754,1834571,19061577,9681
VV,5,-5.25,0.087717,0.994948,0.161220,0.087678,1834934,19083859,9318
VV,5,-5.20,0.087637,0.995114,0.161088,0.087600,1835241,19106057,9011
VV,5,-5.15,0.087562,0.995276,0.160964,0.087526,1835539,19127084,8713
VV,5,-5.10,0.087492,0.995432,0.160847,0.087457,1835827,19146966,8425
VV,5,-5.05,0.087425,0.995612,0.160736,0.087391,1836159,19166546,8093
VV,5,-5.00,0.087359,0.995749,0.160626,0.087326,1836413,19185077,7839
VV,5,-4.95,0.087292,0.995873,0.160515,0.087261,1836641,19203519,7611
VV,5,-4.90,0.087232,0.996019,0.160414,0.087201,1836910,19220930,7342
VV,5,-4.85,0.087171,0.996142,0.160313,0.087141,1837136,19238016,7116
VV,5,-4.80,0.087115,0.996269,0.160221,0.087087,1837371,19253838,6881
VV,5,-4.75,0.087058,0.996377,0.160126,0.087031,1837570,19269763,6682
VV,5,-4.70,0.087005,0.996493,0.160037,0.086978,1837784,19284963,6468
VV,5,-4.65,0.086953,0.996579,0.159950,0.086927,1837942,19299255,6310
VV,5,-4.60,0.086903,0.996678,0.159867,0.086878,1838125,19313342,6127
VV,5,-4.55,0.086853,0.996779,0.159783,0.086828,1838312,19327541,5940
VV,5,-4.50,0.086805,0.996868,0.159703,0.086781,1838475,19340982,5777
VV,5,-4.45,0.086757,0.996941,0.159624,0.086734,1838611,19353972,5641
VV,5,-4.40,0.086713,0.997023,0.159549,0.086690,1838761,19366496,5491
VV,5,-4.35,0.086668,0.997115,0.159475,0.086646,1838931,19379161,5321
VV,5,-4.30,0.086624,0.997178,0.159401,0.086603,1839047,19391241,5205
VV,5,-4.25,0.086584,0.997267,0.159335,0.086564,1839212,19402710,5040
VV,5,-4.20,0.086544,0.997344,0.159267,0.086524,1839353,19414077,4899
VV,5,-4.15,0.086506,0.997420,0.159204,0.086487,1839494,19424853,4758
VV,5,-4.10,0.086468,0.997479,0.159141,0.086449,1839602,19435360,4650
VV,5,-4.05,0.086429,0.997535,0.159076,0.086411,1839705,19445946,4547
VV,5,-4.00,0.086395,0.997597,0.159018,0.086377,1839820,19455719,4432
VV,5,-3.95,0.086361,0.997661,0.158961,0.086343,1839938,19465357,4314
VV,5,-3.90,0.086327,0.997716,0.158905,0.086310,1840040,19474722,4212
VV,5,-3.85,0.086295,0.997762,0.158851,0.086278,1840125,19483558,4127
VV,5,-3.80,0.086263,0.997809,0.158798,0.086247,1840212,19492338,4040
VV,5,-3.75,0.086232,0.997860,0.158745,0.086216,1840306,19501152,3946
VV,5,-3.70,0.086201,0.997910,0.158693,0.086185,1840398,19509735,3854
VV,5,-3.65,0.086171,0.997956,0.158644,0.086156,1840482,19517917,3770
VV,5,-3.60,0.086143,0.998005,0.158596,0.086128,1840573,19525967,3679
VV,5,-3.55,0.086116,0.998051,0.158552,0.086102,1840657,19533456,3595
VV,5,-3.50,0.086089,0.998093,0.158506,0.086075,1840735,19541024,3517
VV,5,-3.45,0.086063,0.998137,0.158463,0.086049,1840817,19548394,3435
VV,5,-3.40,0.086037,0.998176,0.158419,0.086023,1840888,19555576,3364
VV,5,-3.35,0.086011,0.998218,0.158376,0.085998,1840966,19562816,3286
VV,5,-3.30,0.085987,0.998255,0.158336,0.085974,1841034,19569497,3218
VV,5,-3.25,0.085964,0.998297,0.158298,0.085952,1841112,19576029,3140
VV,5,-3.20,0.085941,0.998325,0.158258,0.085928,1841163,19582461,3089
VV,5,-3.15,0.085917,0.998361,0.158218,0.085905,1841229,19589088,3023
VV,5,-3.10,0.085895,0.998389,0.158182,0.085883,1841281,19595076,2971
VV,5,-3.05,0.085874,0.998425,0.158146,0.085862,1841347,19601127,2905
VV,5,-3.00,0.085854,0.998464,0.158113,0.085843,1841419,19606836,2833
VV,5,-2.95,0.085834,0.998501,0.158080,0.085823,1841488,19612457,2764
VV,5,-2.90,0.085815,0.998538,0.158047,0.085804,1841556,19618038,2696
VV,5,-2.85,0.085795,0.998567,0.158014,0.085784,1841610,19623656,2642
VV,5,-2.80,0.085778,0.998620,0.157985,0.085768,1841707,19628939,2545
VV,5,-2.75,0.085759,0.998650,0.157954,0.085749,1841762,19634198,2490
VV,5,-2.70,0.085741,0.998678,0.157923,0.085731,1841813,19639343,2439
VV,5,-2.65,0.085724,0.998715,0.157895,0.085714,1841882,19644347,2370
VV,5,-2.60,0.085707,0.998741,0.157867,0.085698,1841930,19649052,2322
VV,5,-2.55,0.085692,0.998778,0.157841,0.085683,1841999,19653701,2253
VV,5,-2.50,0.085676,0.998815,0.157816,0.085668,1842066,19658201,2186
VV,5,-2.45,0.085661,0.998842,0.157790,0.085652,1842116,19662615,2136
VV,5,-2.40,0.085644,0.998864,0.157762,0.085636,1842157,19667268,2095
VV,5,-2.35,0.085628,0.998877,0.157734,0.085620,1842181,19671576,2071
VV,5,-2.30,0.085613,0.998897,0.157709,0.085605,1842217,19675806,2035
VV,5,-2.25,0.085600,0.998923,0.157687,0.085592,1842266,19679625,1986
VV,5,-2.20,0.085586,0.998947,0.157664,0.085578,1842310,19683475,1942
VV,5,-2.15,0.085573,0.998970,0.157642,0.085566,1842353,19687224,1899
VV,5,-2.10,0.085560,0.998991,0.157621,0.085553,1842391,19690907,1861
VV,5,-2.05,0.085547,0.999013,0.157599,0.085540,1842432,19694522,1820
VV,5,-2.00,0.085534,0.999032,0.157577,0.085527,1842467,19698185,1785
VV,5,-1.95,0.085522,0.999052,0.157556,0.085515,1842504,19701806,1748
VV,5,-1.90,0.085510,0.999077,0.157537,0.085504,1842550,19705107,1702
VV,5,-1.85,0.085499,0.999091,0.157518,0.085492,1842576,19708320,1676
VV,5,-1.80,0.085486,0.999106,0.157497,0.085480,1842603,19711720,1649
VV,5,-1.75,0.085475,0.999130,0.157478,0.085468,1842648,19715134,1604
VV,5,-1.70,0.085463,0.999143,0.157458,0.085457,1842672,19718347,1580
VV,5,-1.65,0.085453,0.999158,0.157441,0.085447,1842700,19721202,1552
VV,5,-1.60,0.085442,0.999178,0.157423,0.085436,1842736,19724330,1516
VV,5,-1.55,0.085432,0.999195,0.157406,0.085426,1842767,19727219,1485
VV,5,-1.50,0.085422,0.999211,0.157388,0.085416,1842796,19730154,1456
VV,5,-1.45,0.085412,0.999229,0.157373,0.085407,1842831,19732831,1421
VV,5,-1.40,0.085402,0.999246,0.157356,0.085397,1842862,19735730,1390
VV,5,-1.35,0.085392,0.999259,0.157339,0.085387,1842886,19738537,1366
VV,5,-1.30,0.085383,0.999276,0.157324,0.085378,1842916,19741155,1336
VV,5,-1.25,0.085374,0.999290,0.157308,0.085369,1842942,19743798,1310
VV,5,-1.20,0.085365,0.999299,0.157293,0.085360,1842960,19746240,1292
VV,5,-1.15,0.085356,0.999314,0.157279,0.085351,1842987,19748721,1265
VV,5,-1.10,0.085348,0.999328,0.157264,0.085343,1843013,19751137,1239
VV,5,-1.05,0.085340,0.999342,0.157251,0.085335,1843038,19753497,1214
VV,5,-1.00,0.085331,0.999354,0.157237,0.085327,1843061,19755778,1191
VV,5,-0.95,0.085324,0.999361,0.157224,0.085319,1843074,19757845,1178
VV,5,-0.90,0.085316,0.999375,0.157211,0.085311,1843099,19760132,1153
VV,5,-0.85,0.085309,0.999386,0.157199,0.085305,1843119,19762059,1133
VV,5,-0.80,0.085302,0.999391,0.157187,0.085297,1843129,19764062,1123
VV,5,-0.75,0.085294,0.999404,0.157174,0.085290,1843152,19766257,1100
VV,5,-0.70,0.085287,0.999419,0.157163,0.085283,1843180,19768208,1072
VV,5,-0.65,0.085281,0.999428,0.157152,0.085277,1843198,19770040,1054
VV,5,-0.60,0.085274,0.999437,0.157141,0.085270,1843214,19771929,1038
VV,5,-0.55,0.085268,0.999450,0.157130,0.085264,1843238,19773836,1014
VV,5,-0.50,0.085261,0.999455,0.157118,0.085257,1843246,19775696,1006
VV,5,-0.45,0.085255,0.999468,0.157109,0.085251,1843270,19777404,982
VV,5,-0.40,0.085249,0.999477,0.157098,0.085245,1843288,19779163,964
VV,5,-0.35,0.085243,0.999489,0.157088,0.085239,1843310,19780938,942
VV,5,-0.30,0.085237,0.999499,0.157079,0.085233,1843328,19782557,924
VV,5,-0.25,0.085232,0.999507,0.157069,0.085228,1843343,19784133,909
VV,5,-0.20,0.085226,0.999521,0.157060,0.085223,1843368,19785733,884
VV,5,-0.15,0.085221,0.999529,0.157051,0.085217,1843383,19787285,869
VV,5,-0.10,0.085216,0.999541,0.157043,0.085212,1843406,19788807,846
VV,5,-0.05,0.085210,0.999550,0.157034,0.085207,1843422,19790387,830
VV,5,-0.00,0.085205,0.999559,0.157025,0.085202,1843438,19791856,814
VV,5,0.05,0.085200,0.999569,0.157017,0.085197,1843458,19793314,794
VV,5,0.10,0.085195,0.999579,0.157009,0.085192,1843475,19794701,777
VV,5,0.15,0.085190,0.999586,0.157000,0.085187,1843488,19796189,764
VV,5,0.20,0.085186,0.999600,0.156992,0.085183,1843515,19797646,737
VV,5,0.25,0.085181,0.999607,0.156984,0.085178,1843528,19798988,724
VV,5,0.30,0.085176,0.999615,0.156976,0.085173,1843542,19800442,710
VV,5,0.35,0.085171,0.999624,0.156968,0.085168,1843558,19801757,694
VV,5,0.40,0.085167,0.999638,0.156962,0.085165,1843584,19803012,668
VV,5,0.45,0.085162,0.999643,0.156953,0.085160,1843594,19804399,658
VV,5,0.50,0.085158,0.999650,0.156947,0.085156,1843606,19805536,646
VV,5,0.55,0.085154,0.999660,0.156940,0.085152,1843625,19806745,627
VV,5,0.60,0.085150,0.999664,0.156933,0.085148,1843632,19807949,620
VV,5,0.65,0.085146,0.999667,0.156926,0.085143,1843637,19809045,615
VV,5,0.70,0.085142,0.999675,0.156919,0.085140,1843653,19810208,599
VV,5,0.75,0.085138,0.999688,0.156913,0.085136,1843677,19811445,575
VV,5,0.80,0.085135,0.999696,0.156907,0.085132,1843692,19812496,560
VV,5,0.85,0.085131,0.999708,0.156902,0.085129,1843714,19813566,538
VV,5,0.90,0.085127,0.999713,0.156895,0.085125,1843722,19814639,530
VV,5,0.95,0.085124,0.999714,0.156889,0.085122,1843725,19815597,527
VV,5,1.00,0.085120,0.999721,0.156883,0.085118,1843737,19816623,515
VV,5,1.05,0.085116,0.999725,0.156877,0.085115,1843745,19817684,507
VV,5,1.10,0.085113,0.999733,0.156871,0.085111,1843759,19818641,493
VV,5,1.15,0.085110,0.999735,0.156866,0.085108,1843764,19819466,488
VV,5,1.20,0.085107,0.999745,0.156861,0.085105,1843781,19820419,471
VV,5,1.25,0.085104,0.999748,0.156856,0.085102,1843788,19821332,464
VV,5,1.30,0.085101,0.999752,0.156850,0.085099,1843794,19822223,458
VV,5,1.35,0.085097,0.999755,0.156844,0.085096,1843800,19823162,452
VV,5,1.40,0.085095,0.999761,0.156840,0.085093,1843811,19823981,441
VV,5,1.45,0.085091,0.999763,0.156834,0.085089,1843814,19824878,438
VV,5,1.50,0.085088,0.999767,0.156829,0.085087,1843822,19825711,430
VV,5,1.55,0.085086,0.999775,0.156825,0.085084,1843837,19826510,415
VV,5,1.60,0.085083,0.999779,0.156821,0.085082,1843845,19827227,407
VV,5,1.65,0.085081,0.999783,0.156816,0.085079,1843851,19827980,401
VV,5,1.70,0.085078,0.999791,0.156812,0.085077,1843866,19828762,386
VV,5,1.75,0.085075,0.999795,0.156807,0.085074,1843874,19829599,378
VV,5,1.80,0.085072,0.999797,0.156802,0.085071,1843877,19830416,375
VV,5,1.85,0.085069,0.999802,0.156798,0.085068,1843887,19831185,365
VV,5,1.90,0.085067,0.999805,0.156793,0.085066,1843893,19831901,359
VV,5,1.95,0.085064,0.999807,0.156788,0.085063,1843896,19832671,356
VV,5,2.00,0.085062,0.999812,0.156785,0.085061,1843906,19833318,346
VV,5,2.05,0.085059,0.999814,0.156781,0.085058,1843909,19833993,343
VV,5,2.10,0.085057,0.999818,0.156777,0.085056,1843916,19834643,336
VV,5,2.15,0.085055,0.999822,0.156773,0.085054,1843923,19835301,329
VV,5,2.20,0.085053,0.999830,0.156770,0.085052,1843938,19835961,314
VV,5,2.25,0.085051,0.999835,0.156767,0.085050,1843947,19836545,305
VV,5,2.30,0.085049,0.999841,0.156764,0.085048,1843958,19837117,294
VV,5,2.35,0.085047,0.999845,0.156760,0.085046,1843967,19837733,285
VV,5,2.40,0.085046,0.999853,0.156758,0.085045,1843980,19838250,272
VV,5,2.45,0.085044,0.999856,0.156755,0.085043,1843987,19838786,265
VV,5,2.50,0.085042,0.999861,0.156751,0.085041,1843995,19839379,257
VV,5,2.55,0.085040,0.999864,0.156748,0.085039,1844001,19839924,251
VV,5,2.60,0.085038,0.999868,0.156745,0.085037,1844008,19840481,244
VV,5,2.65,0.085036,0.999873,0.156742,0.085035,1844017,19841031,235
VV,5,2.70,0.085034,0.999874,0.156739,0.085033,1844020,19841592,232
VV,5,2.75,0.085032,0.999877,0.156736,0.085032,1844026,19842123,226
VV,5,2.80,0.085031,0.999880,0.156733,0.085030,1844030,19842604,222
VV,5,2.85,0.085029,0.999884,0.156730,0.085028,1844038,19843149,214
VV,5,2.90,0.085028,0.999891,0.156728,0.085027,1844051,19843610,201
VV,5,2.95,0.085026,0.999893,0.156725,0.085025,1844055,19844049,197
VV,5,3.00,0.085024,0.999895,0.156722,0.085024,1844058,19844543,194
VV,5,3.05,0.085022,0.999896,0.156719,0.085022,1844061,19845054,191
VV,5,3.10,0.085021,0.999900,0.156716,0.085020,1844067,19845550,185
VV,5,3.15,0.085019,0.999905,0.156714,0.085019,1844076,19845994,176
VV,5,3.20,0.085018,0.999906,0.156711,0.085017,1844079,19846485,173
VV,5,3.25,0.085016,0.999908,0.156708,0.085015,1844083,19846946,169
VV,5,3.30,0.085015,0.999909,0.156706,0.085014,1844085,19847319,167
VV,5,3.35,0.085013,0.999913,0.156704,0.085013,1844091,19847691,161
VV,5,3.40,0.085012,0.999915,0.156702,0.085012,1844096,19848033,156
VV,5,3.45,0.085011,0.999917,0.156700,0.085010,1844099,19848388,153
VV,5,3.50,0.085010,0.999922,0.156698,0.085009,1844108,19848801,144
VV,5,3.55,0.085008,0.999923,0.156695,0.085008,1844110,19849137,142
VV,5,3.60,0.085007,0.999925,0.156693,0.085007,1844114,19849485,138
VV,5,3.65,0.085006,0.999926,0.156691,0.085006,1844116,19849823,136
VV,5,3.70,0.085005,0.999932,0.156690,0.085005,1844127,19850138,125
VV,5,3.75,0.085004,0.999934,0.156688,0.085004,1844131,19850466,121
VV,5,3.80,0.085003,0.999941,0.156687,0.085003,1844143,19850772,109
VV,5,3.85,0.085002,0.999944,0.156686,0.085002,1844148,19851079,104
VV,5,3.90,0.085002,0.999946,0.156684,0.085001,1844153,19851359,99
VV,5,3.95,0.085000,0.999949,0.156682,0.085000,1844158,19851711,94
VV,5,4.00,0.084999,0.999951,0.156680,0.084999,1844162,19852011,90
VV,5,4.05,0.084999,0.999954,0.156679,0.084998,1844168,19852274,84
VV,5,4.10,0.084998,0.999958,0.156678,0.084997,1844174,19852569,78
VV,5,4.15,0.084997,0.999962,0.156676,0.084997,1844182,19852868,70
VV,5,4.20,0.084996,0.999963,0.156675,0.084996,1844184,19853156,68
VV,5,4.25,0.084995,0.999964,0.156673,0.084995,1844186,19853431,66
VV,5,4.30,0.084994,0.999967,0.156671,0.084994,1844191,19853718,61
VV,5,4.35,0.084993,0.999971,0.156670,0.084993,1844198,19853959,54
VV,5,4.40,0.084992,0.999973,0.156669,0.084992,1844202,19854239,50
VV,5,4.45,0.084992,0.999978,0.156668,0.084992,1844212,19854457,40
VV,5,4.50,0.084991,0.999979,0.156667,0.084991,1844214,19854688,38
VV,5,4.55,0.084990,0.999979,0.156665,0.084990,1844214,19854898,38
VV,5,4.60,0.084990,0.999980,0.156664,0.084990,1844215,19855074,37
VV,5,4.65,0.084989,0.999982,0.156663,0.084989,1844219,19855301,33
VV,5,4.70,0.084988,0.999985,0.156662,0.084988,1844225,19855514,27
VV,5,4.75,0.084987,0.999987,0.156660,0.084987,1844228,19855796,24
VV,5,4.80,0.084987,0.999990,0.156659,0.084987,1844233,19855998,19
VV,5,4.85,0.084986,0.999992,0.156659,0.084986,1844238,19856168,14
VV,5,4.90,0.084986,0.999996,0.156658,0.084986,1844244,19856392,8
VV,5,4.95,0.084985,0.999999,0.156657,0.084985,1844250,19856568,2
VV,5,5.00,0.084984,1.000000,0.156656,0.084984,1844252,19856809,0
VH,1,-44.95,0.313910,0.000091,0.000183,0.000091,167,365,1828937
VH,1,-44.90,0.307335,0.000181,0.000362,0.000181,331,746,1828773
VH,1,-44.85,0.319162,0.000283,0.000566,0.000283,518,1105,1828586
VH,1,-44.80,0.313975,0.000378,0.000756,0.000378,692,1512,1828412
VH,1,-44.75,0.312410,0.000473,0.000945,0.000473,866,1906,1828238
VH,1,-44.70,0.314637,0.000574,0.001145,0.000573,1049,2285,1828055
VH,1,-44.65,0.315803,0.000670,0.001337,0.000669,1225,2654,1827879
VH,1,-44.60,0.314798,0.000768,0.001531,0.000766,1404,3056,1827700
VH,1,-44.55,0.312462,0.000854,0.001703,0.000852,1562,3437,1827542
VH,1,-44.50,0.315723,0.000954,0.001902,0.000952,1745,3782,1827359
VH,1,-44.45,0.314108,0.001048,0.002089,0.001046,1917,4186,1827187
VH,1,-44.40,0.317191,0.001153,0.002298,0.001150,2109,4540,1826995
VH,1,-44.35,0.314202,0.001236,0.002463,0.001233,2261,4935,1826843
VH,1,-44.30,0.312121,0.001322,0.002633,0.001318,2418,5329,1826686
VH,1,-44.25,0.314833,0.001430,0.002846,0.001425,2615,5691,1826489
VH,1,-44.20,0.315020,0.001520,0.003026,0.001515,2781,6047,1826323
VH,1,-44.15,0.316115,0.001623,0.003229,0.001617,2968,6421,1826136
VH,1,-44.10,0.315768,0.001723,0.003428,0.001717,3152,6830,1825952
VH,1,-44.05,0.316746,0.001830,0.003640,0.001823,3348,7222,1825756
VH,1,-44.00,0.317859,0.001935,0.003847,0.001927,3540,7597,1825564
VH,1,-43.95,0.316931,0.002028,0.004031,0.002019,3710,7996,1825394
VH,1,-43.90,0.316954,0.002130,0.004232,0.002120,3896,8396,1825208
VH,1,-43.85,0.317375,0.002229,0.004427,0.002218,4077,8769,1825027
VH,1,-43.80,0.316469,0.002319,0.004604,0.002307,4241,9160,1824863
VH,1,-43.75,0.316874,0.002421,0.004805,0.002408,4428,9546,1824676
VH,1,-43.70,0.318091,0.002529,0.005018,0.002515,4626,9917,1824478
VH,1,-43.65,0.318155,0.002620,0.005198,0.002606,4793,10272,1824311
VH,1,-43.60,0.318042,0.002722,0.005397,0.002706,4978,10674,1824126
VH,1,-43.55,0.318322,0.002829,0.005608,0.002812,5174,11080,1823930
VH,1,-43.50,0.318295,0.002928,0.005802,0.002909,5355,11469,1823749
VH,1,-43.45,0.318031,0.003034,0.006010,0.003014,5549,11899,1823555
VH,1,-43.40,0.318744,0.003141,0.006222,0.003120,5746,12281,1823358
VH,1,-43.35,0.320798,0.003260,0.006455,0.003238,5963,12625,1823141
VH,1,-43.30,0.321741,0.003374,0.006678,0.003350,6171,13009,1822933
VH,1,-43.25,0.322865,0.003485,0.006895,0.003459,6374,13368,1822730
VH,1,-43.20,0.323532,0.003603,0.007127,0.003576,6591,13781,1822513
VH,1,-43.15,0.323782,0.003707,0.007330,0.003678,6780,14160,1822324
VH,1,-43.10,0.325033,0.003825,0.007561,0.003795,6996,14528,1822108
VH,1,-43.05,0.325814,0.003940,0.007786,0.003908,7207,14913,1821897
VH,1,-43.00,0.326417,0.004059,0.008019,0.004026,7425,15322,1821679
VH,1,-42.95,0.325880,0.004159,0.008214,0.004124,7608,15738,1821496
VH,1,-42.90,0.326363,0.004284,0.008456,0.004246,7835,16172,1821269
VH,1,-42.85,0.327437,0.004413,0.008708,0.004373,8071,16578,1821033
VH,1,-42.80,0.328100,0.004536,0.008947,0.004494,8296,16989,1820808
VH,1,-42.75,0.327886,0.004651,0.009172,0.004607,8507,17438,1820597
VH,1,-42.70,0.328424,0.004767,0.009397,0.004721,8719,17829,1820385
VH,1,-42.65,0.328576,0.004883,0.009624,0.004835,8932,18252,1820172
VH,1,-42.60,0.329558,0.005011,0.009871,0.004960,9165,18645,1819939
VH,1,-42.55,0.329568,0.005120,0.010083,0.005067,9365,19051,1819739
VH,1,-42.50,0.329952,0.005246,0.010328,0.005191,9596,19487,1819508
VH,1,-42.45,0.329668,0.005361,0.010550,0.005303,9805,19937,1819299
VH,1,-42.40,0.329950,0.005492,0.010804,0.005431,10045,20399,1819059
VH,1,-42.35,0.330966,0.005632,0.011075,0.005568,10301,20823,1818803
VH,1,-42.30,0.332128,0.005774,0.011350,0.005708,10561,21237,1818543
VH,1,-42.25,0.331641,0.005891,0.011576,0.005822,10775,21715,1818329
VH,1,-42.20,0.331565,0.006015,0.011816,0.005943,11002,22180,1818102
VH,1,-42.15,0.331956,0.006151,0.012078,0.006076,11251,22642,1817853
VH,1,-42.10,0.331780,0.006269,0.012305,0.006190,11466,23093,1817638
VH,1,-42.05,0.332700,0.006417,0.012592,0.006336,11738,23543,1817366
VH,1,-42.00,0.332250,0.006541,0.012830,0.006457,11965,24047,1817139
VH,1,-41.95,0.332416,0.006673,0.013084,0.006585,12206,24513,1816898
VH,1,-41.90,0.332621,0.006808,0.013343,0.006717,12453,24986,1816651
VH,1,-41.85,0.332757,0.006939,0.013595,0.006844,12693,25452,1816411
VH,1,-41.80,0.333239,0.007084,0.013874,0.006985,12958,25927,1816146
VH,1,-41.75,0.333157,0.007217,0.014128,0.007114,13201,26423,1815903
VH,1,-41.70,0.333540,0.007351,0.014384,0.007244,13445,26865,1815659
VH,1,-41.65,0.333926,0.007490,0.014651,0.007380,13700,27327,1815404
VH,1,-41.60,0.333724,0.007624,0.014908,0.007510,13946,27843,1815158
VH,1,-41.55,0.334330,0.007764,0.015176,0.007646,14202,28277,1814902
VH,1,-41.50,0.335293,0.007920,0.015475,0.007798,14487,28720,1814617
VH,1,-41.45,0.335366,0.008059,0.015740,0.007932,14741,29214,1814363
VH,1,-41.40,0.335352,0.008205,0.016017,0.008073,15007,29743,1814097
VH,1,-41.35,0.335699,0.008353,0.016300,0.008217,15278,30233,1813826
VH,1,-41.30,0.335651,0.008499,0.016578,0.008358,15545,30768,1813559
VH,1,-41.25,0.336215,0.008653,0.016873,0.008508,15828,31249,1813276
VH,1,-41.20,0.336928,0.008813,0.017177,0.008663,16120,31724,1812984
VH,1,-41.15,0.337088,0.008966,0.017468,0.008811,16400,32252,1812704
VH,1,-41.10,0.337324,0.009120,0.017759,0.008959,16681,32770,1812423
VH,1,-41.05,0.337891,0.009282,0.018068,0.009116,16978,33269,1812126
VH,1,-41.00,0.338765,0.009469,0.018422,0.009297,17319,33805,1811785
VH,1,-40.95,0.338931,0.009621,0.018711,0.009444,17598,34324,1811506
VH,1,-40.90,0.339177,0.009784,0.019019,0.009601,17896,34867,1811208
VH,1,-40.85,0.339110,0.009939,0.019312,0.009750,18179,35429,1810925
VH,1,-40.80,0.339473,0.010116,0.019646,0.009921,18503,36002,1810601
VH,1,-40.75,0.339636,0.010282,0.019960,0.010081,18807,36567,1810297
VH,1,-40.70,0.339920,0.010439,0.020256,0.010232,19094,37078,1810010
VH,1,-40.65,0.340580,0.010611,0.020581,0.010398,19409,37579,1809695
VH,1,-40.60,0.340855,0.010786,0.020911,0.010566,19729,38152,1809375
VH,1,-40.55,0.341253,0.010970,0.021256,0.010742,20065,38733,1809039
VH,1,-40.50,0.341518,0.011148,0.021590,0.010913,20390,39314,1808714
VH,1,-40.45,0.341806,0.011329,0.021931,0.011087,20722,39903,1808382
VH,1,-40.40,0.342139,0.011506,0.022264,0.011257,21046,40467,1808058
VH,1,-40.35,0.342296,0.011686,0.022601,0.011429,21375,41071,1807729
VH,1,-40.30,0.342006,0.011843,0.022893,0.011579,21662,41676,1807442
VH,1,-40.25,0.342057,0.012026,0.023234,0.011754,21996,42309,1807108
VH,1,-40.20,0.342380,0.012214,0.023587,0.011934,22341,42911,1806763
VH,1,-40.15,0.342590,0.012397,0.023929,0.012109,22676,43514,1806428
VH,1,-40.10,0.342918,0.012584,0.024277,0.012287,23017,44104,1806087
VH,1,-40.05,0.343166,0.012759,0.024603,0.012455,23337,44668,1805767
VH,1,-40.00,0.343601,0.012959,0.024977,0.012646,23704,45283,1805400
VH,1,-39.95,0.343726,0.013152,0.025334,0.012830,24056,45930,1805048
VH,1,-39.90,0.344251,0.013360,0.025721,0.013028,24436,46547,1804668
VH,1,-39.85,0.344321,0.013551,0.026077,0.013211,24787,47201,1804317
VH,1,-39.80,0.344673,0.013765,0.026473,0.013414,25178,47871,1803926
VH,1,-39.75,0.345030,0.013972,0.026856,0.013611,25556,48513,1803548
VH,1,-39.70,0.345460,0.014194,0.027267,0.013822,25962,49190,1803142
VH,1,-39.65,0.345774,0.014405,0.027659,0.014023,26349,49854,1802755
VH,1,-39.60,0.346035,0.014626,0.028065,0.014232,26752,50558,1802352
VH,1,-39.55,0.346138,0.014828,0.028438,0.014424,27122,51234,1801982
VH,1,-39.50,0.346628,0.015034,0.028818,0.014620,27499,51834,1801605
VH,1,-39.45,0.347197,0.015276,0.029264,0.014849,27941,52535,1801163
VH,1,-39.40,0.347203,0.015488,0.029653,0.015050,28329,53263,1800775
VH,1,-39.35,0.347185,0.015704,0.030049,0.015253,28724,54010,1800380
VH,1,-39.30,0.347636,0.015941,0.030484,0.015478,29158,54717,1799946
VH,1,-39.25,0.347641,0.016166,0.030896,0.015690,29570,55489,1799534
VH,1,-39.20,0.347970,0.016407,0.031336,0.015918,30010,56233,1799094
VH,1,-39.15,0.348244,0.016650,0.031781,0.016147,30455,56998,1798649
VH,1,-39.10,0.348755,0.016901,0.032240,0.016384,30914,57727,1798190
VH,1,-39.05,0.349386,0.017163,0.032718,0.016631,31392,58457,1797712
VH,1,-39.00,0.350029,0.017430,0.033207,0.016884,31882,59202,1797222
VH,1,-38.95,0.350021,0.017656,0.033617,0.017096,32295,59971,1796809
VH,1,-38.90,0.350400,0.017926,0.034108,0.017350,32789,60787,1796315
VH,1,-38.85,0.350793,0.018179,0.034567,0.017588,33252,61539,1795852
VH,1,-38.80,0.351334,0.018439,0.035039,0.017832,33727,62270,1795377
VH,1,-38.75,0.351808,0.018705,0.035522,0.018082,34214,63038,1794890
VH,1,-38.70,0.351796,0.018945,0.035954,0.018306,34653,63850,1794451
VH,1,-38.65,0.352002,0.019198,0.036410,0.018543,35115,64643,1793989
VH,1,-38.60,0.352145,0.019448,0.036861,0.018777,35573,65445,1793531
VH,1,-38.55,0.352374,0.019706,0.037324,0.019017,36044,66245,1793060
VH,1,-38.50,0.352703,0.019970,0.037800,0.019264,36527,67036,1792577
VH,1,-38.45,0.352755,0.020221,0.038249,0.019497,36986,67863,1792118
VH,1,-38.40,0.353217,0.020495,0.038743,0.019754,37488,68645,1791616
VH,1,-38.35,0.353524,0.020772,0.039239,0.020012,37995,69480,1791109
VH,1,-38.30,0.353917,0.021051,0.039738,0.020272,38504,70290,1790600
VH,1,-38.25,0.354162,0.021332,0.040240,0.020533,39018,71152,1790086
VH,1,-38.20,0.353980,0.021593,0.040703,0.020774,39496,72081,1789608
VH,1,-38.15,0.354330,0.021882,0.041218,0.021043,40024,72933,1789080
VH,1,-38.10,0.354468,0.022156,0.041706,0.021297,40526,73803,1788578
VH,1,-38.05,0.354529,0.022438,0.042204,0.021557,41041,74721,1788063
VH,1,-38.00,0.354775,0.022721,0.042707,0.021819,41559,75583,1787545
VH,1,-37.95,0.354874,0.023016,0.043229,0.022092,42099,76532,1787005
VH,1,-37.90,0.355409,0.023346,0.043814,0.022398,42702,77447,1786402
VH,1,-37.85,0.356086,0.023680,0.044408,0.022708,43314,78325,1785790
VH,1,-37.80,0.356533,0.024013,0.044995,0.023015,43922,79270,1785182
VH,1,-37.75,0.356497,0.024311,0.045518,0.023289,44467,80266,1784637
VH,1,-37.70,0.356816,0.024633,0.046085,0.023586,45057,81218,1784047
VH,1,-37.65,0.357529,0.024990,0.046715,0.023916,45709,82138,1783395
VH,1,-37.60,0.357752,0.025308,0.047272,0.024208,46291,83103,1782813
VH,1,-37.55,0.358040,0.025630,0.047836,0.024504,46880,84055,1782224
VH,1,-37.50,0.358081,0.025934,0.048365,0.024782,47436,85037,1781668
VH,1,-37.45,0.358286,0.026261,0.048936,0.025082,48035,86034,1781069
VH,1,-37.40,0.358152,0.026567,0.049465,0.025360,48594,87086,1780510
VH,1,-37.35,0.358506,0.026912,0.050066,0.025676,49225,88081,1779879
VH,1,-37.30,0.358783,0.027264,0.050676,0.025997,49868,89124,1779236
VH,1,-37.25,0.358858,0.027594,0.051248,0.026298,50473,90176,1778631
VH,1,-37.20,0.359097,0.027945,0.051855,0.026618,51115,91228,1777989
VH,1,-37.15,0.359483,0.028294,0.052459,0.026936,51753,92212,1777351
VH,1,-37.10,0.359947,0.028685,0.053136,0.027293,52468,93298,1776636
VH,1,-37.05,0.360206,0.029045,0.053755,0.027620,53126,94362,1775978
VH,1,-37.00,0.360326,0.029396,0.054358,0.027938,53769,95454,1775335
VH,1,-36.95,0.360686,0.029764,0.054991,0.028273,54442,96498,1774662
VH,1,-36.90,0.360898,0.030145,0.055642,0.028617,55138,97642,1773966
VH,1,-36.85,0.361176,0.030507,0.056262,0.028945,55801,98697,1773303
VH,1,-36.80,0.361513,0.030893,0.056922,0.029295,56507,99800,1772597
VH,1,-36.75,0.361899,0.031284,0.057589,0.029648,57221,100892,1771883
VH,1,-36.70,0.362337,0.031703,0.058305,0.030028,57988,102051,1771116
VH,1,-36.65,0.362848,0.032110,0.058998,0.030396,58732,103132,1770372
VH,1,-36.60,0.363128,0.032498,0.059658,0.030746,59443,104254,1769661
VH,1,-36.55,0.363420,0.032912,0.060357,0.031118,60199,105447,1768905
VH,1,-36.50,0.363759,0.033350,0.061099,0.031512,61001,106695,1768103
VH,1,-36.45,0.364218,0.033775,0.061818,0.031895,61778,107840,1767326
VH,1,-36.40,0.364639,0.034213,0.062556,0.032288,62579,109040,1766525
VH,1,-36.35,0.365014,0.034637,0.063270,0.032668,63354,110212,1765750
VH,1,-36.30,0.365547,0.035088,0.064029,0.033074,64179,111391,1764925
VH,1,-36.25,0.365917,0.035539,0.064785,0.033477,65004,112643,1764100
VH,1,-36.20,0.366462,0.036006,0.065569,0.033896,65858,113855,1763246
VH,1,-36.15,0.366767,0.036452,0.066314,0.034294,66675,115116,1762429
VH,1,-36.10,0.367065,0.036908,0.067071,0.034699,67508,116405,1761596
VH,1,-36.05,0.367549,0.037385,0.067867,0.035125,68381,117665,1760723
VH,1,-36.00,0.367817,0.037827,0.068599,0.035518,69189,118918,1759915
VH,1,-35.95,0.368284,0.038295,0.069376,0.035934,70045,120148,1759059
VH,1,-35.90,0.368616,0.038761,0.070145,0.036347,70897,121436,1758207
VH,1,-35.85,0.368718,0.039212,0.070885,0.036745,71722,122795,1757382
VH,1,-35.80,0.369196,0.039724,0.071731,0.037200,72660,124146,1756444
VH,1,-35.75,0.369659,0.040236,0.072572,0.037652,73595,125494,1755509
VH,1,-35.70,0.369923,0.040743,0.073402,0.038099,74524,126934,1754580
VH,1,-35.65,0.370529,0.041279,0.074282,0.038574,75503,128268,1753601
VH,1,-35.60,0.370889,0.041797,0.075128,0.039030,76451,129678,1752653
VH,1,-35.55,0.371267,0.042300,0.075947,0.039472,77371,131026,1751733
VH,1,-35.50,0.371814,0.042838,0.076825,0.039947,78355,132382,1750749
VH,1,-35.45,0.372111,0.043364,0.077676,0.040407,79317,133837,1749787
VH,1,-35.40,0.372301,0.043889,0.078521,0.040865,80277,135347,1748827
VH,1,-35.35,0.372718,0.044461,0.079445,0.041366,81324,136868,1747780
VH,1,-35.30,0.373070,0.045018,0.080342,0.041852,82343,138374,1746761
VH,1,-35.25,0.373652,0.045586,0.081259,0.042350,83382,139772,1745722
VH,1,-35.20,0.374013,0.046139,0.082144,0.042831,84393,141249,1744711
VH,1,-35.15,0.374468,0.046726,0.083085,0.043343,85467,142769,1743637
VH,1,-35.10,0.375095,0.047326,0.084047,0.043867,86564,144215,1742540
VH,1,-35.05,0.375698,0.047950,0.085046,0.044412,87706,145742,1741398
VH,1,-35.00,0.375924,0.048510,0.085931,0.044895,88730,147302,1740374
VH,1,-34.95,0.376511,0.049140,0.086935,0.045443,89883,148843,1739221
VH,1,-34.90,0.376858,0.049733,0.087869,0.045954,90966,150414,1738138
VH,1,-34.85,0.377394,0.050373,0.088883,0.046508,92138,152005,1736966
VH,1,-34.80,0.377733,0.050982,0.089839,0.047032,93252,153621,1735852
VH,1,-34.75,0.378331,0.051634,0.090867,0.047596,94444,155189,1734660
VH,1,-34.70,0.378790,0.052288,0.091891,0.048158,95640,156848,1733464
VH,1,-34.65,0.379330,0.052966,0.092953,0.048742,96880,158518,1732224
VH,1,-34.60,0.379609,0.053619,0.093965,0.049299,98074,160281,1731030
VH,1,-34.55,0.380256,0.054324,0.095066,0.049905,99364,161944,1729740
VH,1,-34.50,0.380781,0.054999,0.096115,0.050484,100599,163592,1728505
VH,1,-34.45,0.381344,0.055713,0.097221,0.051094,101904,165319,1727200
VH,1,-34.40,0.381735,0.056389,0.098263,0.051670,103142,167051,1725962
VH,1,-34.35,0.382203,0.057112,0.099374,0.052285,104463,168855,1724641
VH,1,-34.30,0.382695,0.057809,0.100444,0.052878,105738,170560,1723366
VH,1,-34.25,0.383257,0.058551,0.101582,0.053509,107095,172339,1722009
VH,1,-34.20,0.383702,0.059267,0.102674,0.054115,108405,174119,1720699
VH,1,-34.15,0.384099,0.059992,0.103775,0.054727,109731,175953,1719373
VH,1,-34.10,0.384634,0.060746,0.104921,0.055365,111110,177762,1717994
VH,1,-34.05,0.385082,0.061508,0.106073,0.056007,112504,179652,1716600
VH,1,-34.00,0.385404,0.062257,0.107198,0.056635,113875,181594,1715229
VH,1,-33.95,0.385939,0.063045,0.108385,0.057298,115316,183477,1713788
VH,1,-33.90,0.386485,0.063837,0.109575,0.057963,116764,185354,1712340
VH,1,-33.85,0.386945,0.064637,0.110771,0.058633,118228,187314,1710876
VH,1,-33.80,0.387517,0.065475,0.112023,0.059335,119761,189286,1709343
VH,1,-33.75,0.387982,0.066296,0.113242,0.060020,121263,191285,1707841
VH,1,-33.70,0.388621,0.067138,0.114495,0.060724,122802,193192,1706302
VH,1,-33.65,0.388982,0.067988,0.115746,0.061428,124358,195343,1704746
VH,1,-33.60,0.389391,0.068826,0.116975,0.062121,125889,197408,1703215
VH,1,-33.55,0.389866,0.069671,0.118216,0.062821,127435,199434,1701669
VH,1,-33.50,0.390229,0.070514,0.119444,0.063515,128977,201539,1700127
VH,1,-33.45,0.390831,0.071405,0.120750,0.064254,130608,203572,1698496
VH,1,-33.40,0.391192,0.072288,0.122027,0.064978,132222,205776,1696882
VH,1,-33.35,0.391524,0.073150,0.123269,0.065683,133799,207940,1695305
VH,1,-33.30,0.392132,0.074095,0.124639,0.066462,135528,210090,1693576
VH,1,-33.25,0.392763,0.075039,0.126005,0.067239,137255,212205,1691849
VH,1,-33.20,0.393206,0.075948,0.127307,0.067981,138917,214376,1690187
VH,1,-33.15,0.393684,0.076877,0.128635,0.068738,140616,216564,1688488
VH,1,-33.10,0.394212,0.077862,0.130039,0.069541,142417,218853,1686687
VH,1,-33.05,0.394609,0.078777,0.131336,0.070283,144092,221059,1685012
VH,1,-33.00,0.395039,0.079775,0.132743,0.071090,145916,223455,1683188
VH,1,-32.95,0.395647,0.080812,0.134211,0.071933,147814,225787,1681290
VH,1,-32.90,0.396064,0.081813,0.135613,0.072739,149645,228185,1679459
VH,1,-32.85,0.396639,0.082849,0.137067,0.073576,151539,230519,1677565
VH,1,-32.80,0.397049,0.083856,0.138468,0.074384,153382,232923,1675722
VH,1,-32.75,0.397319,0.084809,0.139781,0.075142,155124,235303,1673980
VH,1,-32.70,0.397745,0.085840,0.141206,0.075966,157011,237742,1672093
VH,1,-32.65,0.398002,0.086870,0.142612,0.076781,158894,240335,1670210
VH,1,-32.60,0.398454,0.087925,0.144061,0.077622,160824,242796,1668280
VH,1,-32.55,0.398764,0.089005,0.145528,0.078474,162799,245460,1666305
VH,1,-32.50,0.399379,0.090151,0.147097,0.079388,164895,247984,1664209
VH,1,-32.45,0.399616,0.091218,0.148531,0.080224,166847,250671,1662257
VH,1,-32.40,0.400055,0.092348,0.150057,0.081114,168914,253313,1660190
VH,1,-32.35,0.400419,0.093469,0.151560,0.081994,170965,256000,1658139
VH,1,-32.30,0.400886,0.094638,0.153126,0.082911,173102,258697,1656002
VH,1,-32.25,0.401408,0.095796,0.154677,0.083821,175220,261294,1653884
VH,1,-32.20,0.401822,0.096956,0.156218,0.084727,177343,264004,1651761
VH,1,-32.15,0.402358,0.098129,0.157778,0.085646,179488,266602,1649616
VH,1,-32.10,0.402783,0.099316,0.159343,0.086568,181660,269352,1647444
VH,1,-32.05,0.403274,0.100539,0.160951,0.087519,183896,272112,1645208
VH,1,-32.00,0.403706,0.101767,0.162557,0.088469,186143,274942,1642961
VH,1,-31.95,0.404157,0.103000,0.164162,0.089421,188397,277751,1640707
VH,1,-31.90,0.404576,0.104243,0.165773,0.090378,190672,280617,1638432
VH,1,-31.85,0.405143,0.105583,0.167511,0.091412,193122,283554,1635982
VH,1,-31.80,0.405510,0.106827,0.169105,0.092362,195398,286460,1633706
VH,1,-31.75,0.405990,0.108187,0.170847,0.093402,197885,289528,1631219
VH,1,-31.70,0.406537,0.109518,0.172552,0.094422,200320,292427,1628784
VH,1,-31.65,0.407109,0.110902,0.174318,0.095481,202852,295422,1626252
VH,1,-31.60,0.407672,0.112299,0.176091,0.096546,205406,298445,1623698
VH,1,-31.55,0.408037,0.113629,0.177757,0.097549,207840,301526,1621264
VH,1,-31.50,0.408552,0.115060,0.179552,0.098631,210456,304670,1618648
VH,1,-31.45,0.409056,0.116495,0.181345,0.099714,213082,307830,1616022
VH,1,-31.40,0.409522,0.117894,0.183082,0.100765,215641,310926,1613463
VH,1,-31.35,0.410068,0.119351,0.184890,0.101862,218306,314060,1610798
VH,1,-31.30,0.410460,0.120791,0.186654,0.102933,220940,317334,1608164
VH,1,-31.25,0.410917,0.122277,0.188470,0.104039,223657,320630,1605447
VH,1,-31.20,0.411300,0.123715,0.190215,0.105104,226288,323889,1602816
VH,1,-31.15,0.411839,0.125245,0.192077,0.106242,229086,327166,1600018
VH,1,-31.10,0.412325,0.126795,0.193949,0.107388,231922,330552,1597182
VH,1,-31.05,0.412779,0.128339,0.195801,0.108525,234746,333951,1594358
VH,1,-31.00,0.413235,0.129929,0.197698,0.109692,237654,337452,1591450
VH,1,-30.95,0.413699,0.131510,0.199577,0.110850,240545,340904,1588559
VH,1,-30.90,0.414202,0.133154,0.201524,0.112052,243552,344451,1585552
VH,1,-30.85,0.414725,0.134820,0.203489,0.113269,246599,348010,1582505
VH,1,-30.80,0.415155,0.136422,0.205361,0.114430,249530,351522,1579574
VH,1,-30.75,0.415578,0.138052,0.207256,0.115608,252512,355105,1576592
VH,1,-30.70,0.415914,0.139685,0.209133,0.116778,255499,358808,1573605
VH,1,-30.65,0.416275,0.141308,0.210993,0.117938,258467,362437,1570637
VH,1,-30.60,0.416537,0.142966,0.212869,0.119112,261499,366294,1567605
VH,1,-30.55,0.416944,0.144666,0.214802,0.120324,264609,370030,1564495
VH,1,-30.50,0.417396,0.146407,0.216776,0.121564,267793,373787,1561311
VH,1,-30.45,0.417733,0.148155,0.218733,0.122796,270990,377726,1558114
VH,1,-30.40,0.418117,0.149908,0.220691,0.124032,274197,381593,1554907
VH,1,-30.35,0.418577,0.151706,0.222699,0.125302,277486,385441,1551618
VH,1,-30.30,0.418938,0.153502,0.224680,0.126557,280771,389426,1548333
VH,1,-30.25,0.419314,0.155325,0.226681,0.127829,284105,393442,1544999
VH,1,-30.20,0.419783,0.157212,0.228754,0.129149,287558,397458,1541546
VH,1,-30.15,0.420126,0.159058,0.230753,0.130425,290933,401557,1538171
VH,1,-30.10,0.420504,0.160935,0.232780,0.131721,294366,405665,1534738
VH,1,-30.05,0.420841,0.162819,0.234797,0.133014,297813,409848,1531291
VH,1,-30.00,0.421029,0.164687,0.236763,0.134277,301229,414230,1527875
VH,1,-29.95,0.421292,0.166584,0.238760,0.135564,304700,418551,1524404
VH,1,-29.90,0.421632,0.168510,0.240787,0.136872,308223,422800,1520881
VH,1,-29.85,0.421862,0.170485,0.242835,0.138197,311835,427353,1517269
VH,1,-29.80,0.422050,0.172422,0.244825,0.139487,315378,431875,1513726
VH,1,-29.75,0.422457,0.174483,0.246964,0.140878,319147,436308,1509957
VH,1,-29.70,0.422777,0.176462,0.248996,0.142202,322768,440680,1506336
VH,1,-29.65,0.423127,0.178522,0.251101,0.143577,326535,445184,1502569
VH,1,-29.60,0.423469,0.180625,0.253236,0.144974,330382,449798,1498722
VH,1,-29.55,0.423687,0.182698,0.255305,0.146332,334173,454553,1494931
VH,1,-29.50,0.423911,0.184813,0.257405,0.147714,338043,459395,1491061
VH,1,-29.45,0.424076,0.186889,0.259442,0.149057,341839,464240,1487265
VH,1,-29.40,0.424302,0.188993,0.261505,0.150421,345687,469032,1483417
VH,1,-29.35,0.424483,0.191117,0.263567,0.151787,349573,473953,1479531
VH,1,-29.30,0.424701,0.193298,0.265677,0.153188,353563,478936,1475541
VH,1,-29.25,0.424882,0.195512,0.267796,0.154598,357611,484061,1471493
VH,1,-29.20,0.425130,0.197728,0.269917,0.156014,361665,489051,1467439
VH,1,-29.15,0.425410,0.200024,0.272106,0.157479,365865,494164,1463239
VH,1,-29.10,0.425521,0.202245,0.274177,0.158867,369927,499424,1459177
VH,1,-29.05,0.425690,0.204505,0.276282,0.160283,374061,504656,1455043
VH,1,-29.00,0.425890,0.206763,0.278378,0.161695,378191,509811,1450913
VH,1,-28.95,0.426053,0.209065,0.280492,0.163124,382402,515144,1446702
VH,1,-28.90,0.426171,0.211412,0.282623,0.164567,386695,520675,1442409
VH,1,-28.85,0.426322,0.213800,0.284782,0.166033,391063,526232,1438041
VH,1,-28.80,0.426420,0.216111,0.286847,0.167438,395290,531707,1433814
VH,1,-28.75,0.426554,0.218522,0.288993,0.168903,399699,537344,1429405
VH,1,-28.70,0.426572,0.220864,0.291038,0.170301,403983,543063,1425121
VH,1,-28.65,0.426687,0.223290,0.293164,0.171759,408421,548771,1420683
VH,1,-28.60,0.426701,0.225699,0.295236,0.173183,412827,554658,1416277
VH,1,-28.55,0.426729,0.228122,0.297308,0.174611,417259,560549,1411845
VH,1,-28.50,0.426691,0.230515,0.299324,0.176003,421636,566518,1407468
VH,1,-28.45,0.426731,0.232939,0.301370,0.177419,426070,572382,1403034
VH,1,-28.40,0.426743,0.235388,0.303415,0.178839,430550,578371,1398554
VH,1,-28.35,0.426744,0.237930,0.305519,0.180302,435198,584612,1393906
VH,1,-28.30,0.426616,0.240385,0.307502,0.181685,439689,590955,1389415
VH,1,-28.25,0.426525,0.242887,0.309517,0.183094,444265,597327,1384839
VH,1,-28.20,0.426506,0.245458,0.311592,0.184548,448969,603698,1380135
VH,1,-28.15,0.426384,0.247930,0.313543,0.185918,453489,610081,1375615
VH,1,-28.10,0.426405,0.250526,0.315618,0.187379,458239,616417,1370865
VH,1,-28.05,0.426389,0.253160,0.317695,0.188845,463056,622938,1366048
VH,1,-28.00,0.426300,0.255763,0.319712,0.190272,467817,629572,1361287
VH,1,-27.95,0.426090,0.258296,0.321624,0.191628,472451,636354,1356653
VH,1,-27.90,0.425895,0.260936,0.323606,0.193037,477279,643370,1351825
VH,1,-27.85,0.425669,0.263497,0.325502,0.194388,481964,650287,1347140
VH,1,-27.80,0.425512,0.266130,0.327457,0.195784,486780,657206,1342324
VH,1,-27.75,0.425282,0.268744,0.329359,0.197145,491560,664285,1337544
VH,1,-27.70,0.424992,0.271284,0.331172,0.198446,496207,671362,1332897
VH,1,-27.65,0.424752,0.273938,0.333068,0.199809,501062,678597,1328042
VH,1,-27.60,0.424570,0.276653,0.335011,0.201209,506027,685831,1323077
VH,1,-27.55,0.424235,0.279232,0.336789,0.202493,510744,693173,1318360
VH,1,-27.50,0.423895,0.281931,0.338636,0.203830,515681,700850,1313423
VH,1,-27.45,0.423579,0.284568,0.340429,0.205131,520504,708320,1308600
VH,1,-27.40,0.423258,0.287266,0.342248,0.206453,525439,715976,1303665
VH,1,-27.35,0.422936,0.290005,0.344078,0.207786,530450,723758,1298654
VH,1,-27.30,0.422554,0.292701,0.345840,0.209073,535381,731632,1293723
VH,1,-27.25,0.422211,0.295418,0.347613,0.210371,540350,739459,1288754
VH,1,-27.20,0.421761,0.298110,0.349316,0.211619,545275,747578,1283829
VH,1,-27.15,0.421344,0.300825,0.351028,0.212877,550241,755679,1278863
VH,1,-27.10,0.421016,0.303603,0.352797,0.214180,555322,763681,1273782
VH,1,-27.05,0.420638,0.306417,0.354555,0.215477,560468,771956,1268636
VH,1,-27.00,0.420258,0.309193,0.356271,0.216745,565547,780166,1263557
VH,1,-26.95,0.419857,0.311984,0.357970,0.218005,570651,788505,1258453
VH,1,-26.90,0.419447,0.314827,0.359684,0.219277,575852,797033,1253252
VH,1,-26.85,0.418976,0.317566,0.361290,0.220472,580862,805523,1248242
VH,1,-26.80,0.418589,0.320398,0.362970,0.221725,586042,814001,1243062
VH,1,-26.75,0.418061,0.323184,0.364551,0.222906,591138,822860,1237966
VH,1,-26.70,0.417511,0.326002,0.366125,0.224084,596292,831915,1232812
VH,1,-26.65,0.416945,0.328717,0.367611,0.225198,601257,840795,1227847
VH,1,-26.60,0.416491,0.331573,0.369212,0.226401,606481,849686,1222623
VH,1,-26.55,0.415939,0.334411,0.370746,0.227555,611672,858909,1217432
VH,1,-26.50,0.415438,0.337283,0.372303,0.228730,616926,868074,1212178
VH,1,-26.45,0.414914,0.340138,0.373823,0.229879,622148,877315,1206956
VH,1,-26.40,0.414408,0.343004,0.375340,0.231027,627390,886551,1201714
VH,1,-26.35,0.413824,0.345845,0.376793,0.232129,632587,896052,1196517
VH,1,-26.30,0.413234,0.348666,0.378214,0.233208,637746,905559,1191358
VH,1,-26.25,0.412543,0.351466,0.379563,0.234235,642868,915439,1186236
VH,1,-26.20,0.411923,0.354354,0.380976,0.235312,648151,925324,1180953
VH,1,-26.15,0.411260,0.357175,0.382314,0.236334,653310,935247,1175794
VH,1,-26.10,0.410627,0.360050,0.383679,0.237378,658568,945241,1170536
VH,1,-26.05,0.409932,0.362874,0.384971,0.238368,663735,955398,1165369
VH,1,-26.00,0.409195,0.365683,0.386217,0.239324,668872,965732,1160232
VH,1,-25.95,0.408442,0.368531,0.387461,0.240280,674081,976289,1155023
VH,1,-25.90,0.407706,0.371376,0.388694,0.241229,679286,986830,1149818
VH,1,-25.85,0.407038,0.374319,0.389993,0.242231,684668,997406,1144436
VH,1,-25.80,0.406382,0.377214,0.391255,0.243205,689964,1007857,1139140
VH,1,-25.75,0.405633,0.380060,0.392430,0.244114,695170,1018621,1133934
VH,1,-25.70,0.404902,0.382858,0.393572,0.244998,700288,1029238,1128816
VH,1,-25.65,0.404110,0.385660,0.394670,0.245850,705413,1040182,1123691
VH,1,-25.60,0.403368,0.388574,0.395833,0.246753,710742,1051278,1118362
VH,1,-25.55,0.402604,0.391468,0.396958,0.247628,716036,1062478,1113068
VH,1,-25.50,0.401823,0.394270,0.398011,0.248448,721161,1073560,1107943
VH,1,-25.45,0.401092,0.397139,0.399106,0.249302,726409,1084669,1102695
VH,1,-25.40,0.400359,0.400060,0.400210,0.250164,731752,1095988,1097352
VH,1,-25.35,0.399558,0.402907,0.401226,0.250958,736959,1107477,1092145
VH,1,-25.30,0.398755,0.405764,0.402229,0.251744,742184,1119068,1086920
VH,1,-25.25,0.397886,0.408588,0.403166,0.252478,747350,1130952,1081754
VH,1,-25.20,0.397090,0.411487,0.404160,0.253259,752652,1142767,1076452
VH,1,-25.15,0.396228,0.414309,0.405067,0.253971,757814,1154757,1071290
VH,1,-25.10,0.395355,0.417117,0.405945,0.254662,762951,1166836,1066153
VH,1,-25.05,0.394508,0.419959,0.406836,0.255363,768148,1178957,1060956
VH,1,-25.00,0.393674,0.422812,0.407723,0.256063,773367,1191119,1055737
VH,1,-24.95,0.392751,0.425580,0.408507,0.256681,778430,1203565,1050674
VH,1,-24.90,0.391885,0.428447,0.409351,0.257349,783675,1216083,1045429
VH,1,-24.85,0.391069,0.431392,0.410242,0.258053,789061,1228643,1040043
VH,1,-24.80,0.390201,0.434223,0.411036,0.258682,794239,1241224,1034865
VH,1,-24.75,0.389292,0.437088,0.411808,0.259293,799480,1254199,1029624
VH,1,-24.70,0.388413,0.439977,0.412590,0.259914,804763,1267164,1024341
VH,1,-24.65,0.387521,0.442855,0.413345,0.260513,810028,1280251,1019076
VH,1,-24.60,0.386615,0.445706,0.414063,0.261084,815242,1293425,1013862
VH,1,-24.55,0.385769,0.448583,0.414812,0.261680,820505,1306427,1008599
VH,1,-24.50,0.384911,0.451483,0.415548,0.262266,825810,1319645,1003294
VH,1,-24.45,0.384028,0.454317,0.416226,0.262807,830993,1332891,998111
VH,1,-24.40,0.383136,0.457190,0.416900,0.263344,836248,1346392,992856
VH,1,-24.35,0.382259,0.460025,0.417552,0.263865,841434,1359782,987670
VH,1,-24.30,0.381355,0.462876,0.418180,0.264366,846649,1373460,982455
VH,1,-24.25,0.380473,0.465744,0.418812,0.264872,851894,1387147,977210
VH,1,-24.20,0.379576,0.468595,0.419414,0.265354,857109,1400958,971995
VH,1,-24.15,0.378675,0.471483,0.420013,0.265833,862391,1415000,966713
VH,1,-24.10,0.377730,0.474284,0.420536,0.266252,867515,1429140,961589
VH,1,-24.05,0.376875,0.477236,0.421159,0.266752,872914,1443277,956190
VH,1,-24.00,0.375983,0.480070,0.421699,0.267185,878098,1457374,951006
VH,1,-23.95,0.375090,0.482932,0.422234,0.267615,883333,1471655,945771
VH,1,-23.90,0.374186,0.485861,0.422773,0.268048,888691,1486309,940413
VH,1,-23.85,0.373281,0.488738,0.423277,0.268454,893952,1500900,935152
VH,1,-23.80,0.372392,0.491652,0.423792,0.268868,899283,1515598,929821
VH,1,-23.75,0.371452,0.494429,0.424208,0.269203,904362,1530302,924742
VH,1,-23.70,0.370540,0.497282,0.424656,0.269564,909580,1545159,919524
VH,1,-23.65,0.369643,0.500225,0.425133,0.269949,914964,1560297,914140
VH,1,-23.60,0.368692,0.503092,0.425532,0.270270,920208,1575667,908896
VH,1,-23.55,0.367732,0.505878,0.425882,0.270553,925303,1590939,903801
VH,1,-23.50,0.366779,0.508756,0.426256,0.270855,930568,1606569,898536
VH,1,-23.45,0.365845,0.511616,0.426622,0.271150,935799,1622114,893305
VH,1,-23.40,0.364900,0.514533,0.426987,0.271445,941135,1638021,887969
VH,1,-23.35,0.363911,0.517337,0.427268,0.271673,946264,1653999,882840
VH,1,-23.30,0.362966,0.520205,0.427588,0.271932,951509,1669970,877595
VH,1,-23.25,0.362021,0.523063,0.427891,0.272176,956737,1686033,872367
VH,1,-23.20,0.361080,0.525917,0.428182,0.272412,961957,1702155,867147
VH,1,-23.15,0.360111,0.528799,0.428449,0.272628,967228,1718690,861876
VH,1,-23.10,0.359147,0.531738,0.428725,0.272851,972604,1735490,856500
VH,1,-23.05,0.358120,0.534583,0.428910,0.273002,977807,1752583,851297
VH,1,-23.00,0.357129,0.537434,0.429111,0.273164,983022,1769546,846082
VH,1,-22.95,0.356068,0.540215,0.429224,0.273256,988109,1786949,840995
VH,1,-22.90,0.355051,0.543095,0.429388,0.273389,993377,1804465,835727
VH,1,-22.85,0.353993,0.545926,0.429492,0.273473,998555,1822277,830549
VH,1,-22.80,0.352956,0.548776,0.429604,0.273564,1003768,1840120,825336
VH,1,-22.75,0.351926,0.551645,0.429713,0.273653,1009016,1858109,820088
VH,1,-22.70,0.350899,0.554529,0.429816,0.273736,1014292,1876264,814812
VH,1,-22.65,0.349873,0.557427,0.429910,0.273812,1019592,1894587,809512
VH,1,-22.60,0.348816,0.560312,0.429964,0.273856,1024869,1913264,804235
VH,1,-22.55,0.347755,0.563190,0.429998,0.273884,1030133,1932101,798971
VH,1,-22.50,0.346706,0.566102,0.430038,0.273916,1035460,1951106,793644
VH,1,-22.45,0.345578,0.568951,0.429986,0.273874,1040671,1970718,788433
VH,1,-22.40,0.344512,0.571922,0.430002,0.273887,1046105,1990376,782999
VH,1,-22.35,0.343403,0.574815,0.429948,0.273843,1051397,2010306,777707
VH,1,-22.30,0.342258,0.577665,0.429841,0.273757,1056610,2030564,772494
VH,1,-22.25,0.341061,0.580448,0.429661,0.273610,1061699,2051232,767405
VH,1,-22.20,0.339928,0.583359,0.429552,0.273522,1067024,2071946,762080
VH,1,-22.15,0.338771,0.586259,0.429408,0.273405,1072328,2093021,756776
VH,1,-22.10,0.337614,0.589174,0.429253,0.273280,1077660,2114331,751444
VH,1,-22.05,0.336476,0.592126,0.429110,0.273164,1083060,2135772,746044
VH,1,-22.00,0.335273,0.595046,0.428891,0.272986,1088401,2157912,740703
VH,1,-21.95,0.334092,0.597953,0.428673,0.272810,1093719,2179987,735385
VH,1,-21.90,0.332884,0.600835,0.428413,0.272599,1098990,2202427,730114
VH,1,-21.85,0.331657,0.603719,0.428122,0.272363,1104264,2225277,724840
VH,1,-21.80,0.330376,0.606587,0.427769,0.272078,1109510,2248811,719594
VH,1,-21.75,0.329104,0.609522,0.427425,0.271799,1114879,2272744,714225
VH,1,-21.70,0.327825,0.612447,0.427059,0.271503,1120229,2296922,708875
VH,1,-21.65,0.326548,0.615352,0.426674,0.271192,1125543,2321244,703561
VH,1,-21.60,0.325238,0.618242,0.426242,0.270844,1130829,2346104,698275
VH,1,-21.55,0.323925,0.621167,0.425803,0.270489,1136179,2371361,692925
VH,1,-21.50,0.322599,0.624018,0.425320,0.270100,1141393,2396720,687711
VH,1,-21.45,0.321277,0.627001,0.424856,0.269725,1146850,2422815,682254
VH,1,-21.40,0.319860,0.629889,0.424273,0.269255,1152132,2449858,676972
VH,1,-21.35,0.318509,0.632816,0.423741,0.268827,1157486,2476588,671618
VH,1,-21.30,0.317135,0.635793,0.423184,0.268379,1162932,2504067,666172
VH,1,-21.25,0.315723,0.638702,0.422564,0.267880,1168252,2531995,660852
VH,1,-21.20,0.314287,0.641596,0.421904,0.267350,1173546,2560445,655558
VH,1,-21.15,0.312808,0.644426,0.421175,0.266765,1178723,2589482,650381
VH,1,-21.10,0.311342,0.647322,0.420457,0.266189,1184019,2618931,645085
VH,1,-21.05,0.309877,0.650230,0.419726,0.265604,1189339,2648767,639765
VH,1,-21.00,0.308384,0.653086,0.418944,0.264978,1194563,2679062,634541
VH,1,-20.95,0.306928,0.656035,0.418200,0.264382,1199957,2709619,629147
VH,1,-20.90,0.305417,0.658974,0.417386,0.263732,1205332,2741180,623772
VH,1,-20.85,0.303867,0.661830,0.416504,0.263028,1210556,2773282,618548
VH,1,-20.80,0.302340,0.664726,0.415635,0.262336,1215853,2805617,613251
VH,1,-20.75,0.300767,0.667602,0.414703,0.261593,1221113,2838886,607991
VH,1,-20.70,0.299183,0.670410,0.413730,0.260820,1226249,2872414,602855
VH,1,-20.65,0.297576,0.673277,0.412732,0.260027,1231494,2906926,597610
VH,1,-20.60,0.295999,0.676177,0.411752,0.259249,1236798,2941592,592306
VH,1,-20.55,0.294402,0.679154,0.410750,0.258455,1242244,2977311,586860
VH,1,-20.50,0.292773,0.682044,0.409685,0.257613,1247530,3013552,581574
VH,1,-20.45,0.291133,0.684968,0.408599,0.256754,1252877,3050570,576227
VH,1,-20.40,0.289495,0.687841,0.407488,0.255878,1258132,3087820,570972
VH,1,-20.35,0.287829,0.690762,0.406342,0.254974,1263475,3126203,565629
VH,1,-20.30,0.286148,0.693630,0.405155,0.254040,1268721,3165072,560383
VH,1,-20.25,0.284470,0.696490,0.403953,0.253096,1273953,3204381,555151
VH,1,-20.20,0.282749,0.699405,0.402699,0.252112,1279284,3245167,549820
VH,1,-20.15,0.281017,0.702235,0.401402,0.251096,1284461,3286306,544643
VH,1,-20.10,0.279296,0.705120,0.400110,0.250086,1289738,3328077,539366
VH,1,-20.05,0.277548,0.707998,0.398770,0.249040,1295002,3370870,534102
VH,1,-20.00,0.275784,0.710839,0.397392,0.247966,1300198,3414348,528906
VH,1,-19.95,0.274015,0.713701,0.395994,0.246878,1305433,3458658,523671
VH,1,-19.90,0.272237,0.716525,0.394563,0.245767,1310599,3503584,518505
VH,1,-19.85,0.270472,0.719389,0.393135,0.244660,1315838,3549133,513266
VH,1,-19.80,0.268670,0.722210,0.391645,0.243506,1320997,3595797,508107
VH,1,-19.75,0.266857,0.724940,0.390111,0.242322,1325990,3642918,503114
VH,1,-19.70,0.265047,0.727777,0.388578,0.241140,1331179,3691251,497925
VH,1,-19.65,0.263231,0.730619,0.387023,0.239944,1336379,3740450,492725
VH,1,-19.60,0.261423,0.733481,0.385462,0.238745,1341613,3790341,487491
VH,1,-19.55,0.259587,0.736352,0.383854,0.237512,1346864,3841619,482240
VH,1,-19.50,0.257747,0.739160,0.382215,0.236258,1352000,3893452,477104
VH,1,-19.45,0.255913,0.741990,0.380568,0.235001,1357177,3946088,471927
VH,1,-19.40,0.254060,0.744806,0.378880,0.233715,1362327,3999900,466777
VH,1,-19.35,0.252217,0.747628,0.377188,0.232428,1367489,4054380,461615
VH,1,-19.30,0.250360,0.750397,0.375455,0.231114,1372555,4109768,456549
VH,1,-19.25,0.248516,0.753171,0.373720,0.229800,1377629,4165793,451475
VH,1,-19.20,0.246650,0.755954,0.371943,0.228459,1382718,4223276,446386
VH,1,-19.15,0.244778,0.758675,0.370136,0.227097,1387695,4281492,441409
VH,1,-19.10,0.242906,0.761391,0.368310,0.225723,1392664,4340690,436440
VH,1,-19.05,0.241024,0.764104,0.366455,0.224331,1397625,4401080,431479
VH,1,-19.00,0.239132,0.766782,0.364569,0.222919,1402524,4462527,426580
VH,1,-18.95,0.237270,0.769533,0.362707,0.221528,1407555,4524737,421549
VH,1,-18.90,0.235392,0.772143,0.360794,0.220103,1412330,4587585,416774
VH,1,-18.85,0.233513,0.774848,0.358874,0.218675,1417277,4652090,411827
VH,1,-18.80,0.231629,0.777512,0.356926,0.217231,1422151,4717623,406953
VH,1,-18.75,0.229761,0.780174,0.354981,0.215791,1427020,4783857,402084
VH,1,-18.70,0.227877,0.782823,0.352997,0.214327,1431865,4851639,397239
VH,1,-18.65,0.226023,0.785496,0.351037,0.212883,1436754,4919913,392350
VH,1,-18.60,0.224170,0.788115,0.349055,0.211428,1441544,4989044,387560
VH,1,-18.55,0.222340,0.790837,0.347096,0.209992,1446523,5059374,382581
VH,1,-18.50,0.220497,0.793509,0.345099,0.208532,1451411,5131037,377693
VH,1,-18.45,0.218657,0.796156,0.343088,0.207065,1456252,5203736,372852
VH,1,-18.40,0.216838,0.798805,0.341087,0.205609,1461097,5277089,368007
VH,1,-18.35,0.215002,0.801418,0.339046,0.204127,1465877,5352095,363227
VH,1,-18.30,0.213166,0.804049,0.336990,0.202639,1470690,5428597,358414
VH,1,-18.25,0.211347,0.806651,0.334938,0.201157,1475449,5505716,353655
VH,1,-18.20,0.209533,0.809227,0.332874,0.199670,1480161,5583943,348943
VH,1,-18.15,0.207711,0.811758,0.330783,0.198166,1484790,5663542,344314
VH,1,-18.10,0.205908,0.814359,0.328704,0.196676,1489548,5744503,339556
VH,1,-18.05,0.204120,0.816895,0.326626,0.195190,1494186,5825940,334918
VH,1,-18.00,0.202348,0.819425,0.324551,0.193710,1498814,5908301,330290
VH,1,-17.95,0.200579,0.821956,0.322467,0.192227,1503443,5992084,325661
VH,1,-17.90,0.198834,0.824437,0.320396,0.190757,1507981,6076155,321123
VH,1,-17.85,0.197072,0.826907,0.318288,0.189265,1512498,6162342,316606
VH,1,-17.80,0.195325,0.829401,0.316187,0.187780,1517061,6249803,312043
VH,1,-17.75,0.193589,0.831846,0.314084,0.186298,1521532,6338072,307572
VH,1,-17.70,0.191864,0.834269,0.311979,0.184820,1525965,6427403,303139
VH,1,-17.65,0.190142,0.836660,0.309864,0.183337,1530338,6518039,298766
VH,1,-17.60,0.188453,0.839114,0.307782,0.181881,1534827,6609539,294277
VH,1,-17.55,0.186744,0.841502,0.305658,0.180399,1539195,6703068,289909
VH,1,-17.50,0.185073,0.843863,0.303569,0.178946,1543513,6796497,285591
VH,1,-17.45,0.183387,0.846235,0.301448,0.177473,1547851,6892489,281253
VH,1,-17.40,0.181736,0.848576,0.299360,0.176028,1552134,6988452,276970
VH,1,-17.35,0.180094,0.850978,0.297275,0.174588,1556527,7086347,272577
VH,1,-17.30,0.178486,0.853388,0.295226,0.173176,1560936,7184479,268168
VH,1,-17.25,0.176876,0.855709,0.293157,0.171754,1565180,7283829,263924
VH,1,-17.20,0.175271,0.857971,0.291079,0.170329,1569318,7384341,259786
VH,1,-17.15,0.173688,0.860222,0.289020,0.168921,1573436,7485549,255668
VH,1,-17.10,0.172109,0.862512,0.286958,0.167514,1577624,7588773,251480
VH,1,-17.05,0.170546,0.864735,0.284903,0.166115,1581690,7692577,247414
VH,1,-17.00,0.169009,0.866960,0.282873,0.164736,1585760,7796948,243344
VH,1,-16.95,0.167486,0.869188,0.280853,0.163368,1589836,7902525,239268
VH,1,-16.90,0.165989,0.871398,0.278860,0.162020,1593878,8008406,235226
VH,1,-16.85,0.164502,0.873607,0.276869,0.160678,1597918,8115765,231186
VH,1,-16.80,0.163022,0.875773,0.274876,0.159337,1601880,8224292,227224
VH,1,-16.75,0.161555,0.877890,0.272891,0.158005,1605753,8333588,223351
VH,1,-16.70,0.160105,0.879983,0.270919,0.156684,1609580,8443698,219524
VH,1,-16.65,0.158677,0.882096,0.268970,0.155381,1613446,8554685,215658
VH,1,-16.60,0.157259,0.884167,0.267024,0.154084,1617234,8666668,211870
VH,1,-16.55,0.155851,0.886180,0.265082,0.152792,1620915,8779512,208189
VH,1,-16.50,0.154476,0.888272,0.263183,0.151532,1624742,8893026,204362
VH,1,-16.45,0.153118,0.890307,0.261298,0.150283,1628465,9006866,200639
VH,1,-16.40,0.151777,0.892334,0.259429,0.149048,1632171,9121543,196933
VH,1,-16.35,0.150455,0.894384,0.257579,0.147828,1635922,9237269,193182
VH,1,-16.30,0.149129,0.896321,0.255713,0.146600,1639465,9354134,189639
VH,1,-16.25,0.147833,0.898295,0.253885,0.145400,1643075,9471291,186029
VH,1,-16.20,0.146549,0.900257,0.252066,0.144208,1646663,9589563,182441
VH,1,-16.15,0.145275,0.902166,0.250252,0.143022,1650156,9708671,178948
VH,1,-16.10,0.144030,0.904060,0.248475,0.141862,1653619,9827444,175485
VH,1,-16.05,0.142807,0.905941,0.246722,0.140720,1657060,9946465,172044
VH,1,-16.00,0.141586,0.907735,0.244963,0.139577,1660342,10066388,168762
VH,1,-15.95,0.140384,0.909539,0.243227,0.138451,1663642,10186994,165462
VH,1,-15.90,0.139211,0.911413,0.241530,0.137352,1667070,10308089,162034
VH,1,-15.85,0.138045,0.913156,0.239833,0.136256,1670258,10429154,158846
VH,1,-15.80,0.136902,0.914966,0.238168,0.135182,1673568,10551003,155536
VH,1,-15.75,0.135758,0.916713,0.236494,0.134104,1676763,10674331,152341
VH,1,-15.70,0.134634,0.918423,0.234841,0.133043,1679892,10797623,149212
VH,1,-15.65,0.133532,0.920115,0.233219,0.132002,1682986,10920590,146118
VH,1,-15.60,0.132448,0.921806,0.231616,0.130976,1686079,11044061,143025
VH,1,-15.55,0.131376,0.923467,0.230027,0.129961,1689118,11168027,139986
VH,1,-15.50,0.130331,0.925115,0.228475,0.128971,1692132,11291173,136972
VH,1,-15.45,0.129298,0.926794,0.226936,0.127991,1695203,11415604,133901
VH,1,-15.40,0.128286,0.928422,0.225423,0.127029,1698181,11539317,130923
VH,1,-15.35,0.127292,0.930004,0.223933,0.126084,1701074,11662510,128030
VH,1,-15.30,0.126305,0.931568,0.222450,0.125144,1703935,11786658,125169
VH,1,-15.25,0.125331,0.933092,0.220981,0.124215,1706723,11910983,122381
VH,1,-15.20,0.124376,0.934594,0.219536,0.123303,1709469,12034891,119635
VH,1,-15.15,0.123444,0.936099,0.218123,0.122412,1712223,12158260,116881
VH,1,-15.10,0.122530,0.937636,0.216737,0.121540,1715034,12281791,114070
VH,1,-15.05,0.121627,0.939119,0.215362,0.120676,1717746,12405314,111358
VH,1,-15.00,0.120732,0.940517,0.213993,0.119817,1720304,12528694,108800
VH,1,-14.95,0.119857,0.941950,0.212655,0.118978,1722925,12651925,106179
VH,1,-14.90,0.118996,0.943370,0.211334,0.118152,1725521,12775166,103583
VH,1,-14.85,0.118148,0.944700,0.210029,0.117336,1727955,12897421,101149
VH,1,-14.80,0.117321,0.946071,0.208755,0.116542,1730463,13019345,98641
VH,1,-14.75,0.116514,0.947396,0.207508,0.115765,1732886,13139896,96218
VH,1,-14.70,0.115717,0.948721,0.206274,0.114997,1735310,13260903,93794
VH,1,-14.65,0.114938,0.950059,0.205067,0.114248,1737756,13381285,91348
VH,1,-14.60,0.114172,0.951337,0.203876,0.113509,1740094,13500895,89010
VH,1,-14.55,0.113413,0.952584,0.202694,0.112777,1742376,13620710,86728
VH,1,-14.50,0.112667,0.953780,0.201527,0.112055,1744563,13739742,84541
VH,1,-14.45,0.111943,0.955007,0.200396,0.111355,1746808,13857690,82296
VH,1,-14.40,0.111234,0.956218,0.199285,0.110670,1749023,13974832,80081
VH,1,-14.35,0.110535,0.957397,0.198188,0.109994,1751178,14091600,77926
VH,1,-14.30,0.109858,0.958600,0.197125,0.109339,1753379,14207058,75725
VH,1,-14.25,0.109189,0.959741,0.196071,0.108691,1755466,14321881,73638
VH,1,-14.20,0.108530,0.960859,0.195032,0.108053,1757511,14436227,71593
VH,1,-14.15,0.107888,0.961961,0.194016,0.107430,1759527,14549287,69577
VH,1,-14.10,0.107262,0.963055,0.193025,0.106822,1761528,14661133,67576
VH,1,-14.05,0.106643,0.964085,0.192044,0.106221,1763412,14772194,65692
VH,1,-14.00,0.106039,0.965138,0.191084,0.105634,1765338,14882663,63766
VH,1,-13.95,0.105449,0.966170,0.190146,0.105061,1767226,14991788,61878
VH,1,-13.90,0.104875,0.967245,0.189233,0.104504,1769192,15100295,59912
VH,1,-13.85,0.104308,0.968210,0.188326,0.103952,1770957,15207261,58147
VH,1,-13.80,0.103752,0.969180,0.187439,0.103411,1772731,15313479,56373
VH,1,-13.75,0.103211,0.970142,0.186573,0.102884,1774491,15418343,54613
VH,1,-13.70,0.102682,0.971084,0.185726,0.102369,1776213,15521967,52891
VH,1,-13.65,0.102162,0.971994,0.184892,0.101863,1777878,15624593,51226
VH,1,-13.60,0.101656,0.972915,0.184078,0.101369,1779563,15726161,49541
VH,1,-13.55,0.101159,0.973775,0.183278,0.100884,1781135,15826159,47969
VH,1,-13.50,0.100676,0.974619,0.182501,0.100413,1782680,15924359,46424
VH,1,-13.45,0.100205,0.975449,0.181740,0.099953,1784198,16021303,44906
VH,1,-13.40,0.099744,0.976261,0.180997,0.099503,1785683,16116895,43421
VH,1,-13.35,0.099286,0.976989,0.180253,0.099054,1787014,16211717,42090
VH,1,-13.30,0.098842,0.977728,0.179534,0.098620,1788366,16304841,40738
VH,1,-13.25,0.098413,0.978475,0.178839,0.098201,1789733,16396136,39371
VH,1,-13.20,0.097992,0.979203,0.178156,0.097789,1791064,16486575,38040
VH,1,-13.15,0.097584,0.979927,0.177492,0.097389,1792388,16575338,36716
VH,1,-13.10,0.097183,0.980598,0.176840,0.096997,1793616,16662429,35488
VH,1,-13.05,0.096794,0.981253,0.176207,0.096616,1794814,16747750,34290
VH,1,-13.00,0.096412,0.981887,0.175583,0.096240,1795973,16832211,33131
VH,1,-12.95,0.096040,0.982520,0.174976,0.095876,1797131,16915232,31973
VH,1,-12.90,0.095678,0.983109,0.174385,0.095521,1798209,16996133,30895
VH,1,-12.85,0.095328,0.983714,0.173812,0.095178,1799316,17075692,29788
VH,1,-12.80,0.094986,0.984292,0.173253,0.094842,1800373,17153731,28731
VH,1,-12.75,0.094654,0.984885,0.172710,0.094517,1801458,17230495,27646
VH,1,-12.70,0.094330,0.985435,0.172179,0.094199,1802463,17305501,26641
VH,1,-12.65,0.094014,0.985966,0.171660,0.093888,1803435,17379176,25669
VH,1,-12.60,0.093706,0.986467,0.171153,0.093585,1804351,17451176,24753
VH,1,-12.55,0.093404,0.986956,0.170658,0.093289,1805246,17521990,23858
VH,1,-12.50,0.093113,0.987435,0.170178,0.093003,1806122,17591025,22982
VH,1,-12.45,0.092828,0.987895,0.169710,0.092723,1806962,17658650,22142
VH,1,-12.40,0.092553,0.988347,0.169256,0.092452,1807790,17724686,21314
VH,1,-12.35,0.092285,0.988791,0.168814,0.092189,1808602,17789394,20502
VH,1,-12.30,0.092026,0.989236,0.168388,0.091934,1809416,17852545,19688
VH,1,-12.25,0.091774,0.989661,0.167971,0.091686,1810192,17914349,18912
VH,1,-12.20,0.091528,0.990061,0.167565,0.091444,1810924,17974500,18180
VH,1,-12.15,0.091291,0.990467,0.167173,0.091210,1811668,18033401,17436
VH,1,-12.10,0.091058,0.990852,0.166789,0.090982,1812371,18091074,16733
VH,1,-12.05,0.090839,0.991242,0.166426,0.090766,1813085,18146264,16019
VH,1,-12.00,0.090623,0.991611,0.166069,0.090553,1813759,18200597,15345
VH,1,-11.95,0.090411,0.991932,0.165718,0.090345,1814347,18253342,14757
VH,1,-11.90,0.090207,0.992251,0.165380,0.090144,1814931,18304605,14173
VH,1,-11.85,0.090013,0.992583,0.165058,0.089952,1815537,18354199,13567
VH,1,-11.80,0.089823,0.992904,0.164742,0.089765,1816125,18402889,12979
VH,1,-11.75,0.089639,0.993204,0.164438,0.089584,1816674,18449835,12430
VH,1,-11.70,0.089460,0.993480,0.164140,0.089408,1817179,18495574,11925
VH,1,-11.65,0.089288,0.993779,0.163854,0.089238,1817725,18540350,11379
VH,1,-11.60,0.089120,0.994054,0.163576,0.089073,1818228,18583696,10876
VH,1,-11.55,0.088959,0.994314,0.163308,0.088914,1818703,18625478,10401
VH,1,-11.50,0.088805,0.994560,0.163051,0.088762,1819154,18665612,9950
VH,1,-11.45,0.088653,0.994794,0.162798,0.088612,1819581,18705180,9523
VH,1,-11.40,0.088506,0.995015,0.162553,0.088467,1819986,18743453,9118
VH,1,-11.35,0.088363,0.995240,0.162316,0.088326,1820397,18780848,8707
VH,1,-11.30,0.088228,0.995470,0.162090,0.088193,1820819,18816775,8285
VH,1,-11.25,0.088095,0.995666,0.161868,0.088061,1821176,18851698,7928
VH,1,-11.20,0.087967,0.995840,0.161654,0.087935,1821495,18885074,7609
VH,1,-11.15,0.087844,0.996031,0.161450,0.087814,1821845,18917601,7259
VH,1,-11.10,0.087727,0.996207,0.161253,0.087697,1822166,18948799,6938
VH,1,-11.05,0.087613,0.996375,0.161064,0.087585,1822474,18978888,6630
VH,1,-11.00,0.087505,0.996536,0.160883,0.087478,1822768,19007673,6336
VH,1,-10.95,0.087399,0.996687,0.160706,0.087374,1823045,19035782,6059
VH,1,-10.90,0.087296,0.996833,0.160533,0.087271,1823311,19063327,5793
VH,1,-10.85,0.087196,0.996971,0.160367,0.087173,1823564,19089729,5540
VH,1,-10.80,0.087102,0.997103,0.160209,0.087080,1823806,19114908,5298
VH,1,-10.75,0.087010,0.997230,0.160055,0.086989,1824037,19139442,5067
VH,1,-10.70,0.086922,0.997351,0.159907,0.086902,1824259,19163129,4845
VH,1,-10.65,0.086837,0.997474,0.159765,0.086818,1824484,19185996,4620
VH,1,-10.60,0.086755,0.997586,0.159629,0.086737,1824689,19207899,4415
VH,1,-10.55,0.086676,0.997693,0.159496,0.086659,1824884,19229099,4220
VH,1,-10.50,0.086599,0.997791,0.159367,0.086583,1825064,19249744,4040
VH,1,-10.45,0.086528,0.997899,0.159248,0.086512,1825261,19269150,3843
VH,1,-10.40,0.086458,0.998000,0.159131,0.086443,1825445,19288179,3659
VH,1,-10.35,0.086391,0.998100,0.159019,0.086377,1825629,19306422,3475
VH,1,-10.30,0.086325,0.998178,0.158908,0.086312,1825771,19324085,3333
VH,1,-10.25,0.086263,0.998252,0.158803,0.086250,1825907,19340795,3197
VH,1,-10.20,0.086203,0.998325,0.158702,0.086190,1826041,19357068,3063
VH,1,-10.15,0.086145,0.998405,0.158606,0.086134,1826186,19372686,2918
VH,1,-10.10,0.086090,0.998480,0.158512,0.086078,1826324,19387899,2780
VH,1,-10.05,0.086037,0.998544,0.158423,0.086026,1826440,19402157,2664
VH,1,-10.00,0.085986,0.998617,0.158339,0.085976,1826575,19416077,2529
VH,1,-9.95,0.085937,0.998673,0.158256,0.085927,1826677,19429366,2427
VH,1,-9.90,0.085888,0.998722,0.158174,0.085879,1826767,19442375,2337
VH,1,-9.85,0.085843,0.998780,0.158098,0.085834,1826872,19454580,2232
VH,1,-9.80,0.085800,0.998828,0.158025,0.085791,1826961,19466404,2143
VH,1,-9.75,0.085758,0.998885,0.157955,0.085750,1827064,19477846,2040
VH,1,-9.70,0.085717,0.998934,0.157887,0.085710,1827155,19488861,1949
VH,1,-9.65,0.085679,0.998984,0.157822,0.085671,1827245,19499486,1859
VH,1,-9.60,0.085641,0.999026,0.157758,0.085634,1827323,19509773,1781
VH,1,-9.55,0.085604,0.999068,0.157696,0.085597,1827400,19519763,1704
VH,1,-9.50,0.085568,0.999104,0.157636,0.085562,1827465,19529303,1639
VH,1,-9.45,0.085535,0.999141,0.157579,0.085528,1827532,19538444,1572
VH,1,-9.40,0.085502,0.999177,0.157524,0.085496,1827598,19547347,1506
VH,1,-9.35,0.085471,0.999213,0.157473,0.085466,1827665,19555720,1439
VH,1,-9.30,0.085441,0.999248,0.157422,0.085436,1827728,19563926,1376
VH,1,-9.25,0.085412,0.999275,0.157373,0.085407,1827778,19571702,1326
VH,1,-9.20,0.085385,0.999314,0.157327,0.085380,1827850,19579319,1254
VH,1,-9.15,0.085358,0.999345,0.157283,0.085354,1827906,19586566,1198
VH,1,-9.10,0.085332,0.999368,0.157238,0.085327,1827948,19593657,1156
VH,1,-9.05,0.085306,0.999394,0.157195,0.085302,1827996,19600590,1108
VH,1,-9.00,0.085282,0.999416,0.157154,0.085278,1828036,19607110,1068
VH,1,-8.95,0.085259,0.999437,0.157115,0.085255,1828075,19613374,1029
VH,1,-8.90,0.085236,0.999458,0.157077,0.085232,1828112,19619434,992
VH,1,-8.85,0.085214,0.999475,0.157039,0.085210,1828144,19625375,960
VH,1,-8.80,0.085194,0.999495,0.157005,0.085190,1828181,19630961,923
VH,1,-8.75,0.085174,0.999515,0.156971,0.085170,1828216,19636362,888
VH,1,-8.70,0.085154,0.999532,0.156938,0.085150,1828248,19641706,856
VH,1,-8.65,0.085134,0.999546,0.156905,0.085131,1828274,19646855,830
VH,1,-8.60,0.085116,0.999557,0.156874,0.085113,1828294,19651714,810
VH,1,-8.55,0.085098,0.999570,0.156844,0.085095,1828318,19656445,786
VH,1,-8.50,0.085082,0.999588,0.156816,0.085079,1828350,19660994,754
VH,1,-8.45,0.085065,0.999598,0.156787,0.085062,1828369,19665422,735
VH,1,-8.40,0.085049,0.999610,0.156760,0.085046,1828391,19669739,713
VH,1,-8.35,0.085034,0.999624,0.156735,0.085031,1828417,19673869,687
VH,1,-8.30,0.085019,0.999638,0.156710,0.085016,1828441,19677821,663
VH,1,-8.25,0.085005,0.999647,0.156686,0.085002,1828458,19681569,646
VH,1,-8.20,0.084991,0.999656,0.156662,0.084988,1828475,19685280,629
VH,1,-8.15,0.084977,0.999665,0.156639,0.084975,1828492,19688993,612
VH,1,-8.10,0.084964,0.999674,0.156617,0.084962,1828508,19692459,596
VH,1,-8.05,0.084951,0.999683,0.156595,0.084949,1828524,19695875,580
VH,1,-8.00,0.084939,0.999695,0.156575,0.084937,1828547,19699224,557
VH,1,-7.95,0.084927,0.999707,0.156555,0.084925,1828568,19702368,536
VH,1,-7.90,0.084915,0.999709,0.156535,0.084913,1828572,19705482,532
VH,1,-7.85,0.084904,0.999716,0.156515,0.084902,1828584,19708596,520
VH,1,-7.80,0.084893,0.999721,0.156497,0.084891,1828593,19711422,511
VH,1,-7.75,0.084882,0.999728,0.156479,0.084880,1828607,19714274,497
VH,1,-7.70,0.084872,0.999734,0.156461,0.084870,1828618,19717079,486
VH,1,-7.65,0.084862,0.999744,0.156445,0.084860,1828635,19719647,469
VH,1,-7.60,0.084852,0.999750,0.156428,0.084851,1828646,19722256,458
VH,1,-7.55,0.084843,0.999753,0.156412,0.084841,1828652,19724731,452
VH,1,-7.50,0.084833,0.999757,0.156396,0.084831,1828659,19727296,445
VH,1,-7.45,0.084824,0.999761,0.156381,0.084823,1828666,19729597,438
VH,1,-7.40,0.084815,0.999764,0.156366,0.084814,1828673,19731933,431
VH,1,-7.35,0.084807,0.999767,0.156351,0.084805,1828678,19734120,426
VH,1,-7.30,0.084799,0.999776,0.156338,0.084798,1828695,19736326,409
VH,1,-7.25,0.084791,0.999781,0.156324,0.084790,1828704,19738471,400
VH,1,-7.20,0.084783,0.999785,0.156310,0.084781,1828710,19740626,394
VH,1,-7.15,0.084775,0.999788,0.156297,0.084774,1828717,19742678,387
VH,1,-7.10,0.084768,0.999791,0.156285,0.084766,1828722,19744567,382
VH,1,-7.05,0.084761,0.999794,0.156273,0.084759,1828728,19746451,376
VH,1,-7.00,0.084754,0.999799,0.156262,0.084753,1828736,19748213,368
VH,1,-6.95,0.084747,0.999803,0.156250,0.084746,1828744,19750118,360
VH,1,-6.90,0.084740,0.999810,0.156239,0.084739,1828756,19751927,348
VH,1,-6.85,0.084734,0.999812,0.156228,0.084733,1828760,19753553,344
VH,1,-6.80,0.084728,0.999816,0.156217,0.084726,1828768,19755268,336
VH,1,-6.75,0.084722,0.999818,0.156207,0.084720,1828772,19756870,332
VH,1,-6.70,0.084716,0.999821,0.156197,0.084715,1828777,19758425,327
VH,1,-6.65,0.084710,0.999822,0.156187,0.084709,1828779,19759963,325
VH,1,-6.60,0.084705,0.999829,0.156178,0.084703,1828791,19761449,313
VH,1,-6.55,0.084699,0.999832,0.156169,0.084698,1828796,19762855,308
VH,1,-6.50,0.084694,0.999832,0.156160,0.084693,1828797,19764241,307
VH,1,-6.45,0.084689,0.999838,0.156151,0.084688,1828808,19765665,296
VH,1,-6.40,0.084683,0.999843,0.156142,0.084682,1828816,19767117,288
VH,1,-6.35,0.084678,0.999843,0.156133,0.084677,1828817,19768478,287
VH,1,-6.30,0.084673,0.999847,0.156125,0.084672,1828824,19769747,280
VH,1,-6.25,0.084669,0.999849,0.156117,0.084668,1828828,19770976,276
VH,1,-6.20,0.084664,0.999851,0.156109,0.084663,1828831,19772188,273
VH,1,-6.15,0.084660,0.999852,0.156102,0.084659,1828833,19773346,271
VH,1,-6.10,0.084655,0.999855,0.156095,0.084654,1828838,19774467,266
VH,1,-6.05,0.084651,0.999858,0.156087,0.084650,1828844,19775650,260
VH,1,-6.00,0.084647,0.999858,0.156081,0.084646,1828845,19776684,259
VH,1,-5.95,0.084643,0.999863,0.156074,0.084642,1828853,19777760,251
VH,1,-5.90,0.084639,0.999866,0.156067,0.084638,1828858,19778843,246
VH,1,-5.85,0.084635,0.999869,0.156061,0.084634,1828864,19779901,240
VH,1,-5.80,0.084632,0.999871,0.156055,0.084631,1828868,19780840,236
VH,1,-5.75,0.084628,0.999872,0.156048,0.084627,1828869,19781799,235
VH,1,-5.70,0.084624,0.999872,0.156042,0.084623,1828869,19782767,235
VH,1,-5.65,0.084621,0.999875,0.156036,0.084620,1828875,19783751,229
VH,1,-5.60,0.084617,0.999876,0.156030,0.084617,1828878,19784611,226
VH,1,-5.55,0.084614,0.999880,0.156025,0.084613,1828884,19785481,220
VH,1,-5.50,0.084611,0.999885,0.156020,0.084610,1828893,19786339,211
VH,1,-5.45,0.084608,0.999887,0.156015,0.084608,1828897,19787138,207
VH,1,-5.40,0.084605,0.999888,0.156010,0.084605,1828900,19787928,204
VH,1,-5.35,0.084603,0.999888,0.156005,0.084602,1828900,19788664,204
VH,1,-5.30,0.084600,0.999892,0.156000,0.084599,1828906,19789435,198
VH,1,-5.25,0.084597,0.999892,0.155996,0.084596,1828907,19790183,197
VH,1,-5.20,0.084594,0.999893,0.155991,0.084593,1828908,19790867,196
VH,1,-5.15,0.084592,0.999893,0.155987,0.084591,1828909,19791548,195
VH,1,-5.10,0.084589,0.999895,0.155982,0.084588,1828912,19792229,192
VH,1,-5.05,0.084587,0.999897,0.155978,0.084586,1828916,19792864,188
VH,1,-5.00,0.084584,0.999900,0.155975,0.084584,1828921,19793497,183
VH,1,-4.95,0.084582,0.999902,0.155971,0.084581,1828924,19794135,180
VH,1,-4.90,0.084580,0.999903,0.155966,0.084579,1828926,19794778,178
VH,1,-4.85,0.084578,0.999904,0.155963,0.084577,1828929,19795353,175
VH,1,-4.80,0.084575,0.999906,0.155959,0.084575,1828932,19795914,172
VH,1,-4.75,0.084573,0.999907,0.155956,0.084573,1828934,19796482,170
VH,1,-4.70,0.084572,0.999911,0.155953,0.084571,1828942,19797043,162
VH,1,-4.65,0.084569,0.999912,0.155949,0.084569,1828943,19797616,161
VH,1,-4.60,0.084567,0.999914,0.155946,0.084567,1828946,19798145,158
VH,1,-4.55,0.084565,0.999914,0.155943,0.084565,1828947,19798633,157
VH,1,-4.50,0.084564,0.999917,0.155939,0.084563,1828952,19799165,152
VH,1,-4.45,0.084562,0.999918,0.155936,0.084561,1828954,19799663,150
VH,1,-4.40,0.084560,0.999918,0.155933,0.084559,1828954,19800154,150
VH,1,-4.35,0.084558,0.999919,0.155930,0.084557,1828956,19800641,148
VH,1,-4.30,0.084556,0.999922,0.155927,0.084556,1828962,19801123,142
VH,1,-4.25,0.084555,0.999923,0.155924,0.084554,1828963,19801586,141
VH,1,-4.20,0.084553,0.999925,0.155921,0.084553,1828966,19802022,138
VH,1,-4.15,0.084551,0.999926,0.155919,0.084551,1828969,19802467,135
VH,1,-4.10,0.084550,0.999928,0.155916,0.084550,1828972,19802856,132
VH,1,-4.05,0.084549,0.999929,0.155914,0.084548,1828974,19803244,130
VH,1,-4.00,0.084547,0.999929,0.155911,0.084546,1828974,19803698,130
VH,1,-3.95,0.084545,0.999929,0.155908,0.084545,1828975,19804092,129
VH,1,-3.90,0.084544,0.999932,0.155906,0.084544,1828979,19804476,125
VH,1,-3.85,0.084543,0.999933,0.155904,0.084542,1828982,19804863,122
VH,1,-3.80,0.084541,0.999933,0.155901,0.084541,1828982,19805251,122
VH,1,-3.75,0.084540,0.999934,0.155899,0.084539,1828983,19805584,121
VH,1,-3.70,0.084539,0.999936,0.155897,0.084538,1828987,19805963,117
VH,1,-3.65,0.084537,0.999936,0.155894,0.084537,1828987,19806346,117
VH,1,-3.60,0.084536,0.999937,0.155892,0.084535,1828988,19806662,116
VH,1,-3.55,0.084535,0.999938,0.155890,0.084534,1828990,19807021,114
VH,1,-3.50,0.084533,0.999938,0.155888,0.084533,1828990,19807372,114
VH,1,-3.45,0.084532,0.999938,0.155886,0.084531,1828990,19807702,114
VH,1,-3.40,0.084531,0.999938,0.155883,0.084530,1828991,19808042,113
VH,1,-3.35,0.084529,0.999939,0.155881,0.084529,1828992,19808347,112
VH,1,-3.30,0.084528,0.999939,0.155880,0.084528,1828992,19808633,112
VH,1,-3.25,0.084527,0.999940,0.155878,0.084527,1828994,19808912,110
VH,1,-3.20,0.084526,0.999941,0.155876,0.084526,1828996,19809186,108
VH,1,-3.15,0.084525,0.999941,0.155874,0.084525,1828996,19809483,108
VH,1,-3.10,0.084524,0.999941,0.155872,0.084524,1828996,19809783,108
VH,1,-3.05,0.084523,0.999942,0.155871,0.084523,1828997,19810006,107
VH,1,-3.00,0.084522,0.999942,0.155869,0.084522,1828997,19810261,107
VH,1,-2.95,0.084521,0.999942,0.155867,0.084521,1828998,19810527,106
VH,1,-2.90,0.084520,0.999943,0.155866,0.084520,1828999,19810789,105
VH,1,-2.85,0.084519,0.999944,0.155864,0.084519,1829001,19811043,103
VH,1,-2.80,0.084518,0.999944,0.155863,0.084518,1829001,19811284,103
VH,1,-2.75,0.084518,0.999944,0.155861,0.084517,1829001,19811493,103
VH,1,-2.70,0.084517,0.999946,0.155860,0.084516,1829005,19811725,99
VH,1,-2.65,0.084516,0.999948,0.155859,0.084516,1829008,19811967,96
VH,1,-2.60,0.084515,0.999949,0.155858,0.084515,1829011,19812159,93
VH,1,-2.55,0.084515,0.999950,0.155856,0.084514,1829012,19812351,92
VH,1,-2.50,0.084514,0.999950,0.155855,0.084513,1829012,19812552,92
VH,1,-2.45,0.084513,0.999950,0.155854,0.084513,1829013,19812791,91
VH,1,-2.40,0.084512,0.999951,0.155853,0.084512,1829015,19812975,89
VH,1,-2.35,0.084512,0.999951,0.155851,0.084511,1829015,19813171,89
VH,1,-2.30,0.084511,0.999953,0.155850,0.084511,1829018,19813362,86
VH,1,-2.25,0.084510,0.999953,0.155849,0.084510,1829018,19813551,86
VH,1,-2.20,0.084510,0.999954,0.155848,0.084509,1829019,19813722,85
VH,1,-2.15,0.084509,0.999955,0.155847,0.084509,1829021,19813906,83
VH,1,-2.10,0.084508,0.999956,0.155846,0.084508,1829023,19814104,81
VH,1,-2.05,0.084508,0.999956,0.155844,0.084507,1829023,19814285,81
VH,1,-2.00,0.084507,0.999957,0.155844,0.084507,1829025,19814435,79
VH,1,-1.95,0.084506,0.999957,0.155843,0.084506,1829026,19814596,78
VH,1,-1.90,0.084506,0.999958,0.155842,0.084506,1829027,19814744,77
VH,1,-1.85,0.084505,0.999958,0.155841,0.084505,1829028,19814876,76
VH,1,-1.80,0.084505,0.999958,0.155840,0.084505,1829028,19815025,76
VH,1,-1.75,0.084504,0.999960,0.155839,0.084504,1829030,19815171,74
VH,1,-1.70,0.084504,0.999960,0.155838,0.084504,1829031,19815310,73
VH,1,-1.65,0.084503,0.999961,0.155838,0.084503,1829033,19815451,71
VH,1,-1.60,0.084503,0.999962,0.155837,0.084503,1829034,19815582,70
VH,1,-1.55,0.084502,0.999962,0.155836,0.084502,1829035,19815720,69
VH,1,-1.50,0.084502,0.999963,0.155835,0.084502,1829036,19815864,68
VH,1,-1.45,0.084501,0.999963,0.155834,0.084501,1829037,19816005,67
VH,1,-1.40,0.084501,0.999964,0.155833,0.084501,1829038,19816119,66
VH,1,-1.35,0.084501,0.999964,0.155833,0.084500,1829039,19816240,65
VH,1,-1.30,0.084500,0.999965,0.155832,0.084500,1829040,19816347,64
VH,1,-1.25,0.084500,0.999965,0.155831,0.084500,1829040,19816464,64
VH,1,-1.20,0.084499,0.999966,0.155831,0.084499,1829042,19816593,62
VH,1,-1.15,0.084499,0.999967,0.155830,0.084499,1829044,19816697,60
VH,1,-1.10,0.084499,0.999968,0.155829,0.084498,1829045,19816816,59
VH,1,-1.05,0.084498,0.999968,0.155829,0.084498,1829045,19816922,59
VH,1,-1.00,0.084498,0.999968,0.155828,0.084498,1829045,19817026,59
VH,1,-0.95,0.084497,0.999969,0.155827,0.084497,1829048,19817145,56
VH,1,-0.90,0.084497,0.999969,0.155827,0.084497,1829048,19817246,56
VH,1,-0.85,0.084497,0.999970,0.155826,0.084497,1829050,19817353,54
VH,1,-0.80,0.084496,0.999971,0.155826,0.084496,1829051,19817448,53
VH,1,-0.75,0.084496,0.999972,0.155825,0.084496,1829052,19817526,52
VH,1,-0.70,0.084496,0.999972,0.155825,0.084496,1829052,19817623,52
VH,1,-0.65,0.084495,0.999972,0.155824,0.084495,1829053,19817711,51
VH,1,-0.60,0.084495,0.999973,0.155824,0.084495,1829054,19817807,50
VH,1,-0.55,0.084495,0.999973,0.155823,0.084495,1829054,19817884,50
VH,1,-0.50,0.084495,0.999973,0.155823,0.084494,1829055,19817963,49
VH,1,-0.45,0.084494,0.999975,0.155822,0.084494,1829059,19818031,45
VH,1,-0.40,0.084494,0.999975,0.155822,0.084494,1829059,19818097,45
VH,1,-0.35,0.084494,0.999976,0.155822,0.084494,1829060,19818169,44
VH,1,-0.30,0.084494,0.999976,0.155821,0.084493,1829060,19818258,44
VH,1,-0.25,0.084493,0.999977,0.155821,0.084493,1829062,19818334,42
VH,1,-0.20,0.084493,0.999978,0.155820,0.084493,1829064,19818402,40
VH,1,-0.15,0.084493,0.999979,0.155820,0.084493,1829065,19818458,39
VH,1,-0.10,0.084493,0.999979,0.155820,0.084493,1829066,19818522,38
VH,1,-0.05,0.084493,0.999979,0.155819,0.084492,1829066,19818596,38
VH,1,-0.00,0.084492,0.999980,0.155819,0.084492,1829068,19818689,36
VH,1,0.05,0.084492,0.999981,0.155819,0.084492,1829070,19818748,34
VH,1,0.10,0.084492,0.999982,0.155818,0.084492,1829071,19818821,33
VH,1,0.15,0.084492,0.999983,0.155818,0.084492,1829073,19818871,31
VH,1,0.20,0.084492,0.999983,0.155818,0.084491,1829073,19818909,31
VH,1,0.25,0.084491,0.999984,0.155817,0.084491,1829074,19818976,30
VH,1,0.30,0.084491,0.999984,0.155817,0.084491,1829075,19819029,29
VH,1,0.35,0.084491,0.999984,0.155817,0.084491,1829075,19819078,29
VH,1,0.40,0.084491,0.999985,0.155817,0.084491,1829076,19819126,28
VH,1,0.45,0.084491,0.999985,0.155816,0.084491,1829076,19819173,28
VH,1,0.50,0.084491,0.999985,0.155816,0.084490,1829077,19819220,27
VH,1,0.55,0.084490,0.999986,0.155816,0.084490,1829078,19819274,26
VH,1,0.60,0.084490,0.999986,0.155815,0.084490,1829078,19819331,26
VH,1,0.65,0.084490,0.999987,0.155815,0.084490,1829081,19819377,23
VH,1,0.70,0.084490,0.999987,0.155815,0.084490,1829081,19819435,23
VH,1,0.75,0.084490,0.999987,0.155815,0.084490,1829081,19819480,23
VH,1,0.80,0.084490,0.999988,0.155814,0.084490,1829082,19819510,22
VH,1,0.85,0.084489,0.999988,0.155814,0.084489,1829082,19819563,22
VH,1,0.90,0.084489,0.999988,0.155814,0.084489,1829082,19819605,22
VH,1,0.95,0.084489,0.999988,0.155814,0.084489,1829082,19819648,22
VH,1,1.00,0.084489,0.999988,0.155813,0.084489,1829082,19819695,22
VH,1,1.05,0.084489,0.999988,0.155813,0.084489,1829082,19819745,22
VH,1,1.10,0.084489,0.999989,0.155813,0.084489,1829084,19819788,20
VH,1,1.15,0.084489,0.999989,0.155813,0.084488,1829084,19819817,20
VH,1,1.20,0.084488,0.999990,0.155812,0.084488,1829086,19819866,18
VH,1,1.25,0.084488,0.999990,0.155812,0.084488,1829086,19819903,18
VH,1,1.30,0.084488,0.999991,0.155812,0.084488,1829088,19819941,16
VH,1,1.35,0.084488,0.999991,0.155812,0.084488,1829088,19819983,16
VH,1,1.40,0.084488,0.999991,0.155812,0.084488,1829088,19820010,16
VH,1,1.45,0.084488,0.999991,0.155811,0.084488,1829088,19820047,16
VH,1,1.50,0.084488,0.999992,0.155811,0.084488,1829090,19820082,14
VH,1,1.55,0.084488,0.999992,0.155811,0.084488,1829090,19820130,14
VH,1,1.60,0.084487,0.999992,0.155811,0.084487,1829090,19820168,14
VH,1,1.65,0.084487,0.999992,0.155810,0.084487,1829090,19820212,14
VH,1,1.70,0.084487,0.999992,0.155810,0.084487,1829090,19820256,14
VH,1,1.75,0.084487,0.999992,0.155810,0.084487,1829090,19820293,14
VH,1,1.80,0.084487,0.999992,0.155810,0.084487,1829090,19820322,14
VH,1,1.85,0.084487,0.999992,0.155810,0.084487,1829090,19820342,14
VH,1,1.90,0.084487,0.999993,0.155809,0.084487,1829091,19820375,13
VH,1,1.95,0.084486,0.999993,0.155809,0.084486,1829091,19820419,13
VH,1,2.00,0.084486,0.999993,0.155809,0.084486,1829091,19820448,13
VH,1,2.05,0.084486,0.999993,0.155809,0.084486,1829091,19820476,13
VH,1,2.10,0.084486,0.999993,0.155809,0.084486,1829091,19820505,13
VH,1,2.15,0.084486,0.999993,0.155808,0.084486,1829091,19820535,13
VH,1,2.20,0.084486,0.999993,0.155808,0.084486,1829092,19820555,12
VH,1,2.25,0.084486,0.999993,0.155808,0.084486,1829092,19820597,12
VH,1,2.30,0.084486,0.999993,0.155808,0.084486,1829092,19820620,12
VH,1,2.35,0.084486,0.999993,0.155808,0.084486,1829092,19820648,12
VH,1,2.40,0.084485,0.999993,0.155807,0.084485,1829092,19820690,12
VH,1,2.45,0.084485,0.999993,0.155807,0.084485,1829092,19820712,12
VH,1,2.50,0.084485,0.999993,0.155807,0.084485,1829092,19820729,12
VH,1,2.55,0.084485,0.999993,0.155807,0.084485,1829092,19820757,12
VH,1,2.60,0.084485,0.999993,0.155807,0.084485,1829092,19820785,12
VH,1,2.65,0.084485,0.999995,0.155807,0.084485,1829094,19820800,10
VH,1,2.70,0.084485,0.999995,0.155807,0.084485,1829094,19820817,10
VH,1,2.75,0.084485,0.999995,0.155807,0.084485,1829094,19820839,10
VH,1,2.80,0.084485,0.999995,0.155806,0.084485,1829094,19820862,10
VH,1,2.85,0.084485,0.999995,0.155806,0.084485,1829094,19820891,10
VH,1,2.90,0.084485,0.999995,0.155806,0.084485,1829094,19820910,10
VH,1,2.95,0.084485,0.999995,0.155806,0.084485,1829094,19820921,10
VH,1,3.00,0.084485,0.999995,0.155806,0.084485,1829094,19820937,10
VH,1,3.05,0.084484,0.999995,0.155806,0.084484,1829094,19820965,10
VH,1,3.10,0.084484,0.999995,0.155806,0.084484,1829094,19820983,10
VH,1,3.15,0.084484,0.999995,0.155805,0.084484,1829094,19821014,10
VH,1,3.20,0.084484,0.999996,0.155805,0.084484,1829096,19821038,8
VH,1,3.25,0.084484,0.999996,0.155805,0.084484,1829096,19821055,8
VH,1,3.30,0.084484,0.999996,0.155805,0.084484,1829096,19821075,8
VH,1,3.35,0.084484,0.999996,0.155805,0.084484,1829096,19821095,8
VH,1,3.40,0.084484,0.999996,0.155805,0.084484,1829096,19821116,8
VH,1,3.45,0.084484,0.999996,0.155805,0.084484,1829096,19821139,8
VH,1,3.50,0.084484,0.999996,0.155805,0.084484,1829096,19821162,8
VH,1,3.55,0.084484,0.999996,0.155804,0.084484,1829096,19821179,8
VH,1,3.60,0.084484,0.999996,0.155804,0.084484,1829097,19821198,7
VH,1,3.65,0.084484,0.999996,0.155804,0.084484,1829097,19821211,7
VH,1,3.70,0.084484,0.999997,0.155804,0.084484,1829098,19821229,6
VH,1,3.75,0.084484,0.999997,0.155804,0.084484,1829098,19821244,6
VH,1,3.80,0.084484,0.999997,0.155804,0.084484,1829099,19821263,5
VH,1,3.85,0.084483,0.999997,0.155804,0.084483,1829099,19821282,5
VH,1,3.90,0.084483,0.999997,0.155804,0.084483,1829099,19821299,5
VH,1,3.95,0.084483,0.999997,0.155804,0.084483,1829099,19821315,5
VH,1,4.00,0.084483,0.999997,0.155804,0.084483,1829099,19821332,5
VH,1,4.05,0.084483,0.999997,0.155804,0.084483,1829099,19821345,5
VH,1,4.10,0.084483,0.999997,0.155804,0.084483,1829099,19821358,5
VH,1,4.15,0.084483,0.999998,0.155803,0.084483,1829100,19821376,4
VH,1,4.20,0.084483,0.999999,0.155804,0.084483,1829102,19821388,2
VH,1,4.25,0.084483,0.999999,0.155804,0.084483,1829102,19821394,2
VH,1,4.30,0.084483,0.999999,0.155803,0.084483,1829103,19821408,1
VH,1,4.35,0.084483,0.999999,0.155803,0.084483,1829103,19821430,1
VH,1,4.40,0.084483,0.999999,0.155803,0.084483,1829103,19821455,1
VH,1,4.45,0.084483,0.999999,0.155803,0.084483,1829103,19821476,1
VH,1,4.50,0.084483,0.999999,0.155803,0.084483,1829103,19821492,1
VH,1,4.55,0.084483,1.000000,0.155803,0.084483,1829104,19821507,0
VH,1,4.60,0.084483,1.000000,0.155803,0.084483,1829104,19821524,0
VH,1,4.65,0.084483,1.000000,0.155803,0.084483,1829104,19821539,0
VH,1,4.70,0.084483,1.000000,0.155803,0.084483,1829104,19821551,0
VH,1,4.75,0.084483,1.000000,0.155802,0.084483,1829104,19821571,0
VH,1,4.80,0.084483,1.000000,0.155802,0.084483,1829104,19821581,0
VH,1,4.85,0.084482,1.000000,0.155802,0.084482,1829104,19821593,0
VH,1,4.90,0.084482,1.000000,0.155802,0.084482,1829104,19821608,0
VH,1,4.95,0.084482,1.000000,0.155802,0.084482,1829104,19821616,0
VH,1,5.00,0.084482,1.000000,0.155802,0.084482,1829104,19821628,0
VH,3,-44.95,0.134058,0.000020,0.000040,0.000020,37,239,1842509
VH,3,-44.90,0.125654,0.000039,0.000078,0.000039,72,501,1842474
VH,3,-44.85,0.127586,0.000060,0.000120,0.000060,111,759,1842435
VH,3,-44.80,0.129646,0.000081,0.000163,0.000081,150,1007,1842396
VH,3,-44.75,0.133612,0.000104,0.000208,0.000104,192,1245,1842354
VH,3,-44.70,0.132826,0.000123,0.000246,0.000123,227,1482,1842319
VH,3,-44.65,0.130326,0.000141,0.000282,0.000141,260,1735,1842286
VH,3,-44.60,0.130035,0.000161,0.000322,0.000161,297,1987,1842249
VH,3,-44.55,0.124424,0.000176,0.000351,0.000176,324,2280,1842222
VH,3,-44.50,0.125087,0.000195,0.000390,0.000195,360,2518,1842186
VH,3,-44.45,0.120516,0.000208,0.000415,0.000208,383,2795,1842163
VH,3,-44.40,0.123567,0.000234,0.000467,0.000234,431,3057,1842115
VH,3,-44.35,0.126824,0.000259,0.000518,0.000259,478,3291,1842068
VH,3,-44.30,0.126685,0.000281,0.000560,0.000280,517,3564,1842029
VH,3,-44.25,0.127206,0.000301,0.000601,0.000301,555,3808,1841991
VH,3,-44.20,0.130087,0.000326,0.000651,0.000325,601,4019,1841945
VH,3,-44.15,0.130967,0.000348,0.000695,0.000348,642,4260,1841904
VH,3,-44.10,0.131559,0.000370,0.000738,0.000369,682,4502,1841864
VH,3,-44.05,0.132753,0.000397,0.000792,0.000396,732,4782,1841814
VH,3,-44.00,0.133975,0.000423,0.000844,0.000422,780,5042,1841766
VH,3,-43.95,0.133681,0.000445,0.000887,0.000444,820,5314,1841726
VH,3,-43.90,0.135675,0.000476,0.000949,0.000475,877,5587,1841669
VH,3,-43.85,0.134547,0.000493,0.000983,0.000492,909,5847,1841637
VH,3,-43.80,0.134022,0.000514,0.001024,0.000512,947,6119,1841599
VH,3,-43.75,0.134945,0.000542,0.001080,0.000540,999,6404,1841547
VH,3,-43.70,0.135838,0.000567,0.001130,0.000565,1045,6648,1841501
VH,3,-43.65,0.135744,0.000589,0.001173,0.000587,1085,6908,1841461
VH,3,-43.60,0.135022,0.000611,0.001216,0.000608,1125,7207,1841421
VH,3,-43.55,0.133603,0.000628,0.001250,0.000625,1157,7503,1841389
VH,3,-43.50,0.134984,0.000657,0.001307,0.000654,1210,7754,1841336
VH,3,-43.45,0.136983,0.000693,0.001378,0.000690,1276,8039,1841270
VH,3,-43.40,0.137834,0.000721,0.001435,0.000718,1329,8313,1841217
VH,3,-43.35,0.138948,0.000750,0.001491,0.000746,1381,8558,1841165
VH,3,-43.30,0.140315,0.000783,0.001558,0.000779,1443,8841,1841103
VH,3,-43.25,0.141886,0.000815,0.001621,0.000811,1502,9084,1841044
VH,3,-43.20,0.142661,0.000846,0.001681,0.000841,1558,9363,1840988
VH,3,-43.15,0.143048,0.000871,0.001731,0.000866,1604,9609,1840942
VH,3,-43.10,0.143068,0.000894,0.001777,0.000889,1647,9865,1840899
VH,3,-43.05,0.145235,0.000933,0.001854,0.000928,1719,10117,1840827
VH,3,-43.00,0.146058,0.000969,0.001926,0.000964,1786,10442,1840760
VH,3,-42.95,0.146045,0.000998,0.001983,0.000992,1839,10753,1840707
VH,3,-42.90,0.146748,0.001032,0.002050,0.001026,1902,11059,1840644
VH,3,-42.85,0.148187,0.001071,0.002127,0.001065,1974,11347,1840572
VH,3,-42.80,0.148183,0.001100,0.002184,0.001093,2027,11652,1840519
VH,3,-42.75,0.149139,0.001138,0.002258,0.001130,2096,11958,1840450
VH,3,-42.70,0.149507,0.001170,0.002321,0.001162,2155,12259,1840391
VH,3,-42.65,0.148977,0.001193,0.002367,0.001185,2198,12556,1840348
VH,3,-42.60,0.148780,0.001217,0.002415,0.001209,2243,12833,1840303
VH,3,-42.55,0.149446,0.001252,0.002483,0.001243,2307,13130,1840239
VH,3,-42.50,0.150594,0.001293,0.002565,0.001284,2383,13441,1840163
VH,3,-42.45,0.151037,0.001331,0.002639,0.001321,2453,13788,1840093
VH,3,-42.40,0.151881,0.001374,0.002724,0.001364,2532,14139,1840014
VH,3,-42.35,0.152078,0.001408,0.002790,0.001397,2594,14463,1839952
VH,3,-42.30,0.153250,0.001450,0.002872,0.001438,2671,14758,1839875
VH,3,-42.25,0.153351,0.001488,0.002947,0.001475,2741,15133,1839805
VH,3,-42.20,0.154365,0.001539,0.003048,0.001526,2836,15536,1839710
VH,3,-42.15,0.155462,0.001583,0.003133,0.001569,2916,15841,1839630
VH,3,-42.10,0.156482,0.001626,0.003219,0.001612,2996,16150,1839550
VH,3,-42.05,0.156916,0.001667,0.003298,0.001652,3071,16500,1839475
VH,3,-42.00,0.156365,0.001700,0.003363,0.001684,3132,16898,1839414
VH,3,-41.95,0.156650,0.001740,0.003442,0.001724,3206,17260,1839340
VH,3,-41.90,0.156850,0.001779,0.003518,0.001762,3278,17621,1839268
VH,3,-41.85,0.157048,0.001818,0.003595,0.001801,3350,17981,1839196
VH,3,-41.80,0.157890,0.001870,0.003696,0.001851,3445,18374,1839101
VH,3,-41.75,0.158752,0.001921,0.003797,0.001902,3540,18759,1839006
VH,3,-41.70,0.159337,0.001966,0.003885,0.001946,3623,19115,1838923
VH,3,-41.65,0.160269,0.002015,0.003979,0.001994,3712,19449,1838834
VH,3,-41.60,0.160503,0.002063,0.004075,0.002041,3802,19886,1838744
VH,3,-41.55,0.160592,0.002102,0.004150,0.002079,3873,20244,1838673
VH,3,-41.50,0.160763,0.002141,0.004225,0.002117,3944,20589,1838602
VH,3,-41.45,0.162321,0.002203,0.004347,0.002178,4059,20947,1838487
VH,3,-41.40,0.162588,0.002250,0.004439,0.002224,4146,21354,1838400
VH,3,-41.35,0.163578,0.002304,0.004545,0.002278,4246,21711,1838300
VH,3,-41.30,0.164129,0.002358,0.004649,0.002330,4345,22128,1838201
VH,3,-41.25,0.165195,0.002417,0.004764,0.002388,4453,22503,1838093
VH,3,-41.20,0.167329,0.002492,0.004910,0.002461,4591,22846,1837955
VH,3,-41.15,0.167394,0.002538,0.005001,0.002507,4677,23263,1837869
VH,3,-41.10,0.168274,0.002604,0.005129,0.002571,4798,23715,1837748
VH,3,-41.05,0.169205,0.002671,0.005260,0.002637,4922,24167,1837624
VH,3,-41.00,0.170478,0.002739,0.005392,0.002703,5047,24558,1837499
VH,3,-40.95,0.170309,0.002787,0.005485,0.002750,5136,25021,1837410
VH,3,-40.90,0.170814,0.002846,0.005599,0.002807,5244,25456,1837302
VH,3,-40.85,0.171726,0.002911,0.005724,0.002870,5363,25867,1837183
VH,3,-40.80,0.173419,0.002997,0.005892,0.002955,5522,26320,1837024
VH,3,-40.75,0.174040,0.003062,0.006017,0.003018,5641,26771,1836905
VH,3,-40.70,0.174321,0.003115,0.006120,0.003069,5739,27183,1836807
VH,3,-40.65,0.175336,0.003183,0.006253,0.003136,5865,27585,1836681
VH,3,-40.60,0.175270,0.003236,0.006354,0.003187,5962,28054,1836584
VH,3,-40.55,0.175150,0.003291,0.006460,0.003240,6063,28553,1836483
VH,3,-40.50,0.175445,0.003352,0.006578,0.003300,6176,29026,1836370
VH,3,-40.45,0.176196,0.003427,0.006723,0.003373,6314,29521,1836232
VH,3,-40.40,0.176337,0.003489,0.006842,0.003433,6428,30025,1836118
VH,3,-40.35,0.176534,0.003557,0.006974,0.003499,6554,30572,1835992
VH,3,-40.30,0.176669,0.003617,0.007089,0.003557,6665,31061,1835881
VH,3,-40.25,0.176979,0.003687,0.007223,0.003625,6793,31590,1835753
VH,3,-40.20,0.177772,0.003768,0.007379,0.003703,6942,32108,1835604
VH,3,-40.15,0.178686,0.003850,0.007538,0.003783,7094,32607,1835452
VH,3,-40.10,0.179167,0.003924,0.007681,0.003855,7231,33128,1835315
VH,3,-40.05,0.180103,0.004000,0.007826,0.003928,7370,33551,1835176
VH,3,-40.00,0.180570,0.004081,0.007982,0.004007,7520,34126,1835026
VH,3,-39.95,0.181097,0.004173,0.008158,0.004096,7689,34769,1834857
VH,3,-39.90,0.181957,0.004265,0.008334,0.004185,7858,35328,1834688
VH,3,-39.85,0.182044,0.004339,0.008476,0.004256,7995,35923,1834551
VH,3,-39.80,0.182817,0.004436,0.008661,0.004349,8173,36533,1834373
VH,3,-39.75,0.182849,0.004507,0.008798,0.004418,8305,37115,1834241
VH,3,-39.70,0.184064,0.004619,0.009011,0.004526,8510,37724,1834036
VH,3,-39.65,0.184609,0.004709,0.009184,0.004613,8677,38325,1833869
VH,3,-39.60,0.185242,0.004813,0.009383,0.004714,8869,39009,1833677
VH,3,-39.55,0.185696,0.004902,0.009553,0.004799,9033,39611,1833513
VH,3,-39.50,0.186520,0.004997,0.009733,0.004890,9207,40155,1833339
VH,3,-39.45,0.186678,0.005076,0.009882,0.004966,9352,40745,1833194
VH,3,-39.40,0.187539,0.005182,0.010085,0.005068,9548,41364,1832998
VH,3,-39.35,0.188090,0.005288,0.010287,0.005170,9744,42061,1832802
VH,3,-39.30,0.189447,0.005419,0.010537,0.005296,9985,42721,1832561
VH,3,-39.25,0.189545,0.005520,0.010728,0.005393,10171,43489,1832375
VH,3,-39.20,0.190173,0.005628,0.010932,0.005496,10369,44155,1832177
VH,3,-39.15,0.190943,0.005739,0.011144,0.005603,10575,44808,1831971
VH,3,-39.10,0.191540,0.005847,0.011347,0.005706,10773,45471,1831773
VH,3,-39.05,0.192407,0.005963,0.011568,0.005818,10988,46120,1831558
VH,3,-39.00,0.192908,0.006076,0.011782,0.005926,11196,46842,1831350
VH,3,-38.95,0.193653,0.006190,0.011996,0.006034,11405,47489,1831141
VH,3,-38.90,0.194996,0.006336,0.012274,0.006175,11675,48198,1830871
VH,3,-38.85,0.195606,0.006456,0.012499,0.006289,11895,48916,1830651
VH,3,-38.80,0.197038,0.006600,0.012771,0.006427,12160,49554,1830386
VH,3,-38.75,0.197424,0.006705,0.012970,0.006527,12355,50226,1830191
VH,3,-38.70,0.198075,0.006837,0.013217,0.006653,12597,51000,1829949
VH,3,-38.65,0.198723,0.006957,0.013444,0.006767,12819,51688,1829727
VH,3,-38.60,0.199098,0.007071,0.013656,0.006875,13028,52407,1829518
VH,3,-38.55,0.199834,0.007204,0.013906,0.007002,13273,53147,1829273
VH,3,-38.50,0.200487,0.007332,0.014147,0.007124,13510,53876,1829036
VH,3,-38.45,0.200880,0.007456,0.014378,0.007241,13738,54651,1828808
VH,3,-38.40,0.201604,0.007587,0.014624,0.007366,13980,55364,1828566
VH,3,-38.35,0.202480,0.007738,0.014907,0.007509,14258,56159,1828288
VH,3,-38.30,0.203049,0.007872,0.015156,0.007636,14504,56927,1828042
VH,3,-38.25,0.203642,0.008024,0.015439,0.007780,14784,57814,1827762
VH,3,-38.20,0.204224,0.008177,0.015724,0.007924,15066,58706,1827480
VH,3,-38.15,0.205249,0.008344,0.016036,0.008083,15374,59530,1827172
VH,3,-38.10,0.205759,0.008486,0.016299,0.008216,15635,60352,1826911
VH,3,-38.05,0.206183,0.008626,0.016559,0.008349,15894,61193,1826652
VH,3,-38.00,0.206852,0.008775,0.016836,0.008490,16169,61998,1826377
VH,3,-37.95,0.207264,0.008932,0.017126,0.008637,16458,62948,1826088
VH,3,-37.90,0.207743,0.009086,0.017410,0.008782,16741,63844,1825805
VH,3,-37.85,0.209257,0.009287,0.017785,0.008972,17112,64663,1825434
VH,3,-37.80,0.210156,0.009472,0.018127,0.009147,17453,65595,1825093
VH,3,-37.75,0.210852,0.009659,0.018473,0.009322,17798,66612,1824748
VH,3,-37.70,0.211795,0.009845,0.018815,0.009497,18139,67505,1824407
VH,3,-37.65,0.212750,0.010029,0.019154,0.009670,18478,68375,1824068
VH,3,-37.60,0.213405,0.010208,0.019483,0.009837,18808,69325,1823738
VH,3,-37.55,0.213900,0.010372,0.019784,0.009991,19110,70231,1823436
VH,3,-37.50,0.214398,0.010548,0.020108,0.010156,19436,71218,1823110
VH,3,-37.45,0.215162,0.010741,0.020461,0.010336,19791,72191,1822755
VH,3,-37.40,0.215402,0.010921,0.020788,0.010503,20122,73294,1822424
VH,3,-37.35,0.216616,0.011141,0.021191,0.010709,20527,74235,1822019
VH,3,-37.30,0.217710,0.011362,0.021597,0.010916,20935,75225,1821611
VH,3,-37.25,0.218062,0.011536,0.021913,0.011078,21256,76221,1821290
VH,3,-37.20,0.218524,0.011718,0.022243,0.011247,21591,77213,1820955
VH,3,-37.15,0.219364,0.011918,0.022607,0.011433,21959,78144,1820587
VH,3,-37.10,0.220471,0.012161,0.023051,0.011660,22408,79229,1820138
VH,3,-37.05,0.221554,0.012400,0.023486,0.011883,22848,80278,1819698
VH,3,-37.00,0.222096,0.012607,0.023860,0.012074,23229,81361,1819317
VH,3,-36.95,0.223198,0.012845,0.024292,0.012295,23667,82369,1818879
VH,3,-36.90,0.223584,0.013053,0.024665,0.012487,24050,83516,1818496
VH,3,-36.85,0.224314,0.013272,0.025061,0.012689,24454,84563,1818092
VH,3,-36.80,0.225159,0.013520,0.025509,0.012919,24912,85730,1817634
VH,3,-36.75,0.226271,0.013778,0.025974,0.013158,25386,86807,1817160
VH,3,-36.70,0.227740,0.014076,0.026513,0.013434,25935,87945,1816611
VH,3,-36.65,0.228776,0.014336,0.026981,0.013675,26414,89044,1816132
VH,3,-36.60,0.229688,0.014588,0.027434,0.013908,26879,90145,1815667
VH,3,-36.55,0.230498,0.014844,0.027891,0.014143,27350,91306,1815196
VH,3,-36.50,0.231246,0.015106,0.028359,0.014383,27833,92528,1814713
VH,3,-36.45,0.232205,0.015380,0.028850,0.014636,28339,93704,1814207
VH,3,-36.40,0.233239,0.015677,0.029380,0.014909,28886,94961,1813660
VH,3,-36.35,0.234473,0.015978,0.029917,0.015186,29440,96118,1813106
VH,3,-36.30,0.235531,0.016269,0.030436,0.015453,29977,97297,1812569
VH,3,-36.25,0.236578,0.016574,0.030977,0.015732,30538,98544,1812008
VH,3,-36.20,0.237827,0.016891,0.031541,0.016023,31122,99738,1811424
VH,3,-36.15,0.238789,0.017187,0.032065,0.016294,31667,100948,1810879
VH,3,-36.10,0.239801,0.017502,0.032623,0.016582,32248,102230,1810298
VH,3,-36.05,0.240786,0.017811,0.033168,0.016864,32817,103474,1809729
VH,3,-36.00,0.241455,0.018085,0.033649,0.017113,33322,104683,1809224
VH,3,-35.95,0.242637,0.018404,0.034213,0.017404,33910,105846,1808636
VH,3,-35.90,0.243480,0.018722,0.034771,0.017693,34497,107186,1808049
VH,3,-35.85,0.244273,0.019042,0.035329,0.017982,35085,108545,1807461
VH,3,-35.80,0.245206,0.019376,0.035914,0.018285,35701,109895,1806845
VH,3,-35.75,0.246464,0.019754,0.036576,0.018629,36397,111280,1806149
VH,3,-35.70,0.247471,0.020113,0.037203,0.018954,37060,112695,1805486
VH,3,-35.65,0.248845,0.020491,0.037864,0.019298,37756,113969,1804790
VH,3,-35.60,0.249859,0.020858,0.038501,0.019628,38431,115380,1804115
VH,3,-35.55,0.251128,0.021242,0.039171,0.019977,39140,116717,1803406
VH,3,-35.50,0.252151,0.021631,0.039845,0.020327,39857,118211,1802689
VH,3,-35.45,0.253507,0.022040,0.040554,0.020697,40610,119583,1801936
VH,3,-35.40,0.254627,0.022450,0.041263,0.021066,41366,121091,1801180
VH,3,-35.35,0.255928,0.022900,0.042038,0.021470,42194,122673,1800352
VH,3,-35.30,0.256999,0.023307,0.042738,0.021836,42944,124154,1799602
VH,3,-35.25,0.258557,0.023749,0.043503,0.022235,43759,125484,1798787
VH,3,-35.20,0.259715,0.024190,0.044258,0.022630,44571,127044,1797975
VH,3,-35.15,0.261121,0.024649,0.045046,0.023042,45417,128514,1797129
VH,3,-35.10,0.262506,0.025114,0.045842,0.023459,46273,130001,1796273
VH,3,-35.05,0.263584,0.025564,0.046608,0.023860,47103,131599,1795443
VH,3,-35.00,0.264465,0.025993,0.047334,0.024240,47893,133201,1794653
VH,3,-34.95,0.265779,0.026477,0.048157,0.024672,48785,134770,1793761
VH,3,-34.90,0.266775,0.026932,0.048924,0.025076,49623,136388,1792923
VH,3,-34.85,0.268223,0.027450,0.049802,0.025537,50577,137986,1791969
VH,3,-34.80,0.269486,0.027942,0.050634,0.025975,51485,139564,1791061
VH,3,-34.75,0.271184,0.028494,0.051569,0.026467,52501,141098,1790045
VH,3,-34.70,0.272502,0.029033,0.052475,0.026944,53494,142813,1789052
VH,3,-34.65,0.274213,0.029618,0.053461,0.027465,54572,144441,1787974
VH,3,-34.60,0.275235,0.030141,0.054332,0.027925,55536,146241,1787010
VH,3,-34.55,0.276697,0.030711,0.055285,0.028429,56586,147919,1785960
VH,3,-34.50,0.278528,0.031322,0.056312,0.028972,57713,149494,1784833
VH,3,-34.45,0.280150,0.031928,0.057323,0.029507,58829,151162,1783717
VH,3,-34.40,0.281513,0.032525,0.058313,0.030032,59929,152953,1782617
VH,3,-34.35,0.282878,0.033133,0.059318,0.030566,61049,154765,1781497
VH,3,-34.30,0.284198,0.033732,0.060306,0.031091,62153,156543,1780393
VH,3,-34.25,0.285977,0.034396,0.061406,0.031676,63376,158236,1779170
VH,3,-34.20,0.287706,0.035054,0.062493,0.032254,64588,159905,1777958
VH,3,-34.15,0.288930,0.035664,0.063491,0.032786,65712,161720,1776834
VH,3,-34.10,0.290217,0.036292,0.064516,0.033333,66870,163544,1775676
VH,3,-34.05,0.291724,0.036978,0.065636,0.033932,68134,165422,1774412
VH,3,-34.00,0.293104,0.037643,0.066718,0.034510,69359,167277,1773187
VH,3,-33.95,0.294600,0.038340,0.067851,0.035117,70644,169152,1771902
VH,3,-33.90,0.296372,0.039085,0.069062,0.035766,72016,170976,1770530
VH,3,-33.85,0.297935,0.039825,0.070259,0.036409,73380,172915,1769166
VH,3,-33.80,0.299454,0.040559,0.071442,0.037044,74732,174829,1767814
VH,3,-33.75,0.301074,0.041331,0.072684,0.037712,76154,176787,1766392
VH,3,-33.70,0.302748,0.042090,0.073905,0.038370,77552,178608,1764994
VH,3,-33.65,0.304165,0.042880,0.075163,0.039049,79008,180746,1763538
VH,3,-33.60,0.305480,0.043624,0.076346,0.039688,80380,182747,1762166
VH,3,-33.55,0.306861,0.044406,0.077585,0.040358,81820,184815,1760726
VH,3,-33.50,0.308323,0.045218,0.078870,0.041054,83317,186909,1759229
VH,3,-33.45,0.310182,0.046096,0.080264,0.041810,84934,188886,1757612
VH,3,-33.40,0.311392,0.046904,0.081527,0.042496,86422,191112,1756124
VH,3,-33.35,0.312734,0.047719,0.082803,0.043190,87924,193222,1754622
VH,3,-33.30,0.314225,0.048583,0.084154,0.043925,89516,195363,1753030
VH,3,-33.25,0.315870,0.049469,0.085540,0.044681,91148,197414,1751398
VH,3,-33.20,0.317091,0.050295,0.086819,0.045380,92671,199583,1749875
VH,3,-33.15,0.318841,0.051246,0.088301,0.046190,94424,201724,1748122
VH,3,-33.10,0.320366,0.052172,0.089731,0.046973,96129,203931,1746417
VH,3,-33.05,0.321707,0.053058,0.091093,0.047720,97762,206123,1744784
VH,3,-33.00,0.323260,0.054024,0.092576,0.048534,99541,208388,1743005
VH,3,-32.95,0.325010,0.055063,0.094171,0.049412,101456,210707,1741090
VH,3,-32.90,0.326769,0.056110,0.095775,0.050296,103386,213003,1739160
VH,3,-32.85,0.328456,0.057135,0.097338,0.051159,105274,215238,1737272
VH,3,-32.80,0.329851,0.058123,0.098831,0.051984,107094,217580,1735452
VH,3,-32.75,0.330950,0.059046,0.100213,0.052749,108795,219940,1733751
VH,3,-32.70,0.332505,0.060086,0.101780,0.053618,110711,222249,1731835
VH,3,-32.65,0.333764,0.061124,0.103326,0.054477,112624,224812,1729922
VH,3,-32.60,0.335480,0.062223,0.104975,0.055395,114648,227095,1727898
VH,3,-32.55,0.336806,0.063304,0.106576,0.056288,116640,229672,1725906
VH,3,-32.50,0.338567,0.064474,0.108320,0.057261,118796,232083,1723750
VH,3,-32.45,0.339858,0.065559,0.109915,0.058153,120795,234633,1721751
VH,3,-32.40,0.341414,0.066742,0.111656,0.059129,122975,237218,1719571
VH,3,-32.35,0.343036,0.067966,0.113454,0.060138,125231,239836,1717315
VH,3,-32.30,0.344739,0.069210,0.115276,0.061164,127522,242387,1715024
VH,3,-32.25,0.346408,0.070429,0.117058,0.062168,129768,244842,1712778
VH,3,-32.20,0.347995,0.071659,0.118845,0.063177,132035,247381,1710511
VH,3,-32.15,0.349643,0.072896,0.120641,0.064192,134315,249834,1708231
VH,3,-32.10,0.351196,0.074175,0.122481,0.065235,136670,252486,1705876
VH,3,-32.05,0.352757,0.075408,0.124255,0.066243,138943,254934,1703603
VH,3,-32.00,0.354288,0.076729,0.126140,0.067316,141377,257668,1701169
VH,3,-31.95,0.355909,0.078035,0.128004,0.068379,143783,260205,1698763
VH,3,-31.90,0.357508,0.079362,0.129891,0.069456,146229,262794,1696317
VH,3,-31.85,0.359292,0.080791,0.131918,0.070617,148861,265457,1693685
VH,3,-31.80,0.360877,0.082161,0.133848,0.071724,151385,268107,1691161
VH,3,-31.75,0.362542,0.083649,0.135934,0.072923,154127,271002,1688419
VH,3,-31.70,0.364132,0.085061,0.137906,0.074060,156728,273687,1685818
VH,3,-31.65,0.365803,0.086552,0.139983,0.075259,159476,276485,1683070
VH,3,-31.60,0.367592,0.088095,0.142129,0.076501,162320,279256,1680226
VH,3,-31.55,0.369190,0.089573,0.144168,0.077684,165042,281996,1677504
VH,3,-31.50,0.370774,0.091103,0.146267,0.078904,167862,284872,1674684
VH,3,-31.45,0.372495,0.092674,0.148422,0.080160,170756,287655,1671790
VH,3,-31.40,0.374054,0.094210,0.150512,0.081381,173587,290482,1668959
VH,3,-31.35,0.375752,0.095827,0.152709,0.082666,176565,293333,1665981
VH,3,-31.30,0.377232,0.097433,0.154866,0.083932,179524,296374,1663022
VH,3,-31.25,0.378816,0.099090,0.157089,0.085240,182578,299392,1659968
VH,3,-31.20,0.380297,0.100661,0.159187,0.086477,185473,302233,1657073
VH,3,-31.15,0.381982,0.102375,0.161474,0.087828,188631,305191,1653915
VH,3,-31.10,0.383575,0.104079,0.163731,0.089165,191770,308184,1650776
VH,3,-31.05,0.385133,0.105802,0.166001,0.090513,194945,311231,1647601
VH,3,-31.00,0.386855,0.107649,0.168430,0.091959,198349,314373,1644197
VH,3,-30.95,0.388528,0.109467,0.170809,0.093379,201698,317436,1640848
VH,3,-30.90,0.390342,0.111399,0.173331,0.094889,205257,320582,1637289
VH,3,-30.85,0.391947,0.113263,0.175741,0.096336,208692,323758,1633854
VH,3,-30.80,0.393345,0.115007,0.177976,0.097681,211905,326821,1630641
VH,3,-30.75,0.394860,0.116842,0.180324,0.099097,215286,329935,1627260
VH,3,-30.70,0.396235,0.118676,0.182647,0.100502,218666,333193,1623880
VH,3,-30.65,0.397653,0.120504,0.184959,0.101904,222035,336329,1620511
VH,3,-30.60,0.399086,0.122426,0.187373,0.103371,225576,339655,1616970
VH,3,-30.55,0.400606,0.124361,0.189801,0.104851,229140,342844,1613406
VH,3,-30.50,0.402193,0.126370,0.192314,0.106387,232842,346089,1609704
VH,3,-30.45,0.403664,0.128371,0.194795,0.107907,236530,349428,1606016
VH,3,-30.40,0.404992,0.130314,0.197181,0.109374,240110,352766,1602436
VH,3,-30.35,0.406579,0.132385,0.199735,0.110948,243926,356021,1598620
VH,3,-30.30,0.407964,0.134448,0.202245,0.112499,247727,359500,1594819
VH,3,-30.25,0.409321,0.136551,0.204785,0.114072,251601,363078,1590945
VH,3,-30.20,0.410921,0.138769,0.207474,0.115744,255688,366543,1586858
VH,3,-30.15,0.412327,0.140910,0.210040,0.117343,259633,370045,1582913
VH,3,-30.10,0.413552,0.143000,0.212515,0.118891,263484,373641,1579062
VH,3,-30.05,0.414906,0.145194,0.215111,0.120518,267527,377262,1575019
VH,3,-30.00,0.416127,0.147403,0.217693,0.122141,271596,381080,1570950
VH,3,-29.95,0.417431,0.149636,0.220301,0.123785,275711,384784,1566835
VH,3,-29.90,0.418781,0.151889,0.222924,0.125445,279862,388416,1562684
VH,3,-29.85,0.419888,0.154181,0.225543,0.127105,284085,392489,1558461
VH,3,-29.80,0.421100,0.156426,0.228114,0.128741,288222,396228,1554324
VH,3,-29.75,0.422596,0.158869,0.230925,0.130535,292724,399956,1549822
VH,3,-29.70,0.423678,0.161117,0.233456,0.132154,296866,403821,1545680
VH,3,-29.65,0.424988,0.163575,0.236227,0.133933,301394,407788,1541152
VH,3,-29.60,0.426059,0.165930,0.238842,0.135616,305733,411850,1536813
VH,3,-29.55,0.427114,0.168292,0.241448,0.137299,310085,415915,1532461
VH,3,-29.50,0.428225,0.170751,0.244150,0.139049,314617,420084,1527929
VH,3,-29.45,0.429106,0.173126,0.246714,0.140715,318993,424396,1523553
VH,3,-29.40,0.430157,0.175571,0.249363,0.142441,323498,428548,1519048
VH,3,-29.35,0.431126,0.178037,0.252006,0.144169,328041,432853,1514505
VH,3,-29.30,0.432212,0.180620,0.254772,0.145982,332801,437193,1509745
VH,3,-29.25,0.433263,0.183195,0.257508,0.147782,337545,441532,1505001
VH,3,-29.20,0.434134,0.185718,0.260148,0.149523,342194,446028,1500352
VH,3,-29.15,0.435104,0.188323,0.262869,0.151324,346993,450502,1495553
VH,3,-29.10,0.435842,0.190823,0.265433,0.153026,351601,455116,1490945
VH,3,-29.05,0.436652,0.193404,0.268072,0.154783,356356,459754,1486190
VH,3,-29.00,0.437500,0.196027,0.270744,0.156567,361189,464386,1481357
VH,3,-28.95,0.438266,0.198647,0.273382,0.158334,366017,469132,1476529
VH,3,-28.90,0.438990,0.201360,0.276083,0.160149,371015,474141,1471531
VH,3,-28.85,0.439558,0.203968,0.278639,0.161871,375820,479176,1466726
VH,3,-28.80,0.440204,0.206573,0.281192,0.163597,380621,484025,1461925
VH,3,-28.75,0.440898,0.209339,0.283887,0.165425,385716,489126,1456830
VH,3,-28.70,0.441287,0.211961,0.286370,0.167113,390547,494472,1451999
VH,3,-28.65,0.441956,0.214695,0.288999,0.168906,395585,499493,1446961
VH,3,-28.60,0.442480,0.217445,0.291594,0.170682,400653,504818,1441893
VH,3,-28.55,0.443025,0.220184,0.294167,0.172448,405700,510049,1436846
VH,3,-28.50,0.443314,0.222842,0.296594,0.174118,410597,515601,1431949
VH,3,-28.45,0.443786,0.225578,0.299115,0.175858,415638,520936,1426908
VH,3,-28.40,0.444154,0.228323,0.301603,0.177581,420695,526487,1421851
VH,3,-28.35,0.444579,0.231165,0.304172,0.179365,425933,532126,1416613
VH,3,-28.30,0.444764,0.233899,0.306573,0.181037,430970,538016,1411576
VH,3,-28.25,0.445077,0.236734,0.309073,0.182783,436193,543847,1406353
VH,3,-28.20,0.445314,0.239571,0.311539,0.184511,441420,549835,1401126
VH,3,-28.15,0.445380,0.242333,0.313881,0.186156,446509,556027,1396037
VH,3,-28.10,0.445570,0.245131,0.316267,0.187837,451666,562016,1390880
VH,3,-28.05,0.445761,0.248011,0.318703,0.189558,456971,568176,1385575
VH,3,-28.00,0.445820,0.250886,0.321082,0.191244,462269,574626,1380277
VH,3,-27.95,0.445761,0.253691,0.323355,0.192858,467437,581190,1375109
VH,3,-27.90,0.445704,0.256588,0.325683,0.194517,472776,587964,1369770
VH,3,-27.85,0.445569,0.259414,0.327914,0.196111,477982,594762,1364564
VH,3,-27.80,0.445511,0.262294,0.330189,0.197740,483288,601507,1359258
VH,3,-27.75,0.445298,0.265109,0.332352,0.199294,488476,608488,1354070
VH,3,-27.70,0.445012,0.267786,0.334367,0.200744,493408,615345,1349138
VH,3,-27.65,0.444682,0.270628,0.336479,0.202269,498645,622707,1343901
VH,3,-27.60,0.444489,0.273527,0.338655,0.203844,503987,629871,1338559
VH,3,-27.55,0.444014,0.276221,0.340572,0.205235,508950,637298,1333596
VH,3,-27.50,0.443473,0.279067,0.342566,0.206684,514194,645277,1328352
VH,3,-27.45,0.443101,0.281865,0.344553,0.208133,519349,652729,1323197
VH,3,-27.40,0.442568,0.284662,0.346471,0.209535,524502,660630,1318044
VH,3,-27.35,0.442044,0.287489,0.348395,0.210943,529712,668611,1312834
VH,3,-27.30,0.441511,0.290318,0.350297,0.212339,534925,676654,1307621
VH,3,-27.25,0.441033,0.293186,0.352224,0.213757,540209,684664,1302337
VH,3,-27.20,0.440339,0.295950,0.353987,0.215057,545301,693066,1297245
VH,3,-27.15,0.439693,0.298771,0.355786,0.216386,550499,701509,1292047
VH,3,-27.10,0.439120,0.301635,0.357619,0.217744,555776,709883,1286770
VH,3,-27.05,0.438416,0.304526,0.359407,0.219071,561104,718739,1281442
VH,3,-27.00,0.437744,0.307386,0.361162,0.220377,566373,727472,1276173
VH,3,-26.95,0.437103,0.310317,0.362956,0.221715,571773,736324,1270773
VH,3,-26.90,0.436399,0.313238,0.364701,0.223018,577155,745386,1265391
VH,3,-26.85,0.435664,0.316113,0.366383,0.224277,582453,754478,1260093
VH,3,-26.80,0.434958,0.318939,0.368021,0.225506,587660,763414,1254886
VH,3,-26.75,0.434067,0.321819,0.369609,0.226699,592967,773106,1249579
VH,3,-26.70,0.433195,0.324665,0.371159,0.227867,598210,782716,1244336
VH,3,-26.65,0.432302,0.327471,0.372655,0.228995,603381,792359,1239165
VH,3,-26.60,0.431561,0.330373,0.374248,0.230200,608727,801798,1233819
VH,3,-26.55,0.430712,0.333242,0.375759,0.231344,614014,811566,1228532
VH,3,-26.50,0.429829,0.336100,0.377229,0.232460,619279,821477,1223267
VH,3,-26.45,0.428956,0.339007,0.378714,0.233588,624636,831542,1217910
VH,3,-26.40,0.428081,0.341802,0.380107,0.234649,629785,841398,1212761
VH,3,-26.35,0.427102,0.344632,0.381461,0.235682,635001,851764,1207545
VH,3,-26.30,0.426102,0.347437,0.382769,0.236682,640168,862215,1202378
VH,3,-26.25,0.425082,0.350339,0.384108,0.237707,645516,873053,1197030
VH,3,-26.20,0.424153,0.353259,0.385473,0.238753,650896,883683,1191650
VH,3,-26.15,0.423156,0.356061,0.386720,0.239710,656058,894335,1186488
VH,3,-26.10,0.422111,0.358876,0.387934,0.240644,661246,905276,1181300
VH,3,-26.05,0.421021,0.361645,0.389080,0.241527,666347,916347,1176199
VH,3,-26.00,0.419975,0.364451,0.390248,0.242427,671518,927429,1171028
VH,3,-25.95,0.418842,0.367232,0.391343,0.243273,676642,938865,1165904
VH,3,-25.90,0.417710,0.370030,0.392427,0.244111,681797,950430,1160749
VH,3,-25.85,0.416712,0.372952,0.393620,0.245035,687181,961873,1155365
VH,3,-25.80,0.415712,0.375826,0.394764,0.245923,692476,973283,1150070
VH,3,-25.75,0.414700,0.378647,0.395854,0.246769,697674,984684,1144872
VH,3,-25.70,0.413651,0.381380,0.396861,0.247552,702711,996092,1139835
VH,3,-25.65,0.412520,0.384071,0.397788,0.248274,707668,1007806,1134878
VH,3,-25.60,0.411524,0.386981,0.398875,0.249122,713030,1019629,1129516
VH,3,-25.55,0.410505,0.389886,0.399930,0.249945,718382,1031614,1124164
VH,3,-25.50,0.409471,0.392689,0.400905,0.250707,723548,1043481,1118998
VH,3,-25.45,0.408520,0.395529,0.401920,0.251501,728781,1055175,1113765
VH,3,-25.40,0.407546,0.398394,0.402918,0.252284,734059,1067110,1108487
VH,3,-25.35,0.406496,0.401136,0.403798,0.252974,739111,1079138,1103435
VH,3,-25.30,0.405540,0.404021,0.404779,0.253745,744427,1091215,1098119
VH,3,-25.25,0.404523,0.406842,0.405680,0.254453,749626,1103484,1092920
VH,3,-25.20,0.403598,0.409708,0.406630,0.255201,754905,1115535,1087641
VH,3,-25.15,0.402593,0.412516,0.407494,0.255882,760079,1127878,1082467
VH,3,-25.10,0.401604,0.415281,0.408328,0.256540,765174,1140123,1077372
VH,3,-25.05,0.400646,0.418138,0.409205,0.257233,770439,1152553,1072107
VH,3,-25.00,0.399771,0.420979,0.410101,0.257942,775674,1164621,1066872
VH,3,-24.95,0.398773,0.423732,0.410874,0.258553,780746,1177124,1061800
VH,3,-24.90,0.397817,0.426514,0.411666,0.259181,785871,1189589,1056675
VH,3,-24.85,0.396984,0.429448,0.412578,0.259905,791278,1201947,1051268
VH,3,-24.80,0.396046,0.432258,0.413360,0.260526,796456,1214565,1046090
VH,3,-24.75,0.395201,0.435179,0.414228,0.261215,801838,1227098,1040708
VH,3,-24.70,0.394316,0.437975,0.415000,0.261830,806990,1239569,1035556
VH,3,-24.65,0.393445,0.440823,0.415789,0.262458,812237,1252186,1030309
VH,3,-24.60,0.392596,0.443667,0.416572,0.263082,817477,1264760,1025069
VH,3,-24.55,0.391809,0.446488,0.417365,0.263715,822675,1277011,1019871
VH,3,-24.50,0.391015,0.449355,0.418160,0.264351,827958,1289500,1014588
VH,3,-24.45,0.390209,0.452155,0.418904,0.264945,833116,1301935,1009430
VH,3,-24.40,0.389497,0.455088,0.419746,0.265619,838520,1314306,1004026
VH,3,-24.35,0.388789,0.457933,0.420538,0.266254,843763,1326472,998783
VH,3,-24.30,0.388021,0.460682,0.421241,0.266818,848828,1338755,993718
VH,3,-24.25,0.387347,0.463495,0.422013,0.267438,854010,1350757,988536
VH,3,-24.20,0.386643,0.466334,0.422766,0.268043,859242,1363071,983304
VH,3,-24.15,0.385947,0.469216,0.423528,0.268655,864552,1375526,977994
VH,3,-24.10,0.385192,0.471974,0.424190,0.269188,869633,1388029,972913
VH,3,-24.05,0.384569,0.474962,0.425012,0.269851,875140,1400500,967406
VH,3,-24.00,0.383873,0.477747,0.425696,0.270403,880271,1412859,962275
VH,3,-23.95,0.383275,0.480650,0.426475,0.271031,885620,1425045,956926
VH,3,-23.90,0.382624,0.483596,0.427225,0.271638,891047,1437730,951499
VH,3,-23.85,0.382020,0.486493,0.427973,0.272243,896386,1450053,946160
VH,3,-23.80,0.381430,0.489392,0.428718,0.272846,901727,1462345,940819
VH,3,-23.75,0.380782,0.492182,0.429374,0.273378,906868,1474723,935678
VH,3,-23.70,0.380147,0.494947,0.430017,0.273899,911963,1487012,930583
VH,3,-23.65,0.379584,0.497834,0.430741,0.274487,917282,1499262,925264
VH,3,-23.60,0.378994,0.500746,0.431445,0.275059,922647,1511817,919899
VH,3,-23.55,0.378356,0.503558,0.432070,0.275567,927828,1524431,914718
VH,3,-23.50,0.377825,0.506489,0.432797,0.276159,933229,1536776,909317
VH,3,-23.45,0.377264,0.509396,0.433484,0.276719,938585,1549291,903961
VH,3,-23.40,0.376692,0.512316,0.434159,0.277269,943966,1561973,898580
VH,3,-23.35,0.376104,0.515137,0.434776,0.277772,949164,1574510,893382
VH,3,-23.30,0.375488,0.518034,0.435391,0.278274,954502,1587530,888044
VH,3,-23.25,0.374852,0.520805,0.435936,0.278720,959607,1600356,882939
VH,3,-23.20,0.374286,0.523638,0.436541,0.279215,964828,1612957,877718
VH,3,-23.15,0.373715,0.526527,0.437151,0.279714,970151,1625816,872395
VH,3,-23.10,0.373182,0.529519,0.437813,0.280256,975664,1638784,866882
VH,3,-23.05,0.372508,0.532377,0.438320,0.280672,980929,1652379,861617
VH,3,-23.00,0.371902,0.535217,0.438858,0.281113,986162,1665512,856384
VH,3,-22.95,0.371288,0.538092,0.439392,0.281552,991460,1678864,851086
VH,3,-22.90,0.370631,0.540981,0.439890,0.281961,996782,1692636,845764
VH,3,-22.85,0.369949,0.543858,0.440355,0.282343,1002083,1706625,840463
VH,3,-22.80,0.369291,0.546779,0.440841,0.282743,1007466,1720641,835080
VH,3,-22.75,0.368613,0.549598,0.441269,0.283095,1012660,1734554,829886
VH,3,-22.70,0.367983,0.552501,0.441748,0.283490,1018008,1748443,824538
VH,3,-22.65,0.367364,0.555491,0.442252,0.283905,1023517,1762592,819029
VH,3,-22.60,0.366669,0.558410,0.442669,0.284248,1028897,1777168,813649
VH,3,-22.55,0.365931,0.561302,0.443034,0.284549,1034224,1792057,808322
VH,3,-22.50,0.365231,0.564219,0.443424,0.284872,1039600,1806816,802946
VH,3,-22.45,0.364450,0.567129,0.443742,0.285134,1044962,1822269,797584
VH,3,-22.40,0.363732,0.570115,0.444118,0.285444,1050464,1837553,792082
VH,3,-22.35,0.362978,0.573102,0.444456,0.285724,1055967,1853211,786579
VH,3,-22.30,0.362198,0.575960,0.444726,0.285947,1061232,1868742,781314
VH,3,-22.25,0.361334,0.578836,0.444926,0.286113,1066532,1885119,776014
VH,3,-22.20,0.360539,0.581851,0.445208,0.286346,1072087,1901482,770459
VH,3,-22.15,0.359710,0.584837,0.445444,0.286541,1077589,1918129,764957
VH,3,-22.10,0.358830,0.587762,0.445612,0.286680,1082979,1935108,759567
VH,3,-22.05,0.357986,0.590745,0.445814,0.286847,1088475,1952073,754071
VH,3,-22.00,0.357079,0.593717,0.445950,0.286960,1093951,1969662,748595
VH,3,-21.95,0.356149,0.596653,0.446047,0.287041,1099361,1987439,743185
VH,3,-21.90,0.355216,0.599650,0.446147,0.287123,1104883,2005567,737663
VH,3,-21.85,0.354209,0.602634,0.446172,0.287144,1110381,2024436,732165
VH,3,-21.80,0.353243,0.605612,0.446216,0.287180,1115868,2043057,726678
VH,3,-21.75,0.352223,0.608607,0.446208,0.287174,1121387,2062359,721159
VH,3,-21.70,0.351169,0.611631,0.446169,0.287141,1126958,2082202,715588
VH,3,-21.65,0.350112,0.614586,0.446096,0.287081,1132403,2101997,710143
VH,3,-21.60,0.348992,0.617574,0.445967,0.286974,1137908,2122650,704638
VH,3,-21.55,0.347944,0.620660,0.445910,0.286927,1143595,2143124,698951
VH,3,-21.50,0.346796,0.623519,0.445699,0.286752,1148863,2163927,693683
VH,3,-21.45,0.345675,0.626553,0.445541,0.286621,1154452,2185247,688094
VH,3,-21.40,0.344461,0.629566,0.445287,0.286411,1160005,2207592,682541
VH,3,-21.35,0.343272,0.632552,0.445034,0.286202,1165507,2229780,677039
VH,3,-21.30,0.342126,0.635743,0.444853,0.286052,1171386,2252459,671160
VH,3,-21.25,0.340909,0.638765,0.444558,0.285808,1176953,2275439,665593
VH,3,-21.20,0.339664,0.641771,0.444220,0.285529,1182493,2298864,660053
VH,3,-21.15,0.338342,0.644723,0.443789,0.285173,1187931,2323102,654615
VH,3,-21.10,0.337002,0.647665,0.443327,0.284791,1193353,2347729,649193
VH,3,-21.05,0.335700,0.650745,0.442913,0.284450,1199027,2372699,643519
VH,3,-21.00,0.334376,0.653777,0.442456,0.284073,1204614,2397959,637932
VH,3,-20.95,0.333024,0.656857,0.441970,0.283673,1210290,2423958,632256
VH,3,-20.90,0.331637,0.659925,0.441436,0.283232,1215942,2450542,626604
VH,3,-20.85,0.330210,0.662949,0.440840,0.282742,1221514,2477693,621032
VH,3,-20.80,0.328797,0.665985,0.440245,0.282253,1227108,2505005,615438
VH,3,-20.75,0.327271,0.668968,0.439520,0.281657,1232604,2533709,609942
VH,3,-20.70,0.325764,0.671925,0.438792,0.281060,1238052,2562399,604494
VH,3,-20.65,0.324245,0.675004,0.438062,0.280461,1243726,2592038,598820
VH,3,-20.60,0.322726,0.678072,0.437314,0.279848,1249378,2621948,593168
VH,3,-20.55,0.321170,0.681153,0.436518,0.279196,1255056,2652704,587490
VH,3,-20.50,0.319583,0.684113,0.435651,0.278487,1260509,2683725,582037
VH,3,-20.45,0.317978,0.687132,0.434764,0.277762,1266072,2715567,576474
VH,3,-20.40,0.316373,0.690116,0.433853,0.277019,1271571,2747645,570975
VH,3,-20.35,0.314700,0.693121,0.432865,0.276214,1277107,2781061,565439
VH,3,-20.30,0.313054,0.696135,0.431887,0.275418,1282660,2814589,559886
VH,3,-20.25,0.311395,0.699186,0.430887,0.274605,1288283,2848856,554263
VH,3,-20.20,0.309682,0.702262,0.429822,0.273741,1293950,2884367,548596
VH,3,-20.15,0.307936,0.705223,0.428686,0.272820,1299405,2920318,543141
VH,3,-20.10,0.306190,0.708196,0.427534,0.271888,1304883,2956799,537663
VH,3,-20.05,0.304430,0.711208,0.426358,0.270937,1310433,2994117,532113
VH,3,-20.00,0.302562,0.714031,0.425025,0.269862,1315635,3032674,526911
VH,3,-19.95,0.300755,0.717087,0.423774,0.268853,1321266,3071905,521280
VH,3,-19.90,0.298895,0.720012,0.422429,0.267772,1326655,3111872,515891
VH,3,-19.85,0.297083,0.723019,0.421128,0.266727,1332196,3152064,510350
VH,3,-19.80,0.295178,0.725972,0.419705,0.265587,1337637,3193989,504909
VH,3,-19.75,0.293266,0.728771,0.418231,0.264407,1342794,3235970,499752
VH,3,-19.70,0.291344,0.731635,0.416739,0.263216,1348072,3279002,494474
VH,3,-19.65,0.289407,0.734585,0.415227,0.262010,1353507,3323314,489039
VH,3,-19.60,0.287474,0.737582,0.413705,0.260800,1359028,3368457,483518
VH,3,-19.55,0.285520,0.740611,0.412149,0.259564,1364610,3414773,477936
VH,3,-19.50,0.283535,0.743643,0.410540,0.258289,1370196,3462348,472350
VH,3,-19.45,0.281549,0.746572,0.408894,0.256988,1375593,3510213,466953
VH,3,-19.40,0.279536,0.749483,0.407198,0.255649,1380957,3559223,461589
VH,3,-19.35,0.277533,0.752451,0.405501,0.254313,1386425,3609109,456121
VH,3,-19.30,0.275495,0.755420,0.403747,0.252934,1391897,3660453,450649
VH,3,-19.25,0.273493,0.758354,0.402006,0.251569,1397303,3711802,445243
VH,3,-19.20,0.271425,0.761253,0.400169,0.250132,1402643,3765063,439903
VH,3,-19.15,0.269314,0.764045,0.398251,0.248635,1407788,3819516,434758
VH,3,-19.10,0.267212,0.766871,0.396326,0.247136,1412996,3874930,429550
VH,3,-19.05,0.265090,0.769707,0.394361,0.245610,1418220,3931733,424326
VH,3,-19.00,0.262970,0.772505,0.392372,0.244069,1423376,3989323,419170
VH,3,-18.95,0.260880,0.775364,0.390404,0.242548,1428644,4047603,413902
VH,3,-18.90,0.258722,0.778030,0.388315,0.240937,1433556,4107366,408990
VH,3,-18.85,0.256567,0.780847,0.386229,0.239333,1438746,4168934,403800
VH,3,-18.80,0.254430,0.783624,0.384137,0.237728,1443863,4231034,398683
VH,3,-18.75,0.252294,0.786434,0.382030,0.236117,1449040,4294423,393506
VH,3,-18.70,0.250175,0.789247,0.379923,0.234509,1454223,4358595,388323
VH,3,-18.65,0.248080,0.792084,0.377825,0.232913,1459452,4423541,383094
VH,3,-18.60,0.245915,0.794789,0.375612,0.231233,1464435,4490621,378111
VH,3,-18.55,0.243756,0.797562,0.373393,0.229553,1469544,4559207,373002
VH,3,-18.50,0.241611,0.800337,0.371171,0.227876,1474658,4628775,367888
VH,3,-18.45,0.239455,0.803144,0.368918,0.226180,1479830,4700167,362716
VH,3,-18.40,0.237338,0.805941,0.366691,0.224508,1484984,4771848,357562
VH,3,-18.35,0.235202,0.808690,0.364416,0.222805,1490049,4845138,352497
VH,3,-18.30,0.233011,0.811443,0.362055,0.221042,1495121,4921409,347425
VH,3,-18.25,0.230856,0.814125,0.359711,0.219297,1500062,4997763,342484
VH,3,-18.20,0.228710,0.816776,0.357355,0.217548,1504948,5075213,337598
VH,3,-18.15,0.226541,0.819349,0.354943,0.215764,1509688,5154406,332858
VH,3,-18.10,0.224394,0.822042,0.352551,0.213998,1514650,5235314,327896
VH,3,-18.05,0.222251,0.824713,0.350143,0.212226,1519571,5317609,322975
VH,3,-18.00,0.220139,0.827352,0.347750,0.210471,1524435,5400427,318111
VH,3,-17.95,0.218017,0.829961,0.345323,0.208695,1529242,5485087,313304
VH,3,-17.90,0.215921,0.832525,0.342906,0.206932,1533966,5570341,308580
VH,3,-17.85,0.213782,0.835094,0.340418,0.205122,1538700,5658828,303846
VH,3,-17.80,0.211666,0.837618,0.337935,0.203323,1543349,5748092,299197
VH,3,-17.75,0.209571,0.840134,0.335462,0.201535,1547986,5838450,294560
VH,3,-17.70,0.207490,0.842632,0.332986,0.199750,1552588,5930124,289958
VH,3,-17.65,0.205408,0.845094,0.330488,0.197955,1557124,6023505,285422
VH,3,-17.60,0.203357,0.847589,0.328015,0.196183,1561721,6117983,280825
VH,3,-17.55,0.201319,0.850147,0.325547,0.194420,1566435,6214434,276111
VH,3,-17.50,0.199280,0.852574,0.323051,0.192642,1570907,6312000,271639
VH,3,-17.45,0.197240,0.855063,0.320540,0.190859,1575493,6412205,267053
VH,3,-17.40,0.195234,0.857517,0.318055,0.189100,1580014,6512911,262532
VH,3,-17.35,0.193238,0.860025,0.315571,0.187346,1584636,6615807,257910
VH,3,-17.30,0.191277,0.862526,0.313117,0.185618,1589244,6719342,253302
VH,3,-17.25,0.189300,0.864918,0.310617,0.183864,1593651,6825013,248895
VH,3,-17.20,0.187324,0.867213,0.308097,0.182101,1597880,6932139,244666
VH,3,-17.15,0.185385,0.869515,0.305612,0.180368,1602121,7039990,240425
VH,3,-17.10,0.183446,0.871863,0.303114,0.178630,1606447,7150627,236099
VH,3,-17.05,0.181530,0.874195,0.300633,0.176909,1610744,7262394,231802
VH,3,-17.00,0.179647,0.876484,0.298179,0.175212,1614962,7374655,227584
VH,3,-16.95,0.177780,0.878741,0.295730,0.173523,1619120,7488333,223426
VH,3,-16.90,0.175965,0.881031,0.293342,0.171881,1623341,7602027,219205
VH,3,-16.85,0.174139,0.883273,0.290922,0.170222,1627472,7718356,215074
VH,3,-16.80,0.172313,0.885386,0.288482,0.168553,1631364,7836081,211182
VH,3,-16.75,0.170517,0.887528,0.286072,0.166910,1635311,7954997,207235
VH,3,-16.70,0.168737,0.889691,0.283673,0.165279,1639297,8075817,203249
VH,3,-16.65,0.166984,0.891808,0.281298,0.163669,1643197,8197231,199349
VH,3,-16.60,0.165251,0.893964,0.278940,0.162074,1647170,8320505,195376
VH,3,-16.55,0.163540,0.896034,0.276596,0.160494,1650983,8444320,191563
VH,3,-16.50,0.161861,0.898177,0.274291,0.158944,1654932,8569481,187614
VH,3,-16.45,0.160199,0.900210,0.271995,0.157404,1658678,8695164,183868
VH,3,-16.40,0.158563,0.902265,0.269725,0.155886,1662464,8822092,180082
VH,3,-16.35,0.156938,0.904327,0.267460,0.154374,1666264,8951109,176282
VH,3,-16.30,0.155328,0.906293,0.265203,0.152873,1669886,9080812,172660
VH,3,-16.25,0.153738,0.908283,0.262966,0.151388,1673554,9212196,168992
VH,3,-16.20,0.152155,0.910245,0.260727,0.149906,1677168,9345610,165378
VH,3,-16.15,0.150602,0.912139,0.258520,0.148448,1680658,9478966,161888
VH,3,-16.10,0.149092,0.914035,0.256367,0.147030,1684152,9611896,158394
VH,3,-16.05,0.147600,0.915925,0.254231,0.145627,1687634,9746216,154912
VH,3,-16.00,0.146128,0.917761,0.252114,0.144239,1691016,9881134,151530
VH,3,-15.95,0.144674,0.919537,0.250013,0.142865,1694290,10016791,148256
VH,3,-15.90,0.143256,0.921428,0.247961,0.141527,1697773,10153551,144773
VH,3,-15.85,0.141847,0.923166,0.245910,0.140192,1700975,10290608,141571
VH,3,-15.80,0.140467,0.924961,0.243896,0.138885,1704284,10428686,138262
VH,3,-15.75,0.139089,0.926674,0.241873,0.137574,1707439,10568472,135107
VH,3,-15.70,0.137731,0.928353,0.239875,0.136283,1710533,10708813,132013
VH,3,-15.65,0.136405,0.930004,0.237915,0.135019,1713575,10848811,128971
VH,3,-15.60,0.135103,0.931684,0.235985,0.133777,1716670,10989733,125876
VH,3,-15.55,0.133824,0.933345,0.234085,0.132557,1719732,11130978,122814
VH,3,-15.50,0.132578,0.934939,0.232226,0.131366,1722669,11270918,119877
VH,3,-15.45,0.131351,0.936591,0.230391,0.130193,1725712,11412492,116834
VH,3,-15.40,0.130150,0.938213,0.228590,0.129044,1728700,11553675,113846
VH,3,-15.35,0.128972,0.939771,0.226817,0.127915,1731571,11694323,110975
VH,3,-15.30,0.127807,0.941304,0.225056,0.126796,1734396,11836060,108150
VH,3,-15.25,0.126665,0.942834,0.223327,0.125700,1737215,11977802,105331
VH,3,-15.20,0.125549,0.944350,0.221632,0.124627,1740008,12119229,102538
VH,3,-15.15,0.124462,0.945878,0.219979,0.123582,1742824,12260002,99722
VH,3,-15.10,0.123394,0.947414,0.218350,0.122555,1745654,12401306,96892
VH,3,-15.05,0.122336,0.948841,0.216729,0.121535,1748284,12542525,94262
VH,3,-15.00,0.121295,0.950240,0.215129,0.120529,1750860,12683875,91686
VH,3,-14.95,0.120276,0.951633,0.213560,0.119545,1753427,12824944,89119
VH,3,-14.90,0.119283,0.953075,0.212030,0.118587,1756084,12965881,86462
VH,3,-14.85,0.118306,0.954394,0.210517,0.117641,1758515,13105552,84031
VH,3,-14.80,0.117346,0.955682,0.209026,0.116711,1760888,13245039,81658
VH,3,-14.75,0.116414,0.956976,0.207576,0.115808,1763273,13383324,79273
VH,3,-14.70,0.115503,0.958266,0.206158,0.114925,1765650,13520906,76896
VH,3,-14.65,0.114613,0.959579,0.204768,0.114062,1768068,13658398,74478
VH,3,-14.60,0.113739,0.960817,0.203399,0.113213,1770349,13794730,72197
VH,3,-14.55,0.112885,0.962067,0.202061,0.112385,1772653,13930495,69893
VH,3,-14.50,0.112046,0.963216,0.200741,0.111569,1774769,14064828,67777
VH,3,-14.45,0.111229,0.964365,0.199454,0.110774,1776886,14198096,65660
VH,3,-14.40,0.110431,0.965502,0.198193,0.109997,1778982,14330531,63564
VH,3,-14.35,0.109647,0.966619,0.196953,0.109233,1781040,14462380,61506
VH,3,-14.30,0.108890,0.967709,0.195753,0.108495,1783049,14591774,59497
VH,3,-14.25,0.108147,0.968764,0.194572,0.107771,1784992,14720306,57554
VH,3,-14.20,0.107418,0.969790,0.193412,0.107059,1786883,14848044,55663
VH,3,-14.15,0.106711,0.970792,0.192286,0.106370,1788729,14973623,53817
VH,3,-14.10,0.106019,0.971776,0.191181,0.105694,1790542,15098287,52004
VH,3,-14.05,0.105340,0.972700,0.190094,0.105030,1792244,15221615,50302
VH,3,-14.00,0.104682,0.973616,0.189038,0.104385,1793932,15343103,48614
VH,3,-13.95,0.104040,0.974547,0.188008,0.103758,1795647,15463617,46899
VH,3,-13.90,0.103415,0.975483,0.187005,0.103147,1797372,15582823,45174
VH,3,-13.85,0.102805,0.976372,0.186024,0.102550,1799011,15700197,43535
VH,3,-13.80,0.102211,0.977200,0.185065,0.101968,1800536,15815300,42010
VH,3,-13.75,0.101638,0.978065,0.184140,0.101407,1802130,15928771,40416
VH,3,-13.70,0.101082,0.978910,0.183243,0.100863,1803687,16040036,38859
VH,3,-13.65,0.100533,0.979700,0.182353,0.100324,1805143,16150654,37403
VH,3,-13.60,0.099998,0.980473,0.181486,0.099799,1806566,16259497,35980
VH,3,-13.55,0.099476,0.981200,0.180639,0.099287,1807906,16366347,34640
VH,3,-13.50,0.098977,0.981907,0.179826,0.098796,1809209,16469967,33337
VH,3,-13.45,0.098493,0.982629,0.179039,0.098321,1810540,16571970,32006
VH,3,-13.40,0.098019,0.983317,0.178267,0.097856,1811807,16672494,30739
VH,3,-13.35,0.097553,0.983951,0.177507,0.097398,1812975,16771599,29571
VH,3,-13.30,0.097108,0.984597,0.176781,0.096961,1814166,16867709,28380
VH,3,-13.25,0.096678,0.985233,0.176078,0.096538,1815337,16961767,27209
VH,3,-13.20,0.096254,0.985816,0.175384,0.096121,1816411,17054633,26135
VH,3,-13.15,0.095847,0.986413,0.174718,0.095721,1817512,17145069,25034
VH,3,-13.10,0.095451,0.986988,0.174069,0.095331,1818570,17233737,23976
VH,3,-13.05,0.095072,0.987525,0.173446,0.094958,1819560,17319223,22986
VH,3,-13.00,0.094703,0.988069,0.172839,0.094594,1820563,17403447,21983
VH,3,-12.95,0.094341,0.988582,0.172245,0.094239,1821508,17486098,21038
VH,3,-12.90,0.093993,0.989042,0.171671,0.093895,1822356,17565940,20190
VH,3,-12.85,0.093659,0.989545,0.171122,0.093567,1823282,17643873,19264
VH,3,-12.80,0.093332,0.989979,0.170582,0.093244,1824082,17719946,18464
VH,3,-12.75,0.093021,0.990462,0.170070,0.092938,1824971,17793866,17575
VH,3,-12.70,0.092722,0.990895,0.169576,0.092643,1825769,17865067,16777
VH,3,-12.65,0.092429,0.991299,0.169092,0.092354,1826514,17934734,16032
VH,3,-12.60,0.092145,0.991695,0.168621,0.092073,1827244,18002948,15302
VH,3,-12.55,0.091867,0.992058,0.168162,0.091800,1827912,18069453,14634
VH,3,-12.50,0.091603,0.992426,0.167725,0.091539,1828590,18133480,13956
VH,3,-12.45,0.091348,0.992778,0.167301,0.091287,1829239,18195818,13307
VH,3,-12.40,0.091103,0.993130,0.166896,0.091045,1829888,18256074,12658
VH,3,-12.35,0.090865,0.993444,0.166501,0.090811,1830466,18314435,12080
VH,3,-12.30,0.090635,0.993728,0.166119,0.090584,1830990,18370728,11556
VH,3,-12.25,0.090413,0.994014,0.165749,0.090363,1831517,18425813,11029
VH,3,-12.20,0.090199,0.994286,0.165393,0.090152,1832018,18478903,10528
VH,3,-12.15,0.089993,0.994572,0.165052,0.089949,1832544,18530567,10002
VH,3,-12.10,0.089797,0.994834,0.164725,0.089755,1833027,18580037,9519
VH,3,-12.05,0.089610,0.995089,0.164415,0.089571,1833497,18627251,9049
VH,3,-12.00,0.089429,0.995324,0.164112,0.089391,1833931,18673212,8615
VH,3,-11.95,0.089256,0.995561,0.163825,0.089221,1834367,18717319,8179
VH,3,-11.90,0.089088,0.995755,0.163544,0.089054,1834724,18759853,7822
VH,3,-11.85,0.088932,0.995981,0.163283,0.088900,1835141,18800299,7405
VH,3,-11.80,0.088777,0.996199,0.163027,0.088747,1835543,18840231,7003
VH,3,-11.75,0.088632,0.996407,0.162784,0.088604,1835925,18878070,6621
VH,3,-11.70,0.088490,0.996579,0.162547,0.088463,1836243,18914595,6303
VH,3,-11.65,0.088356,0.996784,0.162323,0.088330,1836620,18950088,5926
VH,3,-11.60,0.088227,0.996973,0.162108,0.088203,1836968,18983994,5578
VH,3,-11.55,0.088103,0.997143,0.161900,0.088080,1837282,19016616,5264
VH,3,-11.50,0.087983,0.997273,0.161700,0.087962,1837522,19047421,5024
VH,3,-11.45,0.087867,0.997408,0.161506,0.087847,1837771,19077615,4775
VH,3,-11.40,0.087756,0.997539,0.161321,0.087737,1838012,19106515,4534
VH,3,-11.35,0.087650,0.997661,0.161143,0.087632,1838236,19134119,4310
VH,3,-11.30,0.087551,0.997799,0.160977,0.087534,1838491,19160669,4055
VH,3,-11.25,0.087455,0.997930,0.160817,0.087439,1838732,19186115,3814
VH,3,-11.20,0.087362,0.998015,0.160660,0.087347,1838888,19210246,3658
VH,3,-11.15,0.087272,0.998104,0.160510,0.087258,1839053,19233526,3493
VH,3,-11.10,0.087189,0.998205,0.160370,0.087175,1839239,19255685,3307
VH,3,-11.05,0.087108,0.998297,0.160235,0.087095,1839408,19276931,3138
VH,3,-11.00,0.087030,0.998372,0.160104,0.087018,1839546,19297260,3000
VH,3,-10.95,0.086955,0.998449,0.159978,0.086944,1839688,19317018,2858
VH,3,-10.90,0.086883,0.998512,0.159856,0.086871,1839805,19335961,2741
VH,3,-10.85,0.086812,0.998585,0.159738,0.086802,1839938,19354454,2608
VH,3,-10.80,0.086749,0.998667,0.159631,0.086739,1840090,19371593,2456
VH,3,-10.75,0.086686,0.998729,0.159526,0.086677,1840204,19388117,2342
VH,3,-10.70,0.086626,0.998790,0.159424,0.086616,1840316,19404182,2230
VH,3,-10.65,0.086569,0.998865,0.159330,0.086561,1840455,19419433,2091
VH,3,-10.60,0.086513,0.998921,0.159235,0.086505,1840558,19434420,1988
VH,3,-10.55,0.086461,0.998979,0.159148,0.086453,1840665,19448300,1881
VH,3,-10.50,0.086407,0.999009,0.159057,0.086400,1840720,19462142,1826
VH,3,-10.45,0.086359,0.999055,0.158976,0.086352,1840805,19474890,1741
VH,3,-10.40,0.086311,0.999089,0.158895,0.086304,1840867,19487510,1679
VH,3,-10.35,0.086268,0.999139,0.158822,0.086261,1840960,19499128,1586
VH,3,-10.30,0.086223,0.999169,0.158748,0.086217,1841014,19510677,1532
VH,3,-10.25,0.086183,0.999207,0.158680,0.086177,1841084,19521395,1462
VH,3,-10.20,0.086143,0.999242,0.158612,0.086137,1841150,19532004,1396
VH,3,-10.15,0.086105,0.999272,0.158547,0.086099,1841204,19542159,1342
VH,3,-10.10,0.086069,0.999302,0.158487,0.086063,1841260,19551687,1286
VH,3,-10.05,0.086034,0.999334,0.158429,0.086029,1841318,19560872,1228
VH,3,-10.00,0.086000,0.999363,0.158372,0.085996,1841372,19569836,1174
VH,3,-9.95,0.085968,0.999381,0.158317,0.085963,1841406,19578300,1140
VH,3,-9.90,0.085935,0.999398,0.158262,0.085931,1841437,19586700,1109
VH,3,-9.85,0.085907,0.999425,0.158214,0.085902,1841487,19594398,1059
VH,3,-9.80,0.085878,0.999450,0.158166,0.085874,1841532,19602013,1014
VH,3,-9.75,0.085850,0.999479,0.158119,0.085847,1841586,19609498,960
VH,3,-9.70,0.085824,0.999497,0.158074,0.085820,1841619,19616518,927
VH,3,-9.65,0.085798,0.999516,0.158031,0.085795,1841655,19623330,891
VH,3,-9.60,0.085773,0.999535,0.157988,0.085769,1841689,19630030,857
VH,3,-9.55,0.085748,0.999553,0.157947,0.085745,1841722,19636537,824
VH,3,-9.50,0.085725,0.999572,0.157908,0.085722,1841757,19642624,789
VH,3,-9.45,0.085703,0.999585,0.157870,0.085700,1841781,19648578,765
VH,3,-9.40,0.085682,0.999603,0.157835,0.085679,1841814,19654173,732
VH,3,-9.35,0.085660,0.999611,0.157798,0.085657,1841829,19659781,717
VH,3,-9.30,0.085640,0.999627,0.157764,0.085637,1841859,19665150,687
VH,3,-9.25,0.085621,0.999642,0.157732,0.085618,1841887,19670243,659
VH,3,-9.20,0.085602,0.999662,0.157701,0.085600,1841923,19675262,623
VH,3,-9.15,0.085584,0.999669,0.157669,0.085581,1841937,19680075,609
VH,3,-9.10,0.085565,0.999674,0.157638,0.085563,1841945,19684814,601
VH,3,-9.05,0.085548,0.999688,0.157609,0.085546,1841971,19689367,575
VH,3,-9.00,0.085531,0.999692,0.157580,0.085529,1841979,19693810,567
VH,3,-8.95,0.085515,0.999701,0.157553,0.085513,1841996,19697976,550
VH,3,-8.90,0.085500,0.999709,0.157527,0.085498,1842010,19702059,536
VH,3,-8.85,0.085484,0.999716,0.157500,0.085482,1842022,19706172,524
VH,3,-8.80,0.085470,0.999724,0.157476,0.085468,1842037,19709878,509
VH,3,-8.75,0.085455,0.999732,0.157452,0.085453,1842053,19713661,493
VH,3,-8.70,0.085441,0.999739,0.157428,0.085439,1842065,19717398,481
VH,3,-8.65,0.085428,0.999745,0.157405,0.085426,1842077,19720955,469
VH,3,-8.60,0.085415,0.999748,0.157383,0.085413,1842081,19724250,465
VH,3,-8.55,0.085402,0.999755,0.157362,0.085401,1842094,19727477,452
VH,3,-8.50,0.085391,0.999762,0.157343,0.085389,1842107,19730573,439
VH,3,-8.45,0.085378,0.999764,0.157322,0.085377,1842112,19733723,434
VH,3,-8.40,0.085367,0.999768,0.157302,0.085365,1842119,19736813,427
VH,3,-8.35,0.085356,0.999776,0.157284,0.085354,1842134,19739679,412
VH,3,-8.30,0.085345,0.999782,0.157265,0.085343,1842145,19742538,401
VH,3,-8.25,0.085335,0.999790,0.157249,0.085334,1842159,19745147,387
VH,3,-8.20,0.085325,0.999794,0.157232,0.085324,1842167,19747787,379
VH,3,-8.15,0.085316,0.999802,0.157216,0.085314,1842181,19750355,365
VH,3,-8.10,0.085306,0.999803,0.157199,0.085304,1842183,19752886,363
VH,3,-8.05,0.085296,0.999807,0.157182,0.085295,1842190,19755431,356
VH,3,-8.00,0.085287,0.999814,0.157167,0.085286,1842204,19757860,342
VH,3,-7.95,0.085279,0.999824,0.157153,0.085277,1842221,19760162,325
VH,3,-7.90,0.085269,0.999824,0.157137,0.085268,1842222,19762505,324
VH,3,-7.85,0.085261,0.999825,0.157122,0.085259,1842224,19764770,322
VH,3,-7.80,0.085252,0.999827,0.157108,0.085251,1842227,19766882,319
VH,3,-7.75,0.085245,0.999836,0.157096,0.085243,1842243,19768999,303
VH,3,-7.70,0.085237,0.999839,0.157083,0.085236,1842250,19771000,296
VH,3,-7.65,0.085230,0.999843,0.157071,0.085229,1842257,19772829,289
VH,3,-7.60,0.085223,0.999847,0.157059,0.085222,1842264,19774742,282
VH,3,-7.55,0.085216,0.999847,0.157046,0.085214,1842265,19776607,281
VH,3,-7.50,0.085209,0.999853,0.157034,0.085207,1842275,19778497,271
VH,3,-7.45,0.085202,0.999854,0.157023,0.085201,1842277,19780255,269
VH,3,-7.40,0.085195,0.999857,0.157012,0.085194,1842283,19781904,263
VH,3,-7.35,0.085189,0.999857,0.157002,0.085188,1842283,19783471,263
VH,3,-7.30,0.085183,0.999864,0.156992,0.085182,1842295,19785136,251
VH,3,-7.25,0.085177,0.999864,0.156980,0.085176,1842296,19786819,250
VH,3,-7.20,0.085171,0.999868,0.156970,0.085170,1842302,19788422,244
VH,3,-7.15,0.085165,0.999871,0.156960,0.085164,1842309,19789993,237
VH,3,-7.10,0.085159,0.999875,0.156951,0.085158,1842315,19791421,231
VH,3,-7.05,0.085154,0.999875,0.156942,0.085153,1842316,19792814,230
VH,3,-7.00,0.085149,0.999876,0.156933,0.085148,1842318,19794149,228
VH,3,-6.95,0.085143,0.999877,0.156924,0.085142,1842320,19795544,226
VH,3,-6.90,0.085139,0.999880,0.156916,0.085138,1842325,19796811,221
VH,3,-6.85,0.085134,0.999881,0.156908,0.085133,1842326,19798069,220
VH,3,-6.80,0.085129,0.999882,0.156899,0.085128,1842329,19799333,217
VH,3,-6.75,0.085124,0.999882,0.156891,0.085123,1842329,19800545,217
VH,3,-6.70,0.085120,0.999885,0.156884,0.085119,1842334,19801706,212
VH,3,-6.65,0.085115,0.999885,0.156876,0.085114,1842334,19802893,212
VH,3,-6.60,0.085111,0.999887,0.156869,0.085110,1842337,19803998,209
VH,3,-6.55,0.085107,0.999889,0.156862,0.085106,1842342,19805096,204
VH,3,-6.50,0.085103,0.999890,0.156855,0.085102,1842344,19806134,202
VH,3,-6.45,0.085099,0.999896,0.156848,0.085098,1842354,19807256,192
VH,3,-6.40,0.085094,0.999897,0.156841,0.085094,1842357,19808374,189
VH,3,-6.35,0.085090,0.999898,0.156834,0.085090,1842358,19809398,188
VH,3,-6.30,0.085087,0.999900,0.156829,0.085086,1842362,19810332,184
VH,3,-6.25,0.085083,0.999901,0.156822,0.085083,1842364,19811271,182
VH,3,-6.20,0.085080,0.999902,0.156817,0.085079,1842366,19812172,180
VH,3,-6.15,0.085077,0.999903,0.156811,0.085076,1842368,19813056,178
VH,3,-6.10,0.085074,0.999905,0.156806,0.085073,1842371,19813827,175
VH,3,-6.05,0.085070,0.999908,0.156800,0.085070,1842376,19814726,170
VH,3,-6.00,0.085067,0.999908,0.156795,0.085067,1842377,19815477,169
VH,3,-5.95,0.085064,0.999910,0.156790,0.085064,1842380,19816302,166
VH,3,-5.90,0.085061,0.999911,0.156785,0.085060,1842382,19817154,164
VH,3,-5.85,0.085058,0.999912,0.156779,0.085057,1842384,19817953,162
VH,3,-5.80,0.085055,0.999913,0.156775,0.085055,1842385,19818620,161
VH,3,-5.75,0.085053,0.999913,0.156771,0.085052,1842386,19819284,160
VH,3,-5.70,0.085050,0.999914,0.156766,0.085049,1842387,19820015,159
VH,3,-5.65,0.085047,0.999916,0.156761,0.085047,1842392,19820736,154
VH,3,-5.60,0.085045,0.999918,0.156757,0.085044,1842395,19821376,151
VH,3,-5.55,0.085043,0.999920,0.156753,0.085042,1842399,19822018,147
VH,3,-5.50,0.085041,0.999926,0.156750,0.085040,1842409,19822646,137
VH,3,-5.45,0.085038,0.999927,0.156746,0.085038,1842412,19823227,134
VH,3,-5.40,0.085036,0.999927,0.156743,0.085036,1842412,19823799,134
VH,3,-5.35,0.085034,0.999928,0.156739,0.085034,1842413,19824357,133
VH,3,-5.30,0.085032,0.999929,0.156736,0.085032,1842416,19824900,130
VH,3,-5.25,0.085030,0.999929,0.156732,0.085029,1842416,19825463,130
VH,3,-5.20,0.085028,0.999929,0.156728,0.085027,1842416,19825988,130
VH,3,-5.15,0.085026,0.999930,0.156725,0.085025,1842417,19826529,129
VH,3,-5.10,0.085024,0.999931,0.156722,0.085023,1842418,19827030,128
VH,3,-5.05,0.085022,0.999932,0.156719,0.085022,1842420,19827466,126
VH,3,-5.00,0.085021,0.999933,0.156716,0.085020,1842423,19827914,123
VH,3,-4.95,0.085019,0.999934,0.156713,0.085018,1842424,19828368,122
VH,3,-4.90,0.085017,0.999934,0.156710,0.085017,1842425,19828835,121
VH,3,-4.85,0.085015,0.999935,0.156707,0.085015,1842427,19829253,119
VH,3,-4.80,0.085014,0.999936,0.156705,0.085013,1842428,19829684,118
VH,3,-4.75,0.085012,0.999936,0.156702,0.085012,1842428,19830120,118
VH,3,-4.70,0.085011,0.999939,0.156700,0.085010,1842434,19830522,112
VH,3,-4.65,0.085009,0.999940,0.156697,0.085009,1842435,19830907,111
VH,3,-4.60,0.085008,0.999943,0.156695,0.085008,1842441,19831288,105
VH,3,-4.55,0.085007,0.999944,0.156693,0.085007,1842443,19831596,103
VH,3,-4.50,0.085005,0.999945,0.156691,0.085005,1842445,19831989,101
VH,3,-4.45,0.085004,0.999946,0.156688,0.085004,1842447,19832345,99
VH,3,-4.40,0.085003,0.999946,0.156686,0.085002,1842447,19832673,99
VH,3,-4.35,0.085001,0.999946,0.156684,0.085001,1842447,19833050,99
VH,3,-4.30,0.085000,0.999948,0.156682,0.085000,1842451,19833420,95
VH,3,-4.25,0.084999,0.999949,0.156679,0.084998,1842452,19833782,94
VH,3,-4.20,0.084997,0.999951,0.156677,0.084997,1842456,19834157,90
VH,3,-4.15,0.084996,0.999953,0.156675,0.084996,1842459,19834472,87
VH,3,-4.10,0.084995,0.999955,0.156674,0.084995,1842463,19834761,83
VH,3,-4.05,0.084994,0.999957,0.156672,0.084994,1842466,19835056,80
VH,3,-4.00,0.084993,0.999957,0.156670,0.084993,1842466,19835366,80
VH,3,-3.95,0.084992,0.999957,0.156668,0.084992,1842466,19835656,80
VH,3,-3.90,0.084991,0.999959,0.156666,0.084991,1842470,19835946,76
VH,3,-3.85,0.084990,0.999959,0.156664,0.084990,1842471,19836225,75
VH,3,-3.80,0.084989,0.999959,0.156663,0.084989,1842471,19836514,75
VH,3,-3.75,0.084988,0.999959,0.156661,0.084987,1842471,19836773,75
VH,3,-3.70,0.084987,0.999961,0.156659,0.084987,1842474,19837037,72
VH,3,-3.65,0.084986,0.999961,0.156657,0.084986,1842474,19837308,72
VH,3,-3.60,0.084985,0.999963,0.156656,0.084985,1842477,19837535,69
VH,3,-3.55,0.084984,0.999963,0.156654,0.084984,1842477,19837788,69
VH,3,-3.50,0.084983,0.999963,0.156653,0.084983,1842477,19838055,69
VH,3,-3.45,0.084982,0.999963,0.156651,0.084982,1842477,19838298,69
VH,3,-3.40,0.084981,0.999963,0.156650,0.084981,1842477,19838530,69
VH,3,-3.35,0.084980,0.999963,0.156648,0.084980,1842477,19838769,69
VH,3,-3.30,0.084979,0.999963,0.156646,0.084979,1842477,19838995,69
VH,3,-3.25,0.084978,0.999963,0.156645,0.084978,1842477,19839216,69
VH,3,-3.20,0.084978,0.999964,0.156644,0.084977,1842479,19839420,67
VH,3,-3.15,0.084977,0.999964,0.156642,0.084977,1842479,19839636,67
VH,3,-3.10,0.084976,0.999965,0.156641,0.084976,1842481,19839856,65
VH,3,-3.05,0.084975,0.999965,0.156640,0.084975,1842481,19840023,65
VH,3,-3.00,0.084975,0.999965,0.156639,0.084975,1842481,19840201,65
VH,3,-2.95,0.084974,0.999965,0.156638,0.084974,1842481,19840381,65
VH,3,-2.90,0.084973,0.999965,0.156636,0.084973,1842481,19840575,65
VH,3,-2.85,0.084973,0.999965,0.156635,0.084972,1842482,19840758,64
VH,3,-2.80,0.084972,0.999965,0.156634,0.084972,1842482,19840938,64
VH,3,-2.75,0.084971,0.999965,0.156633,0.084971,1842482,19841099,64
VH,3,-2.70,0.084971,0.999967,0.156632,0.084971,1842485,19841272,61
VH,3,-2.65,0.084970,0.999969,0.156631,0.084970,1842488,19841446,58
VH,3,-2.60,0.084970,0.999969,0.156630,0.084970,1842489,19841569,57
VH,3,-2.55,0.084969,0.999969,0.156629,0.084969,1842489,19841689,57
VH,3,-2.50,0.084969,0.999969,0.156628,0.084968,1842489,19841833,57
VH,3,-2.45,0.084968,0.999970,0.156628,0.084968,1842491,19842003,55
VH,3,-2.40,0.084968,0.999970,0.156627,0.084967,1842491,19842123,55
VH,3,-2.35,0.084967,0.999971,0.156626,0.084967,1842493,19842232,53
VH,3,-2.30,0.084967,0.999972,0.156625,0.084967,1842494,19842362,52
VH,3,-2.25,0.084966,0.999972,0.156624,0.084966,1842494,19842499,52
VH,3,-2.20,0.084966,0.999972,0.156624,0.084966,1842494,19842611,52
VH,3,-2.15,0.084965,0.999973,0.156623,0.084965,1842496,19842744,50
VH,3,-2.10,0.084965,0.999974,0.156622,0.084965,1842498,19842885,48
VH,3,-2.05,0.084965,0.999974,0.156621,0.084964,1842498,19843002,48
VH,3,-2.00,0.084964,0.999975,0.156621,0.084964,1842500,19843113,46
VH,3,-1.95,0.084964,0.999975,0.156620,0.084964,1842500,19843215,46
VH,3,-1.90,0.084963,0.999975,0.156619,0.084963,1842500,19843320,46
VH,3,-1.85,0.084963,0.999978,0.156619,0.084963,1842505,19843409,41
VH,3,-1.80,0.084963,0.999978,0.156619,0.084963,1842505,19843508,41
VH,3,-1.75,0.084962,0.999978,0.156618,0.084962,1842506,19843616,40
VH,3,-1.70,0.084962,0.999979,0.156617,0.084962,1842507,19843734,39
VH,3,-1.65,0.084962,0.999979,0.156617,0.084961,1842507,19843830,39
VH,3,-1.60,0.084961,0.999979,0.156616,0.084961,1842507,19843929,39
VH,3,-1.55,0.084961,0.999979,0.156615,0.084961,1842508,19844030,38
VH,3,-1.50,0.084961,0.999980,0.156615,0.084960,1842509,19844124,37
VH,3,-1.45,0.084960,0.999980,0.156614,0.084960,1842509,19844205,37
VH,3,-1.40,0.084960,0.999980,0.156614,0.084960,1842509,19844269,37
VH,3,-1.35,0.084960,0.999980,0.156613,0.084960,1842509,19844348,37
VH,3,-1.30,0.084959,0.999980,0.156613,0.084959,1842509,19844416,37
VH,3,-1.25,0.084959,0.999980,0.156613,0.084959,1842509,19844469,37
VH,3,-1.20,0.084959,0.999980,0.156612,0.084959,1842509,19844557,37
VH,3,-1.15,0.084959,0.999980,0.156612,0.084959,1842510,19844625,36
VH,3,-1.10,0.084958,0.999981,0.156611,0.084958,1842511,19844700,35
VH,3,-1.05,0.084958,0.999981,0.156611,0.084958,1842511,19844772,35
VH,3,-1.00,0.084958,0.999981,0.156610,0.084958,1842511,19844840,35
VH,3,-0.95,0.084958,0.999983,0.156610,0.084958,1842514,19844914,32
VH,3,-0.90,0.084958,0.999984,0.156610,0.084957,1842516,19844981,30
VH,3,-0.85,0.084957,0.999984,0.156609,0.084957,1842517,19845046,29
VH,3,-0.80,0.084957,0.999984,0.156609,0.084957,1842517,19845119,29
VH,3,-0.75,0.084957,0.999984,0.156609,0.084957,1842517,19845166,29
VH,3,-0.70,0.084957,0.999984,0.156608,0.084957,1842517,19845222,29
VH,3,-0.65,0.084957,0.999985,0.156608,0.084956,1842519,19845265,27
VH,3,-0.60,0.084956,0.999986,0.156608,0.084956,1842521,19845325,25
VH,3,-0.55,0.084956,0.999987,0.156607,0.084956,1842522,19845378,24
VH,3,-0.50,0.084956,0.999987,0.156607,0.084956,1842522,19845425,24
VH,3,-0.45,0.084956,0.999987,0.156607,0.084956,1842522,19845463,24
VH,3,-0.40,0.084956,0.999987,0.156607,0.084956,1842522,19845513,24
VH,3,-0.35,0.084956,0.999987,0.156606,0.084955,1842522,19845548,24
VH,3,-0.30,0.084955,0.999987,0.156606,0.084955,1842522,19845595,24
VH,3,-0.25,0.084955,0.999988,0.156606,0.084955,1842524,19845635,22
VH,3,-0.20,0.084955,0.999989,0.156606,0.084955,1842525,19845677,21
VH,3,-0.15,0.084955,0.999989,0.156605,0.084955,1842525,19845726,21
VH,3,-0.10,0.084955,0.999989,0.156605,0.084955,1842525,19845761,21
VH,3,-0.05,0.084955,0.999989,0.156605,0.084955,1842526,19845798,20
VH,3,-0.00,0.084955,0.999990,0.156605,0.084954,1842528,19845871,18
VH,3,0.05,0.084954,0.999990,0.156604,0.084954,1842528,19845899,18
VH,3,0.10,0.084954,0.999991,0.156604,0.084954,1842529,19845935,17
VH,3,0.15,0.084954,0.999993,0.156604,0.084954,1842533,19845976,13
VH,3,0.20,0.084954,0.999993,0.156604,0.084954,1842533,19845997,13
VH,3,0.25,0.084954,0.999993,0.156604,0.084954,1842533,19846042,13
VH,3,0.30,0.084954,0.999993,0.156604,0.084954,1842533,19846087,13
VH,3,0.35,0.084954,0.999993,0.156603,0.084954,1842533,19846121,13
VH,3,0.40,0.084954,0.999993,0.156603,0.084954,1842533,19846161,13
VH,3,0.45,0.084954,0.999993,0.156603,0.084953,1842534,19846190,12
VH,3,0.50,0.084953,0.999993,0.156603,0.084953,1842534,19846230,12
VH,3,0.55,0.084953,0.999993,0.156603,0.084953,1842534,19846258,12
VH,3,0.60,0.084953,0.999993,0.156602,0.084953,1842534,19846292,12
VH,3,0.65,0.084953,0.999993,0.156602,0.084953,1842534,19846324,12
VH,3,0.70,0.084953,0.999993,0.156602,0.084953,1842534,19846357,12
VH,3,0.75,0.084953,0.999993,0.156602,0.084953,1842534,19846379,12
VH,3,0.80,0.084953,0.999993,0.156602,0.084953,1842534,19846393,12
VH,3,0.85,0.084953,0.999993,0.156602,0.084953,1842534,19846408,12
VH,3,0.90,0.084953,0.999993,0.156601,0.084953,1842534,19846437,12
VH,3,0.95,0.084952,0.999993,0.156601,0.084952,1842534,19846461,12
VH,3,1.00,0.084952,0.999993,0.156601,0.084952,1842534,19846492,12
VH,3,1.05,0.084952,0.999993,0.156601,0.084952,1842534,19846523,12
VH,3,1.10,0.084952,0.999993,0.156601,0.084952,1842534,19846548,12
VH,3,1.15,0.084952,0.999993,0.156600,0.084952,1842534,19846573,12
VH,3,1.20,0.084952,0.999993,0.156600,0.084952,1842534,19846601,12
VH,3,1.25,0.084952,0.999993,0.156600,0.084952,1842534,19846622,12
VH,3,1.30,0.084952,0.999993,0.156600,0.084952,1842534,19846648,12
VH,3,1.35,0.084952,0.999993,0.156600,0.084952,1842534,19846678,12
VH,3,1.40,0.084952,0.999993,0.156600,0.084952,1842534,19846697,12
VH,3,1.45,0.084951,0.999993,0.156600,0.084951,1842534,19846718,12
VH,3,1.50,0.084951,0.999995,0.156599,0.084951,1842536,19846743,10
VH,3,1.55,0.084951,0.999995,0.156599,0.084951,1842536,19846785,10
VH,3,1.60,0.084951,0.999995,0.156599,0.084951,1842536,19846813,10
VH,3,1.65,0.084951,0.999995,0.156599,0.084951,1842536,19846844,10
VH,3,1.70,0.084951,0.999995,0.156599,0.084951,1842536,19846870,10
VH,3,1.75,0.084951,0.999995,0.156598,0.084951,1842536,19846898,10
VH,3,1.80,0.084951,0.999995,0.156598,0.084951,1842536,19846918,10
VH,3,1.85,0.084951,0.999995,0.156598,0.084951,1842536,19846931,10
VH,3,1.90,0.084951,0.999995,0.156598,0.084951,1842536,19846955,10
VH,3,1.95,0.084951,0.999995,0.156598,0.084951,1842536,19846976,10
VH,3,2.00,0.084950,0.999995,0.156598,0.084950,1842536,19846996,10
VH,3,2.05,0.084950,0.999995,0.156598,0.084950,1842536,19847008,10
VH,3,2.10,0.084950,0.999995,0.156598,0.084950,1842537,19847029,9
VH,3,2.15,0.084950,0.999995,0.156598,0.084950,1842537,19847043,9
VH,3,2.20,0.084950,0.999996,0.156598,0.084950,1842538,19847056,8
VH,3,2.25,0.084950,0.999996,0.156597,0.084950,1842538,19847079,8
VH,3,2.30,0.084950,0.999996,0.156597,0.084950,1842538,19847096,8
VH,3,2.35,0.084950,0.999996,0.156597,0.084950,1842538,19847116,8
VH,3,2.40,0.084950,0.999996,0.156597,0.084950,1842538,19847153,8
VH,3,2.45,0.084950,0.999996,0.156597,0.084950,1842538,19847167,8
VH,3,2.50,0.084950,0.999996,0.156597,0.084950,1842538,19847178,8
VH,3,2.55,0.084950,0.999996,0.156597,0.084950,1842538,19847199,8
VH,3,2.60,0.084950,0.999996,0.156597,0.084950,1842538,19847217,8
VH,3,2.65,0.084950,0.999996,0.156596,0.084950,1842538,19847230,8
VH,3,2.70,0.084950,0.999996,0.156596,0.084950,1842538,19847246,8
VH,3,2.75,0.084950,0.999996,0.156596,0.084949,1842538,19847263,8
VH,3,2.80,0.084949,0.999996,0.156596,0.084949,1842538,19847273,8
VH,3,2.85,0.084949,0.999996,0.156596,0.084949,1842538,19847295,8
VH,3,2.90,0.084949,0.999996,0.156596,0.084949,1842538,19847308,8
VH,3,2.95,0.084949,0.999996,0.156596,0.084949,1842538,19847315,8
VH,3,3.00,0.084949,0.999996,0.156596,0.084949,1842538,19847323,8
VH,3,3.05,0.084949,0.999996,0.156596,0.084949,1842538,19847338,8
VH,3,3.10,0.084949,0.999996,0.156596,0.084949,1842538,19847352,8
VH,3,3.15,0.084949,0.999996,0.156595,0.084949,1842538,19847368,8
VH,3,3.20,0.084949,0.999997,0.156596,0.084949,1842540,19847379,6
VH,3,3.25,0.084949,0.999997,0.156595,0.084949,1842540,19847395,6
VH,3,3.30,0.084949,0.999997,0.156595,0.084949,1842540,19847407,6
VH,3,3.35,0.084949,0.999997,0.156595,0.084949,1842540,19847421,6
VH,3,3.40,0.084949,0.999997,0.156595,0.084949,1842540,19847431,6
VH,3,3.45,0.084949,0.999997,0.156595,0.084949,1842540,19847446,6
VH,3,3.50,0.084949,0.999997,0.156595,0.084949,1842540,19847455,6
VH,3,3.55,0.084949,0.999997,0.156595,0.084949,1842540,19847465,6
VH,3,3.60,0.084949,0.999997,0.156595,0.084949,1842540,19847475,6
VH,3,3.65,0.084949,0.999997,0.156595,0.084949,1842540,19847482,6
VH,3,3.70,0.084949,0.999997,0.156595,0.084949,1842541,19847492,5
VH,3,3.75,0.084949,0.999997,0.156595,0.084949,1842541,19847505,5
VH,3,3.80,0.084949,0.999999,0.156595,0.084949,1842544,19847516,2
VH,3,3.85,0.084949,0.999999,0.156595,0.084949,1842544,19847527,2
VH,3,3.90,0.084949,0.999999,0.156595,0.084949,1842544,19847541,2
VH,3,3.95,0.084949,0.999999,0.156595,0.084949,1842544,19847552,2
VH,3,4.00,0.084949,0.999999,0.156595,0.084949,1842544,19847558,2
VH,3,4.05,0.084949,0.999999,0.156595,0.084949,1842544,19847564,2
VH,3,4.10,0.084949,0.999999,0.156595,0.084949,1842544,19847571,2
VH,3,4.15,0.084949,0.999999,0.156595,0.084949,1842544,19847580,2
VH,3,4.20,0.084949,0.999999,0.156595,0.084949,1842545,19847589,1
VH,3,4.25,0.084949,0.999999,0.156595,0.084949,1842545,19847594,1
VH,3,4.30,0.084948,0.999999,0.156594,0.084948,1842545,19847601,1
VH,3,4.35,0.084948,0.999999,0.156594,0.084948,1842545,19847614,1
VH,3,4.40,0.084948,0.999999,0.156594,0.084948,1842545,19847630,1
VH,3,4.45,0.084948,0.999999,0.156594,0.084948,1842545,19847655,1
VH,3,4.50,0.084948,0.999999,0.156594,0.084948,1842545,19847665,1
VH,3,4.55,0.084948,1.000000,0.156594,0.084948,1842546,19847673,0
VH,3,4.60,0.084948,1.000000,0.156594,0.084948,1842546,19847682,0
VH,3,4.65,0.084948,1.000000,0.156594,0.084948,1842546,19847691,0
VH,3,4.70,0.084948,1.000000,0.156594,0.084948,1842546,19847697,0
VH,3,4.75,0.084948,1.000000,0.156594,0.084948,1842546,19847707,0
VH,3,4.80,0.084948,1.000000,0.156594,0.084948,1842546,19847710,0
VH,3,4.85,0.084948,1.000000,0.156594,0.084948,1842546,19847715,0
VH,3,4.90,0.084948,1.000000,0.156594,0.084948,1842546,19847722,0
VH,3,4.95,0.084948,1.000000,0.156594,0.084948,1842546,19847723,0
VH,3,5.00,0.084948,1.000000,0.156594,0.084948,1842546,19847728,0
VH,5,-44.95,0.083333,0.000007,0.000013,0.000007,12,132,1844393
VH,5,-44.90,0.048232,0.000008,0.000016,0.000008,15,296,1844390
VH,5,-44.85,0.045553,0.000011,0.000023,0.000011,21,440,1844384
VH,5,-44.80,0.033871,0.000011,0.000023,0.000011,21,599,1844384
VH,5,-44.75,0.034869,0.000015,0.000030,0.000015,28,775,1844377
VH,5,-44.70,0.032804,0.000017,0.000034,0.000017,31,914,1844374
VH,5,-44.65,0.028837,0.000017,0.000034,0.000017,31,1044,1844374
VH,5,-44.60,0.029695,0.000020,0.000040,0.000020,37,1209,1844368
VH,5,-44.55,0.027240,0.000021,0.000041,0.000021,38,1357,1844367
VH,5,-44.50,0.028405,0.000024,0.000048,0.000024,44,1505,1844361
VH,5,-44.45,0.029172,0.000027,0.000054,0.000027,50,1664,1844355
VH,5,-44.40,0.031625,0.000031,0.000063,0.000031,58,1776,1844347
VH,5,-44.35,0.031437,0.000034,0.000068,0.000034,63,1941,1844342
VH,5,-44.30,0.029830,0.000035,0.000070,0.000035,65,2114,1844340
VH,5,-44.25,0.031064,0.000040,0.000079,0.000040,73,2277,1844332
VH,5,-44.20,0.030388,0.000041,0.000082,0.000041,76,2425,1844329
VH,5,-44.15,0.030407,0.000043,0.000087,0.000043,80,2551,1844325
VH,5,-44.10,0.029337,0.000044,0.000088,0.000044,81,2680,1844324
VH,5,-44.05,0.028906,0.000046,0.000091,0.000045,84,2822,1844321
VH,5,-44.00,0.029335,0.000049,0.000097,0.000049,90,2978,1844315
VH,5,-43.95,0.029412,0.000052,0.000104,0.000052,96,3168,1844309
VH,5,-43.90,0.029146,0.000054,0.000108,0.000054,100,3331,1844305
VH,5,-43.85,0.028977,0.000056,0.000113,0.000056,104,3485,1844301
VH,5,-43.80,0.032241,0.000066,0.000131,0.000065,121,3632,1844284
VH,5,-43.75,0.032258,0.000068,0.000136,0.000068,126,3780,1844279
VH,5,-43.70,0.031778,0.000069,0.000138,0.000069,128,3900,1844277
VH,5,-43.65,0.030542,0.000069,0.000138,0.000069,128,4063,1844277
VH,5,-43.60,0.030794,0.000073,0.000146,0.000073,135,4249,1844270
VH,5,-43.55,0.032040,0.000080,0.000159,0.000080,147,4441,1844258
VH,5,-43.50,0.033004,0.000085,0.000170,0.000085,157,4600,1844248
VH,5,-43.45,0.034696,0.000094,0.000188,0.000094,174,4841,1844231
VH,5,-43.40,0.033736,0.000095,0.000190,0.000095,176,5041,1844229
VH,5,-43.35,0.032894,0.000096,0.000191,0.000096,177,5204,1844228
VH,5,-43.30,0.033543,0.000101,0.000202,0.000101,187,5388,1844218
VH,5,-43.25,0.033696,0.000104,0.000208,0.000104,192,5506,1844213
VH,5,-43.20,0.035314,0.000113,0.000225,0.000112,208,5682,1844197
VH,5,-43.15,0.035250,0.000116,0.000231,0.000116,214,5857,1844191
VH,5,-43.10,0.036139,0.000122,0.000243,0.000122,225,6001,1844180
VH,5,-43.05,0.036997,0.000129,0.000257,0.000129,238,6195,1844167
VH,5,-43.00,0.037804,0.000136,0.000270,0.000135,250,6363,1844155
VH,5,-42.95,0.037683,0.000139,0.000278,0.000139,257,6563,1844148
VH,5,-42.90,0.038751,0.000148,0.000295,0.000147,273,6772,1844132
VH,5,-42.85,0.039183,0.000154,0.000307,0.000153,284,6964,1844121
VH,5,-42.80,0.038895,0.000157,0.000313,0.000157,290,7166,1844115
VH,5,-42.75,0.040255,0.000168,0.000335,0.000167,310,7391,1844095
VH,5,-42.70,0.039889,0.000171,0.000340,0.000170,315,7582,1844090
VH,5,-42.65,0.040119,0.000176,0.000350,0.000175,324,7752,1844081
VH,5,-42.60,0.039957,0.000179,0.000357,0.000179,331,7953,1844074
VH,5,-42.55,0.040872,0.000188,0.000375,0.000187,347,8143,1844058
VH,5,-42.50,0.041614,0.000197,0.000392,0.000196,363,8360,1844042
VH,5,-42.45,0.041228,0.000202,0.000401,0.000201,372,8651,1844033
VH,5,-42.40,0.042106,0.000212,0.000422,0.000211,391,8895,1844014
VH,5,-42.35,0.042179,0.000217,0.000433,0.000216,401,9106,1844004
VH,5,-42.30,0.042440,0.000224,0.000447,0.000223,414,9341,1843991
VH,5,-42.25,0.042598,0.000232,0.000461,0.000230,427,9597,1843978
VH,5,-42.20,0.043292,0.000241,0.000480,0.000240,445,9834,1843960
VH,5,-42.15,0.043693,0.000249,0.000496,0.000248,460,10068,1843945
VH,5,-42.10,0.044626,0.000260,0.000517,0.000259,480,10276,1843925
VH,5,-42.05,0.045219,0.000270,0.000537,0.000268,498,10515,1843907
VH,5,-42.00,0.044949,0.000276,0.000549,0.000274,509,10815,1843896
VH,5,-41.95,0.045486,0.000286,0.000568,0.000284,527,11059,1843878
VH,5,-41.90,0.045351,0.000291,0.000579,0.000289,537,11304,1843868
VH,5,-41.85,0.045541,0.000299,0.000595,0.000297,552,11569,1843853
VH,5,-41.80,0.045872,0.000309,0.000614,0.000307,570,11856,1843835
VH,5,-41.75,0.046628,0.000322,0.000640,0.000320,594,12145,1843811
VH,5,-41.70,0.046201,0.000326,0.000648,0.000324,602,12428,1843803
VH,5,-41.65,0.046981,0.000338,0.000672,0.000336,624,12658,1843781
VH,5,-41.60,0.048054,0.000356,0.000707,0.000354,657,13015,1843748
VH,5,-41.55,0.047212,0.000356,0.000707,0.000354,657,13259,1843748
VH,5,-41.50,0.047565,0.000366,0.000726,0.000363,675,13516,1843730
VH,5,-41.45,0.047856,0.000375,0.000743,0.000372,691,13748,1843714
VH,5,-41.40,0.049098,0.000394,0.000782,0.000391,727,14080,1843678
VH,5,-41.35,0.049508,0.000406,0.000806,0.000403,749,14380,1843656
VH,5,-41.30,0.050297,0.000422,0.000838,0.000419,779,14709,1843626
VH,5,-41.25,0.050526,0.000433,0.000858,0.000429,798,14996,1843607
VH,5,-41.20,0.051115,0.000446,0.000885,0.000443,823,15278,1843582
VH,5,-41.15,0.050823,0.000452,0.000896,0.000448,834,15576,1843571
VH,5,-41.10,0.051057,0.000464,0.000919,0.000460,855,15891,1843550
VH,5,-41.05,0.051882,0.000480,0.000951,0.000476,885,16173,1843520
VH,5,-41.00,0.052447,0.000494,0.000980,0.000490,912,16477,1843493
VH,5,-40.95,0.052812,0.000509,0.001008,0.000505,939,16841,1843466
VH,5,-40.90,0.053073,0.000521,0.001032,0.000516,961,17146,1843444
VH,5,-40.85,0.052779,0.000530,0.001049,0.000525,977,17534,1843428
VH,5,-40.80,0.053723,0.000549,0.001087,0.000544,1013,17843,1843392
VH,5,-40.75,0.053524,0.000560,0.001107,0.000554,1032,18249,1843373
VH,5,-40.70,0.053797,0.000573,0.001134,0.000567,1057,18591,1843348
VH,5,-40.65,0.054514,0.000593,0.001172,0.000587,1093,18957,1843312
VH,5,-40.60,0.054490,0.000606,0.001198,0.000599,1117,19382,1843288
VH,5,-40.55,0.054817,0.000622,0.001230,0.000615,1147,19777,1843258
VH,5,-40.50,0.054946,0.000635,0.001256,0.000629,1172,20158,1843233
VH,5,-40.45,0.055202,0.000649,0.001283,0.000642,1197,20487,1843208
VH,5,-40.40,0.055568,0.000667,0.001318,0.000659,1230,20905,1843175
VH,5,-40.35,0.056073,0.000689,0.001360,0.000681,1270,21379,1843135
VH,5,-40.30,0.055673,0.000698,0.001379,0.000690,1288,21847,1843117
VH,5,-40.25,0.056459,0.000723,0.001427,0.000714,1333,22277,1843072
VH,5,-40.20,0.057082,0.000745,0.001472,0.000736,1375,22713,1843030
VH,5,-40.15,0.057390,0.000765,0.001510,0.000756,1411,23175,1842994
VH,5,-40.10,0.057796,0.000786,0.001550,0.000776,1449,23622,1842956
VH,5,-40.05,0.058865,0.000813,0.001604,0.000803,1500,23982,1842905
VH,5,-40.00,0.059392,0.000836,0.001649,0.000825,1542,24421,1842863
VH,5,-39.95,0.059463,0.000854,0.001685,0.000843,1576,24928,1842829
VH,5,-39.90,0.059059,0.000865,0.001706,0.000854,1596,25428,1842809
VH,5,-39.85,0.059250,0.000886,0.001747,0.000874,1635,25960,1842770
VH,5,-39.80,0.060356,0.000922,0.001817,0.000909,1701,26482,1842704
VH,5,-39.75,0.060479,0.000941,0.001854,0.000928,1736,26968,1842669
VH,5,-39.70,0.061357,0.000975,0.001919,0.000961,1798,27506,1842607
VH,5,-39.65,0.061416,0.000996,0.001960,0.000981,1837,28074,1842568
VH,5,-39.60,0.061024,0.001010,0.001987,0.000995,1863,28666,1842542
VH,5,-39.55,0.061392,0.001038,0.002042,0.001022,1915,29278,1842490
VH,5,-39.50,0.061315,0.001054,0.002072,0.001037,1944,29761,1842461
VH,5,-39.45,0.062419,0.001093,0.002148,0.001075,2016,30282,1842389
VH,5,-39.40,0.062213,0.001110,0.002181,0.001092,2047,30856,1842358
VH,5,-39.35,0.062515,0.001140,0.002239,0.001121,2102,31522,1842303
VH,5,-39.30,0.063946,0.001188,0.002334,0.001168,2192,32087,1842213
VH,5,-39.25,0.064601,0.001226,0.002407,0.001205,2262,32753,1842143
VH,5,-39.20,0.064534,0.001248,0.002449,0.001226,2302,33369,1842103
VH,5,-39.15,0.064699,0.001276,0.002503,0.001253,2354,34030,1842051
VH,5,-39.10,0.064659,0.001300,0.002549,0.001276,2398,34689,1842007
VH,5,-39.05,0.065181,0.001334,0.002614,0.001309,2460,35281,1841945
VH,5,-39.00,0.065370,0.001363,0.002670,0.001337,2514,35944,1841891
VH,5,-38.95,0.066021,0.001401,0.002744,0.001374,2584,36555,1841821
VH,5,-38.90,0.066807,0.001445,0.002829,0.001416,2665,37226,1841740
VH,5,-38.85,0.067220,0.001483,0.002903,0.001453,2736,37966,1841669
VH,5,-38.80,0.067700,0.001521,0.002975,0.001490,2805,38628,1841600
VH,5,-38.75,0.068595,0.001569,0.003067,0.001536,2893,39282,1841512
VH,5,-38.70,0.068758,0.001601,0.003128,0.001567,2952,39981,1841453
VH,5,-38.65,0.068981,0.001635,0.003194,0.001599,3015,40693,1841390
VH,5,-38.60,0.069656,0.001682,0.003284,0.001645,3102,41431,1841303
VH,5,-38.55,0.070176,0.001723,0.003362,0.001684,3177,42095,1841228
VH,5,-38.50,0.070940,0.001770,0.003454,0.001730,3265,42760,1841140
VH,5,-38.45,0.071336,0.001813,0.003535,0.001771,3343,43520,1841062
VH,5,-38.40,0.072639,0.001878,0.003661,0.001834,3463,44211,1840942
VH,5,-38.35,0.073013,0.001921,0.003744,0.001876,3544,44995,1840861
VH,5,-38.30,0.072958,0.001955,0.003808,0.001908,3606,45820,1840799
VH,5,-38.25,0.073594,0.002009,0.003911,0.001959,3705,46639,1840700
VH,5,-38.20,0.074656,0.002078,0.004044,0.002026,3833,47509,1840572
VH,5,-38.15,0.074878,0.002119,0.004122,0.002065,3909,48296,1840496
VH,5,-38.10,0.075020,0.002161,0.004200,0.002105,3985,49134,1840420
VH,5,-38.05,0.075429,0.002210,0.004295,0.002152,4077,49974,1840328
VH,5,-38.00,0.076232,0.002273,0.004415,0.002212,4193,50810,1840212
VH,5,-37.95,0.076203,0.002317,0.004497,0.002253,4273,51801,1840132
VH,5,-37.90,0.076972,0.002382,0.004621,0.002316,4393,52680,1840012
VH,5,-37.85,0.078425,0.002472,0.004793,0.002402,4559,53573,1839846
VH,5,-37.80,0.078849,0.002530,0.004903,0.002458,4667,54522,1839738
VH,5,-37.75,0.078865,0.002578,0.004992,0.002502,4754,55526,1839651
VH,5,-37.70,0.079400,0.002639,0.005109,0.002561,4868,56442,1839537
VH,5,-37.65,0.080196,0.002711,0.005246,0.002630,5001,57359,1839404
VH,5,-37.60,0.081468,0.002804,0.005421,0.002718,5171,58302,1839234
VH,5,-37.55,0.082268,0.002880,0.005564,0.002790,5311,59246,1839094
VH,5,-37.50,0.082657,0.002943,0.005685,0.002850,5429,60252,1838976
VH,5,-37.45,0.082967,0.003010,0.005810,0.002913,5552,61366,1838853
VH,5,-37.40,0.083869,0.003101,0.005981,0.003000,5720,62482,1838685
VH,5,-37.35,0.084636,0.003183,0.006135,0.003077,5870,63486,1838535
VH,5,-37.30,0.085463,0.003264,0.006288,0.003154,6020,64420,1838385
VH,5,-37.25,0.086052,0.003339,0.006429,0.003225,6159,65414,1838246
VH,5,-37.20,0.086756,0.003427,0.006593,0.003307,6320,66528,1838085
VH,5,-37.15,0.087439,0.003506,0.006741,0.003382,6466,67483,1837939
VH,5,-37.10,0.088579,0.003610,0.006938,0.003481,6659,68517,1837746
VH,5,-37.05,0.089182,0.003695,0.007096,0.003561,6815,69602,1837590
VH,5,-37.00,0.090006,0.003794,0.007280,0.003654,6997,70742,1837408
VH,5,-36.95,0.090539,0.003872,0.007427,0.003727,7142,71741,1837263
VH,5,-36.90,0.091289,0.003973,0.007614,0.003821,7327,72935,1837078
VH,5,-36.85,0.091934,0.004072,0.007799,0.003915,7511,74189,1836894
VH,5,-36.80,0.092376,0.004163,0.007968,0.004000,7679,75449,1836726
VH,5,-36.75,0.093296,0.004271,0.008168,0.004101,7877,76553,1836528
VH,5,-36.70,0.094486,0.004398,0.008405,0.004220,8112,77742,1836293
VH,5,-36.65,0.095755,0.004526,0.008644,0.004341,8348,78833,1836057
VH,5,-36.60,0.096490,0.004636,0.008847,0.004443,8551,80070,1835854
VH,5,-36.55,0.097165,0.004741,0.009042,0.004541,8745,81257,1835660
VH,5,-36.50,0.098403,0.004890,0.009317,0.004680,9019,82635,1835386
VH,5,-36.45,0.098848,0.004985,0.009492,0.004769,9195,83827,1835210
VH,5,-36.40,0.099557,0.005100,0.009703,0.004875,9407,85082,1834998
VH,5,-36.35,0.100709,0.005243,0.009967,0.005008,9670,86349,1834735
VH,5,-36.30,0.102195,0.005410,0.010276,0.005164,9978,87659,1834427
VH,5,-36.25,0.103546,0.005576,0.010582,0.005319,10284,89034,1834121
VH,5,-36.20,0.104650,0.005724,0.010854,0.005457,10557,90322,1833848
VH,5,-36.15,0.105879,0.005879,0.011140,0.005601,10844,91575,1833561
VH,5,-36.10,0.106818,0.006031,0.011418,0.005742,11124,93016,1833281
VH,5,-36.05,0.108289,0.006214,0.011753,0.005911,11461,94376,1832944
VH,5,-36.00,0.109077,0.006360,0.012019,0.006046,11730,95809,1832675
VH,5,-35.95,0.110358,0.006525,0.012322,0.006199,12035,97019,1832370
VH,5,-35.90,0.111262,0.006683,0.012608,0.006344,12326,98458,1832079
VH,5,-35.85,0.111912,0.006835,0.012883,0.006483,12606,100036,1831799
VH,5,-35.80,0.113333,0.007028,0.013235,0.006661,12962,101409,1831443
VH,5,-35.75,0.114848,0.007240,0.013621,0.006857,13353,102914,1831052
VH,5,-35.70,0.116445,0.007461,0.014024,0.007062,13762,104423,1830643
VH,5,-35.65,0.118209,0.007686,0.014434,0.007270,14177,105755,1830228
VH,5,-35.60,0.119003,0.007869,0.014762,0.007436,14514,107449,1829891
VH,5,-35.55,0.119917,0.008049,0.015086,0.007600,14846,108956,1829559
VH,5,-35.50,0.121317,0.008267,0.015479,0.007800,15248,110439,1829157
VH,5,-35.45,0.122625,0.008480,0.015863,0.007995,15641,111910,1828764
VH,5,-35.40,0.123810,0.008700,0.016258,0.008196,16047,113563,1828358
VH,5,-35.35,0.125443,0.008966,0.016736,0.008439,16537,115292,1827868
VH,5,-35.30,0.127019,0.009226,0.017203,0.008676,17017,116955,1827388
VH,5,-35.25,0.128749,0.009490,0.017678,0.008918,17504,118450,1826901
VH,5,-35.20,0.130103,0.009748,0.018137,0.009151,17979,120212,1826426
VH,5,-35.15,0.132066,0.010057,0.018691,0.009434,18550,121910,1825855
VH,5,-35.10,0.133606,0.010339,0.019193,0.009690,19070,123663,1825335
VH,5,-35.05,0.135483,0.010658,0.019761,0.009979,19657,125431,1824748
VH,5,-35.00,0.136643,0.010910,0.020206,0.010206,20122,127138,1824283
VH,5,-34.95,0.138321,0.011208,0.020736,0.010476,20672,128778,1823733
VH,5,-34.90,0.139746,0.011498,0.021248,0.010738,21207,130547,1823198
VH,5,-34.85,0.141390,0.011808,0.021796,0.011018,21779,132256,1822626
VH,5,-34.80,0.143133,0.012133,0.022370,0.011311,22378,133966,1822027
VH,5,-34.75,0.145095,0.012490,0.023000,0.011634,23037,135735,1821368
VH,5,-34.70,0.146528,0.012819,0.023576,0.011929,23644,137718,1820761
VH,5,-34.65,0.148345,0.013190,0.024226,0.012262,24328,139668,1820077
VH,5,-34.60,0.149890,0.013547,0.024848,0.012580,24986,141710,1819419
VH,5,-34.55,0.151756,0.013921,0.025503,0.012916,25676,143517,1818729
VH,5,-34.50,0.153689,0.014315,0.026190,0.013269,26402,145386,1818003
VH,5,-34.45,0.155585,0.014714,0.026885,0.013626,27138,147288,1817267
VH,5,-34.40,0.157551,0.015133,0.027613,0.014000,27911,149244,1816494
VH,5,-34.35,0.159156,0.015534,0.028305,0.014356,28651,151367,1815754
VH,5,-34.30,0.160579,0.015905,0.028944,0.014684,29336,153353,1815069
VH,5,-34.25,0.162777,0.016380,0.029765,0.015108,30212,155392,1814193
VH,5,-34.20,0.164699,0.016833,0.030543,0.015509,31046,157455,1813359
VH,5,-34.15,0.166214,0.017250,0.031256,0.015876,31816,159600,1812589
VH,5,-34.10,0.168024,0.017706,0.032036,0.016279,32657,161702,1811748
VH,5,-34.05,0.169913,0.018168,0.032826,0.016687,33509,163704,1810896
VH,5,-34.00,0.172130,0.018680,0.033702,0.017140,34453,165704,1809952
VH,5,-33.95,0.174444,0.019224,0.034631,0.017621,35456,167795,1808949
VH,5,-33.90,0.176962,0.019796,0.035609,0.018127,36512,169815,1807893
VH,5,-33.85,0.179204,0.020358,0.036562,0.018621,37548,171978,1806857
VH,5,-33.80,0.181346,0.020908,0.037493,0.019105,38563,174086,1805842
VH,5,-33.75,0.183851,0.021522,0.038533,0.019645,39695,176214,1804710
VH,5,-33.70,0.186468,0.022166,0.039622,0.020211,40883,178366,1803522
VH,5,-33.65,0.188666,0.022781,0.040654,0.020749,42018,180693,1802387
VH,5,-33.60,0.190688,0.023382,0.041656,0.021271,43126,183034,1801279
VH,5,-33.55,0.193013,0.024027,0.042735,0.021834,44316,185285,1800089
VH,5,-33.50,0.195108,0.024663,0.043790,0.022385,45488,187655,1798917
VH,5,-33.45,0.197586,0.025348,0.044932,0.022982,46752,189864,1797653
VH,5,-33.40,0.199561,0.026000,0.046006,0.023544,47954,192344,1796451
VH,5,-33.35,0.201472,0.026625,0.047034,0.024083,49107,194634,1795298
VH,5,-33.30,0.203716,0.027322,0.048181,0.024685,50392,196972,1794013
VH,5,-33.25,0.206058,0.028042,0.049366,0.025308,51721,199281,1792684
VH,5,-33.20,0.208469,0.028776,0.050571,0.025941,53074,201516,1791331
VH,5,-33.15,0.210952,0.029547,0.051834,0.026607,54497,203842,1789908
VH,5,-33.10,0.213331,0.030335,0.053117,0.027283,55950,206318,1788455
VH,5,-33.05,0.215545,0.031088,0.054338,0.027928,57338,208676,1787067
VH,5,-33.00,0.218082,0.031932,0.055708,0.028652,58896,211167,1785509
VH,5,-32.95,0.220725,0.032800,0.057113,0.029396,60496,213583,1783909
VH,5,-32.90,0.223306,0.033677,0.058527,0.030146,62114,216043,1782291
VH,5,-32.85,0.226361,0.034633,0.060074,0.030967,63877,218314,1780528
VH,5,-32.80,0.228624,0.035503,0.061462,0.031705,65482,220936,1778923
VH,5,-32.75,0.230815,0.036341,0.062795,0.032415,67027,223366,1777378
VH,5,-32.70,0.233429,0.037286,0.064301,0.033219,68771,225841,1775634
VH,5,-32.65,0.235716,0.038227,0.065785,0.034011,70506,228608,1773899
VH,5,-32.60,0.238213,0.039177,0.067288,0.034815,72259,231079,1772146
VH,5,-32.55,0.240712,0.040196,0.068888,0.035673,74137,233854,1770268
VH,5,-32.50,0.243641,0.041304,0.070634,0.036610,76182,236500,1768223
VH,5,-32.45,0.246013,0.042304,0.072193,0.037448,78025,239133,1766380
VH,5,-32.40,0.248926,0.043446,0.073980,0.038411,80132,241779,1764273
VH,5,-32.35,0.251575,0.044574,0.075730,0.039355,82212,244577,1762193
VH,5,-32.30,0.254325,0.045743,0.077539,0.040333,84368,247365,1760037
VH,5,-32.25,0.256941,0.046868,0.079275,0.041274,86443,249988,1757962
VH,5,-32.20,0.259765,0.048064,0.081119,0.042274,88650,252620,1755755
VH,5,-32.15,0.262510,0.049244,0.082930,0.043259,90825,255162,1753580
VH,5,-32.10,0.265200,0.050448,0.084770,0.044261,93046,257806,1751359
VH,5,-32.05,0.268183,0.051740,0.086744,0.045338,95429,260407,1748976
VH,5,-32.00,0.270795,0.053011,0.088665,0.046389,97774,263289,1746631
VH,5,-31.95,0.273399,0.054245,0.090528,0.047410,100050,265899,1744355
VH,5,-31.90,0.276257,0.055553,0.092504,0.048495,102462,268432,1741943
VH,5,-31.85,0.279150,0.056951,0.094602,0.049649,105041,271248,1739364
VH,5,-31.80,0.281874,0.058295,0.096609,0.050756,107519,273925,1736886
VH,5,-31.75,0.284855,0.059794,0.098840,0.051989,110284,276874,1734121
VH,5,-31.70,0.287916,0.061280,0.101053,0.053215,113026,279540,1731379
VH,5,-31.65,0.291189,0.062859,0.103397,0.054517,115937,282214,1728468
VH,5,-31.60,0.294574,0.064512,0.105844,0.055879,118986,284939,1725419
VH,5,-31.55,0.297284,0.065981,0.107993,0.057078,121695,287661,1722710
VH,5,-31.50,0.300321,0.067602,0.110361,0.058403,124685,290488,1719720
VH,5,-31.45,0.303321,0.069184,0.112670,0.059698,127604,293085,1716801
VH,5,-31.40,0.306264,0.070797,0.115008,0.061013,130578,295779,1713827
VH,5,-31.35,0.309380,0.072500,0.117471,0.062401,133719,298497,1710686
VH,5,-31.30,0.312085,0.074134,0.119809,0.063722,136734,301396,1707671
VH,5,-31.25,0.315013,0.075871,0.122288,0.065126,139936,304287,1704469
VH,5,-31.20,0.317885,0.077577,0.124718,0.066506,143084,307029,1701321
VH,5,-31.15,0.321069,0.079397,0.127312,0.067983,146441,309663,1697964
VH,5,-31.10,0.324019,0.081222,0.129885,0.069453,149806,312531,1694599
VH,5,-31.05,0.326899,0.083028,0.132423,0.070906,153138,315319,1691267
VH,5,-31.00,0.329880,0.084948,0.135105,0.072447,156679,318278,1687726
VH,5,-30.95,0.332865,0.086874,0.137787,0.073991,160231,321139,1684174
VH,5,-30.90,0.335768,0.088848,0.140515,0.075566,163872,324179,1680533
VH,5,-30.85,0.338973,0.090875,0.143326,0.077195,167611,326856,1676794
VH,5,-30.80,0.341946,0.092845,0.146038,0.078771,171244,329548,1673161
VH,5,-30.75,0.345052,0.094936,0.148904,0.080441,175101,332362,1669304
VH,5,-30.70,0.347847,0.096966,0.151656,0.082050,178844,335301,1665561
VH,5,-30.65,0.350611,0.098967,0.154363,0.083637,182536,338086,1661869
VH,5,-30.60,0.353261,0.100985,0.157069,0.085228,186257,340994,1658148
VH,5,-30.55,0.356302,0.103141,0.159973,0.086941,190233,343676,1654172
VH,5,-30.50,0.359360,0.105368,0.162956,0.088706,194342,346459,1650063
VH,5,-30.45,0.362285,0.107635,0.165963,0.090490,198523,349452,1645882
VH,5,-30.40,0.365002,0.109804,0.168821,0.092193,202523,352332,1641882
VH,5,-30.35,0.367961,0.112126,0.171877,0.094018,206805,355224,1637600
VH,5,-30.30,0.371024,0.114503,0.174999,0.095890,211190,358018,1633215
VH,5,-30.25,0.373850,0.116818,0.178012,0.097702,215459,360865,1628946
VH,5,-30.20,0.376852,0.119267,0.181191,0.099620,219977,363745,1624428
VH,5,-30.15,0.379400,0.121543,0.184107,0.101386,224175,366692,1620230
VH,5,-30.10,0.382097,0.123949,0.187179,0.103253,228613,369699,1615792
VH,5,-30.05,0.384865,0.126416,0.190318,0.105167,233162,372666,1611243
VH,5,-30.00,0.387404,0.128812,0.193339,0.107015,237582,375685,1606823
VH,5,-29.95,0.390111,0.131318,0.196493,0.108950,242203,378653,1602202
VH,5,-29.90,0.392878,0.133855,0.199679,0.110913,246883,381513,1597522
VH,5,-29.85,0.395357,0.136397,0.202822,0.112856,251572,384744,1592833
VH,5,-29.80,0.397798,0.138831,0.205828,0.114720,256060,387633,1588345
VH,5,-29.75,0.400783,0.141607,0.209272,0.116864,261180,390494,1583225
VH,5,-29.70,0.403110,0.144081,0.212286,0.118747,265744,393490,1578661
VH,5,-29.65,0.405614,0.146752,0.215527,0.120779,270671,396640,1573734
VH,5,-29.60,0.408036,0.149366,0.218681,0.122764,275491,399672,1568914
VH,5,-29.55,0.410474,0.152007,0.221856,0.124768,280362,402658,1564043
VH,5,-29.50,0.412854,0.154714,0.225081,0.126812,285356,405823,1559049
VH,5,-29.45,0.415168,0.157439,0.228302,0.128860,290381,409049,1554024
VH,5,-29.40,0.417438,0.160113,0.231450,0.130870,295313,412128,1549092
VH,5,-29.35,0.419686,0.162799,0.234597,0.132886,300268,415190,1544137
VH,5,-29.30,0.422064,0.165666,0.237939,0.135034,305556,418400,1538849
VH,5,-29.25,0.424299,0.168465,0.241173,0.137122,310717,421589,1533688
VH,5,-29.20,0.426349,0.171213,0.244315,0.139156,315787,424890,1528618
VH,5,-29.15,0.428605,0.174049,0.247566,0.141270,321017,427964,1523388
VH,5,-29.10,0.430686,0.176871,0.250761,0.143354,326221,431224,1518184
VH,5,-29.05,0.432524,0.179606,0.253815,0.145354,331267,434626,1513138
VH,5,-29.00,0.434472,0.182434,0.256968,0.147426,336482,437980,1507923
VH,5,-28.95,0.436376,0.185306,0.260143,0.149520,341780,441443,1502625
VH,5,-28.90,0.438138,0.188191,0.263291,0.151604,347100,445117,1497305
VH,5,-28.85,0.439852,0.191037,0.266379,0.153655,352349,448714,1492056
VH,5,-28.80,0.441548,0.193835,0.269404,0.155671,357510,452165,1486895
VH,5,-28.75,0.443268,0.196773,0.272555,0.157780,362930,455830,1481475
VH,5,-28.70,0.444865,0.199681,0.275639,0.159850,368292,459582,1476113
VH,5,-28.65,0.446442,0.202556,0.278674,0.161895,373595,463233,1470810
VH,5,-28.60,0.447919,0.205523,0.281763,0.163983,379068,467218,1465337
VH,5,-28.55,0.449269,0.208475,0.284796,0.166042,384513,471350,1459892
VH,5,-28.50,0.450394,0.211315,0.287664,0.167995,389750,475603,1454655
VH,5,-28.45,0.451686,0.214269,0.290657,0.170040,395199,479742,1449206
VH,5,-28.40,0.452764,0.217176,0.293547,0.172022,400561,484140,1443844
VH,5,-28.35,0.453949,0.220259,0.296604,0.174125,406246,488669,1438159
VH,5,-28.30,0.454780,0.223126,0.299373,0.176037,411535,493375,1432870
VH,5,-28.25,0.455875,0.226165,0.302337,0.178090,417139,497890,1427266
VH,5,-28.20,0.456799,0.229196,0.305240,0.180108,422731,502689,1421674
VH,5,-28.15,0.457410,0.232069,0.307916,0.181974,428030,507739,1416375
VH,5,-28.10,0.458141,0.235069,0.310714,0.183932,433563,512789,1410842
VH,5,-28.05,0.458966,0.238164,0.313597,0.185956,439270,517817,1405135
VH,5,-28.00,0.459563,0.241200,0.316360,0.187902,444870,523158,1399535
VH,5,-27.95,0.459823,0.244016,0.318835,0.189651,450065,528714,1394340
VH,5,-27.90,0.460180,0.246963,0.321427,0.191488,455499,534329,1388906
VH,5,-27.85,0.460256,0.249897,0.323921,0.193261,460912,540513,1383493
VH,5,-27.80,0.460465,0.252861,0.326453,0.195066,466378,546464,1378027
VH,5,-27.75,0.460548,0.255795,0.328909,0.196823,471789,552619,1372616
VH,5,-27.70,0.460271,0.258535,0.331094,0.198390,476844,559164,1367561
VH,5,-27.65,0.460033,0.261397,0.333369,0.200026,482122,565894,1362283
VH,5,-27.60,0.459893,0.264380,0.335748,0.201741,487624,572675,1356781
VH,5,-27.55,0.459452,0.267144,0.337849,0.203260,492722,579691,1351683
VH,5,-27.50,0.459038,0.270152,0.340131,0.204914,498269,587194,1346136
VH,5,-27.45,0.458566,0.273037,0.342277,0.206474,503590,594595,1340815
VH,5,-27.40,0.457975,0.275968,0.344404,0.208024,508996,602409,1335409
VH,5,-27.35,0.457353,0.278902,0.346501,0.209556,514408,610343,1329997
VH,5,-27.30,0.456512,0.281729,0.348430,0.210969,519623,618624,1324782
VH,5,-27.25,0.455856,0.284634,0.350450,0.212452,524981,626656,1319424
VH,5,-27.20,0.454897,0.287441,0.352282,0.213800,530158,635288,1314247
VH,5,-27.15,0.453778,0.290278,0.354064,0.215114,535390,644461,1309015
VH,5,-27.10,0.452750,0.293188,0.355903,0.216473,540757,653626,1303648
VH,5,-27.05,0.451627,0.296124,0.357706,0.217809,546172,663172,1298233
VH,5,-27.00,0.450538,0.299034,0.359475,0.219122,551540,672640,1292865
VH,5,-26.95,0.449327,0.301863,0.361121,0.220346,556757,682334,1287648
VH,5,-26.90,0.448121,0.304911,0.362899,0.221671,562380,692593,1282025
VH,5,-26.85,0.447005,0.307896,0.364633,0.222967,567884,702537,1276521
VH,5,-26.80,0.445647,0.310742,0.366165,0.224113,573135,712938,1271270
VH,5,-26.75,0.444187,0.313652,0.367678,0.225248,578502,723883,1265903
VH,5,-26.70,0.442778,0.316561,0.369180,0.226377,583867,734778,1260538
VH,5,-26.65,0.441237,0.319305,0.370497,0.227368,588927,745791,1255478
VH,5,-26.60,0.439741,0.322129,0.371857,0.228393,594136,756969,1250269
VH,5,-26.55,0.438119,0.324968,0.373155,0.229373,599373,768686,1245032
VH,5,-26.50,0.436628,0.327850,0.374500,0.230391,604689,780219,1239716
VH,5,-26.45,0.435106,0.330729,0.375804,0.231379,609998,791956,1234407
VH,5,-26.40,0.433527,0.333601,0.377056,0.232328,615296,803983,1229109
VH,5,-26.35,0.431841,0.336392,0.378187,0.233188,620443,816297,1223962
VH,5,-26.30,0.430132,0.339192,0.379287,0.234025,625607,828848,1218798
VH,5,-26.25,0.428368,0.342103,0.380406,0.234878,630976,841999,1213429
VH,5,-26.20,0.426766,0.345046,0.381579,0.235773,636404,854822,1208001
VH,5,-26.15,0.425056,0.347854,0.382600,0.236552,641584,867826,1202821
VH,5,-26.10,0.423321,0.350695,0.383601,0.237318,646823,881149,1197582
VH,5,-26.05,0.421598,0.353568,0.384598,0.238082,652122,894665,1192283
VH,5,-26.00,0.419860,0.356377,0.385523,0.238791,657304,908228,1187101
VH,5,-25.95,0.418099,0.359261,0.386453,0.239505,662622,922223,1181783
VH,5,-25.90,0.416302,0.362145,0.387340,0.240187,667942,936522,1176463
VH,5,-25.85,0.414768,0.365159,0.388386,0.240992,673502,950302,1170903
VH,5,-25.80,0.413279,0.368042,0.389351,0.241735,678819,963702,1165586
VH,5,-25.75,0.411660,0.370930,0.390235,0.242418,684145,977771,1160260
VH,5,-25.70,0.409963,0.373660,0.390971,0.242986,689181,991900,1155224
VH,5,-25.65,0.408269,0.376450,0.391714,0.243560,694327,1006335,1150078
VH,5,-25.60,0.406763,0.379448,0.392631,0.244269,699855,1020694,1144550
VH,5,-25.55,0.405299,0.382338,0.393484,0.244930,705187,1034733,1139218
VH,5,-25.50,0.403877,0.385198,0.394317,0.245576,710462,1048643,1133943
VH,5,-25.45,0.402618,0.388122,0.395237,0.246290,715854,1062146,1128551
VH,5,-25.40,0.401333,0.391056,0.396128,0.246982,721265,1075910,1123140
VH,5,-25.35,0.399974,0.393830,0.396878,0.247566,726382,1089690,1118023
VH,5,-25.30,0.398708,0.396751,0.397727,0.248227,731769,1103580,1112636
VH,5,-25.25,0.397361,0.399567,0.398461,0.248799,736964,1117684,1107441
VH,5,-25.20,0.396201,0.402456,0.399304,0.249456,742291,1131231,1102114
VH,5,-25.15,0.395053,0.405344,0.400132,0.250103,747618,1144834,1096787
VH,5,-25.10,0.393930,0.408171,0.400924,0.250723,752833,1158248,1091572
VH,5,-25.05,0.392919,0.411065,0.401787,0.251398,758170,1171412,1086235
VH,5,-25.00,0.392009,0.413932,0.402673,0.252091,763458,1184092,1080947
VH,5,-24.95,0.391018,0.416698,0.403450,0.252701,768559,1196975,1075846
VH,5,-24.90,0.390116,0.419526,0.404287,0.253358,773776,1209673,1070629
VH,5,-24.85,0.389391,0.422545,0.405291,0.254147,779345,1222103,1065060
VH,5,-24.80,0.388567,0.425398,0.406149,0.254823,784606,1234623,1059799
VH,5,-24.75,0.387790,0.428321,0.407049,0.255531,789997,1247180,1054408
VH,5,-24.70,0.387084,0.431186,0.407946,0.256239,795281,1259262,1049124
VH,5,-24.65,0.386399,0.434074,0.408851,0.256954,800608,1271363,1043797
VH,5,-24.60,0.385832,0.437042,0.409844,0.257738,806083,1283125,1038322
VH,5,-24.55,0.385319,0.439934,0.410820,0.258510,811417,1294414,1032988
VH,5,-24.50,0.384863,0.442891,0.411843,0.259321,816870,1305628,1027535
VH,5,-24.45,0.384409,0.445726,0.412803,0.260083,822099,1316504,1022306
VH,5,-24.40,0.383965,0.448557,0.413755,0.260839,827320,1327356,1017085
VH,5,-24.35,0.383563,0.451410,0.414730,0.261615,832583,1338072,1011822
VH,5,-24.30,0.383227,0.454228,0.415718,0.262401,837780,1348339,1006625
VH,5,-24.25,0.382887,0.457063,0.416700,0.263185,843010,1358709,1001395
VH,5,-24.20,0.382545,0.459839,0.417646,0.263939,848129,1368943,996276
VH,5,-24.15,0.382261,0.462711,0.418656,0.264747,853427,1379152,990978
VH,5,-24.10,0.381998,0.465515,0.419641,0.265536,858599,1389056,985806
VH,5,-24.05,0.381865,0.468606,0.420812,0.266474,864300,1399067,980105
VH,5,-24.00,0.381713,0.471510,0.421886,0.267335,869655,1408643,974750
VH,5,-23.95,0.381556,0.474377,0.422934,0.268178,874944,1418150,969461
VH,5,-23.90,0.381325,0.477249,0.423929,0.268978,880240,1428130,964165
VH,5,-23.85,0.381195,0.480155,0.424990,0.269833,885600,1437619,958805
VH,5,-23.80,0.381042,0.482974,0.425995,0.270644,890799,1446999,953606
VH,5,-23.75,0.380920,0.485808,0.427018,0.271470,896026,1456240,948379
VH,5,-23.70,0.380749,0.488579,0.427977,0.272246,901138,1465612,943267
VH,5,-23.65,0.380625,0.491445,0.428994,0.273069,906423,1474983,937982
VH,5,-23.60,0.380559,0.494394,0.430071,0.273943,911863,1484251,932542
VH,5,-23.55,0.380404,0.497179,0.431022,0.274715,916999,1493592,927406
VH,5,-23.50,0.380382,0.500133,0.432115,0.275604,922448,1502606,921957
VH,5,-23.45,0.380374,0.503129,0.433223,0.276506,927974,1511664,916431
VH,5,-23.40,0.380265,0.506018,0.434220,0.277319,933302,1521043,911103
VH,5,-23.35,0.380154,0.508889,0.435201,0.278119,938597,1530393,905808
VH,5,-23.30,0.380037,0.511830,0.436195,0.278932,944021,1540005,900384
VH,5,-23.25,0.379919,0.514744,0.437173,0.279732,949396,1549545,895009
VH,5,-23.20,0.379854,0.517690,0.438188,0.280564,954830,1558844,889575
VH,5,-23.15,0.379749,0.520643,0.439173,0.281372,960277,1568437,884128
VH,5,-23.10,0.379569,0.523553,0.440083,0.282120,965644,1578411,878761
VH,5,-23.05,0.379371,0.526470,0.440976,0.282854,971023,1588540,873382
VH,5,-23.00,0.379182,0.529293,0.441836,0.283562,976231,1598339,868174
VH,5,-22.95,0.378953,0.532201,0.442690,0.284266,981594,1608682,862811
VH,5,-22.90,0.378721,0.535124,0.443539,0.284966,986986,1619114,857419
VH,5,-22.85,0.378426,0.538089,0.444351,0.285637,992454,1630128,851951
VH,5,-22.80,0.378120,0.540986,0.445123,0.286276,997797,1641037,846608
VH,5,-22.75,0.377805,0.543920,0.445893,0.286913,1003209,1652156,841196
VH,5,-22.70,0.377490,0.546912,0.446675,0.287561,1008727,1663467,835678
VH,5,-22.65,0.377141,0.549859,0.447409,0.288170,1014163,1674922,830242
VH,5,-22.60,0.376799,0.552800,0.448138,0.288775,1019587,1686331,824818
VH,5,-22.55,0.376379,0.555707,0.448792,0.289318,1024948,1698231,819457
VH,5,-22.50,0.375958,0.558630,0.449442,0.289858,1030340,1710233,814065
VH,5,-22.45,0.375458,0.561527,0.450018,0.290337,1035684,1722770,808721
VH,5,-22.40,0.375038,0.564609,0.450701,0.290906,1041367,1735332,803038
VH,5,-22.35,0.374501,0.567485,0.451225,0.291343,1046672,1748174,797733
VH,5,-22.30,0.373899,0.570339,0.451685,0.291727,1051936,1761487,792469
VH,5,-22.25,0.373301,0.573220,0.452147,0.292113,1057249,1774914,787156
VH,5,-22.20,0.372730,0.576233,0.452661,0.292541,1062807,1788608,781598
VH,5,-22.15,0.372102,0.579174,0.453101,0.292909,1068232,1802571,776173
VH,5,-22.10,0.371486,0.582177,0.453558,0.293291,1073770,1816704,770635
VH,5,-22.05,0.370847,0.585213,0.453997,0.293659,1079369,1831183,765036
VH,5,-22.00,0.370154,0.588272,0.454394,0.293991,1085012,1846231,759393
VH,5,-21.95,0.369455,0.591309,0.454768,0.294304,1090613,1861334,753792
VH,5,-21.90,0.368742,0.594438,0.455147,0.294622,1096385,1876927,748020
VH,5,-21.85,0.367993,0.597531,0.455477,0.294898,1102089,1892778,742316
VH,5,-21.80,0.367171,0.600577,0.455727,0.295108,1107707,1909166,736698
VH,5,-21.75,0.366356,0.603731,0.456001,0.295338,1113525,1925937,730880
VH,5,-21.70,0.365508,0.606850,0.456228,0.295528,1119277,1942970,725128
VH,5,-21.65,0.364636,0.609933,0.456414,0.295684,1124963,1960202,719442
VH,5,-21.60,0.363706,0.613033,0.456547,0.295796,1130682,1978100,713723
VH,5,-21.55,0.362788,0.616183,0.456691,0.295917,1136491,1996167,707914
VH,5,-21.50,0.361774,0.619160,0.456700,0.295924,1141981,2014629,702424
VH,5,-21.45,0.360802,0.622356,0.456788,0.295998,1147877,2033586,696528
VH,5,-21.40,0.359735,0.625478,0.456767,0.295980,1153634,2053266,690771
VH,5,-21.35,0.358702,0.628558,0.456749,0.295965,1159315,2072658,685090
VH,5,-21.30,0.357602,0.631637,0.456663,0.295894,1164994,2092801,679411
VH,5,-21.25,0.356494,0.634779,0.456575,0.295819,1170790,2113386,673615
VH,5,-21.20,0.355426,0.637993,0.456523,0.295776,1176718,2134004,667687
VH,5,-21.15,0.354231,0.641114,0.456329,0.295613,1182474,2155666,661931
VH,5,-21.10,0.353053,0.644283,0.456148,0.295461,1188319,2177515,656086
VH,5,-21.05,0.351877,0.647467,0.455957,0.295301,1194192,2199584,650213
VH,5,-21.00,0.350661,0.650570,0.455698,0.295084,1199915,2221952,644490
VH,5,-20.95,0.349475,0.653776,0.455476,0.294897,1205827,2244566,638578
VH,5,-20.90,0.348195,0.657021,0.455169,0.294640,1211812,2268457,632593
VH,5,-20.85,0.346901,0.660260,0.454832,0.294358,1217787,2292692,626618
VH,5,-20.80,0.345617,0.663504,0.454491,0.294072,1223770,2317060,620635
VH,5,-20.75,0.344223,0.666709,0.454030,0.293686,1229681,2342657,614724
VH,5,-20.70,0.342832,0.669851,0.453541,0.293277,1235476,2368255,608929
VH,5,-20.65,0.341385,0.673029,0.452995,0.292820,1241338,2394843,603067
VH,5,-20.60,0.339985,0.676298,0.452494,0.292402,1247367,2421524,597038
VH,5,-20.55,0.338554,0.679508,0.451938,0.291938,1253288,2448594,591117
VH,5,-20.50,0.337018,0.682594,0.451243,0.291358,1258980,2476671,585425
VH,5,-20.45,0.335471,0.685837,0.450556,0.290786,1264962,2505744,579443
VH,5,-20.40,0.333908,0.688883,0.449796,0.290153,1270579,2534598,573826
VH,5,-20.35,0.332352,0.692134,0.449068,0.289547,1276576,2564465,567829
VH,5,-20.30,0.330739,0.695230,0.448239,0.288858,1282286,2594748,562119
VH,5,-20.25,0.329122,0.698321,0.447388,0.288152,1287987,2625416,556418
VH,5,-20.20,0.327495,0.701545,0.446537,0.287446,1293934,2657073,550471
VH,5,-20.15,0.325814,0.704682,0.445601,0.286671,1299719,2689426,544686
VH,5,-20.10,0.324126,0.707887,0.444654,0.285888,1305630,2722526,538775
VH,5,-20.05,0.322415,0.711072,0.443664,0.285070,1311505,2756244,532900
VH,5,-20.00,0.320616,0.714060,0.442533,0.284136,1317016,2790750,527389
VH,5,-19.95,0.318846,0.717268,0.441454,0.283247,1322933,2826191,521472
VH,5,-19.90,0.317022,0.720282,0.440267,0.282271,1328491,2862036,515914
VH,5,-19.85,0.315199,0.723433,0.439088,0.281302,1334303,2898902,510102
VH,5,-19.80,0.313309,0.726507,0.437811,0.280255,1339973,2936864,504432
VH,5,-19.75,0.311412,0.729497,0.436491,0.279174,1345488,2975121,498917
VH,5,-19.70,0.309568,0.732668,0.435238,0.278150,1351336,3013898,493069
VH,5,-19.65,0.307629,0.735814,0.433867,0.277031,1357139,3054473,487266
VH,5,-19.60,0.305689,0.738923,0.432468,0.275891,1362874,3095499,481531
VH,5,-19.55,0.303703,0.742086,0.431012,0.274707,1368708,3138017,475697
VH,5,-19.50,0.301725,0.745200,0.429535,0.273508,1374451,3180866,469954
VH,5,-19.45,0.299760,0.748331,0.428053,0.272308,1380226,3224218,464179
VH,5,-19.40,0.297713,0.751360,0.426452,0.271013,1385813,3269057,458592
VH,5,-19.35,0.295676,0.754419,0.424844,0.269716,1391455,3314564,452950
VH,5,-19.30,0.293602,0.757444,0.423173,0.268370,1397033,3361225,447372
VH,5,-19.25,0.291500,0.760492,0.421454,0.266989,1402655,3409199,441750
VH,5,-19.20,0.289398,0.763526,0.419712,0.265592,1408251,3457896,436154
VH,5,-19.15,0.287216,0.766434,0.417847,0.264100,1413614,3508167,430791
VH,5,-19.10,0.285060,0.769512,0.416011,0.262635,1419291,3559635,425114
VH,5,-19.05,0.282842,0.772490,0.414074,0.261093,1424785,3612597,419620
VH,5,-19.00,0.280626,0.775437,0.412112,0.259535,1430219,3666303,414186
VH,5,-18.95,0.278421,0.778504,0.410156,0.257985,1435877,3721339,408528
VH,5,-18.90,0.276191,0.781362,0.408121,0.256377,1441148,3776795,403257
VH,5,-18.85,0.273926,0.784349,0.406045,0.254741,1446658,3834533,397747
VH,5,-18.80,0.271666,0.787279,0.403943,0.253088,1452061,3892969,392344
VH,5,-18.75,0.269405,0.790290,0.401829,0.251430,1457614,3952879,386791
VH,5,-18.70,0.267134,0.793275,0.399677,0.249748,1463121,4013993,381284
VH,5,-18.65,0.264810,0.796132,0.397428,0.247994,1468390,4076672,376015
VH,5,-18.60,0.262481,0.799029,0.395153,0.246225,1473733,4140905,370672
VH,5,-18.55,0.260168,0.801983,0.392883,0.244464,1479182,4206307,365223
VH,5,-18.50,0.257818,0.804900,0.390541,0.242654,1484562,4273620,359843
VH,5,-18.45,0.255493,0.807852,0.388210,0.240856,1490006,4341879,354399
VH,5,-18.40,0.253166,0.810820,0.385855,0.239046,1495480,4411626,348925
VH,5,-18.35,0.250786,0.813675,0.383402,0.237166,1500746,4483421,343659
VH,5,-18.30,0.248394,0.816636,0.380924,0.235272,1506207,4557568,338198
VH,5,-18.25,0.246017,0.819420,0.378420,0.233365,1511342,4631899,333063
VH,5,-18.20,0.243662,0.822292,0.375929,0.231473,1516640,4707713,327765
VH,5,-18.15,0.241254,0.825068,0.373341,0.229514,1521759,4785939,322646
VH,5,-18.10,0.238899,0.827924,0.370802,0.227598,1527027,4864921,317378
VH,5,-18.05,0.236493,0.830632,0.368164,0.225614,1532021,4946057,312384
VH,5,-18.00,0.234105,0.833373,0.365529,0.223637,1537077,5028678,307328
VH,5,-17.95,0.231746,0.836200,0.362914,0.221683,1542291,5112798,302114
VH,5,-17.90,0.229401,0.838961,0.360287,0.219726,1547384,5197939,297021
VH,5,-17.85,0.227004,0.841677,0.357569,0.217707,1552393,5286237,292012
VH,5,-17.80,0.224604,0.844412,0.354828,0.215678,1557437,5376713,286968
VH,5,-17.75,0.222191,0.846979,0.352032,0.213616,1562173,5468596,282232
VH,5,-17.70,0.219857,0.849637,0.349322,0.211623,1567075,5560627,277330
VH,5,-17.65,0.217479,0.852144,0.346521,0.209571,1571699,5655210,272706
VH,5,-17.60,0.215130,0.854717,0.343741,0.207541,1576445,5751427,267960
VH,5,-17.55,0.212758,0.857218,0.340905,0.205477,1581057,5850179,263348
VH,5,-17.50,0.210412,0.859664,0.338076,0.203425,1585569,5949978,258836
VH,5,-17.45,0.208081,0.862247,0.335257,0.201386,1590332,6052516,254073
VH,5,-17.40,0.205796,0.864836,0.332476,0.199383,1595108,6155807,249297
VH,5,-17.35,0.203487,0.867359,0.329640,0.197346,1599762,6261961,244643
VH,5,-17.30,0.201210,0.869851,0.326821,0.195329,1604357,6369206,240048
VH,5,-17.25,0.198942,0.872270,0.323991,0.193311,1608819,6478048,235586
VH,5,-17.20,0.196691,0.874722,0.321165,0.191302,1613341,6589060,231064
VH,5,-17.15,0.194469,0.877055,0.318351,0.189309,1617645,6700601,226760
VH,5,-17.10,0.192239,0.879467,0.315512,0.187304,1622093,6815791,222312
VH,5,-17.05,0.190023,0.881774,0.312666,0.185302,1626349,6932348,218056
VH,5,-17.00,0.187854,0.884133,0.309869,0.183340,1630699,7049994,213706
VH,5,-16.95,0.185684,0.886409,0.307048,0.181368,1634897,7169828,209508
VH,5,-16.90,0.183572,0.888680,0.304288,0.179445,1639086,7289773,205319
VH,5,-16.85,0.181460,0.890907,0.301509,0.177516,1643194,7412211,201211
VH,5,-16.80,0.179353,0.893164,0.298720,0.175586,1647356,7537659,197049
VH,5,-16.75,0.177298,0.895455,0.295990,0.173702,1651582,7663717,192823
VH,5,-16.70,0.175233,0.897594,0.293222,0.171798,1655526,7792040,188879
VH,5,-16.65,0.173217,0.899838,0.290511,0.169940,1659665,7921774,184740
VH,5,-16.60,0.171196,0.902010,0.287775,0.168071,1663671,8054238,180734
VH,5,-16.55,0.169206,0.904130,0.285063,0.166224,1667581,8187735,176824
VH,5,-16.50,0.167268,0.906341,0.282415,0.164426,1671659,8322233,172746
VH,5,-16.45,0.165355,0.908411,0.279783,0.162644,1675478,8457111,168927
VH,5,-16.40,0.163475,0.910493,0.277183,0.160889,1679317,8593311,165088
VH,5,-16.35,0.161597,0.912565,0.274572,0.159133,1683140,8732552,161265
VH,5,-16.30,0.159742,0.914587,0.271980,0.157394,1686869,8873070,157536
VH,5,-16.25,0.157922,0.916618,0.269425,0.155685,1690614,9014772,153791
VH,5,-16.20,0.156117,0.918636,0.266879,0.153987,1694337,9158684,150068
VH,5,-16.15,0.154320,0.920549,0.264328,0.152292,1697866,9304372,146539
VH,5,-16.10,0.152592,0.922543,0.261870,0.150662,1701542,9449366,142863
VH,5,-16.05,0.150888,0.924447,0.259432,0.149050,1705054,9595041,139351
VH,5,-16.00,0.149201,0.926279,0.257004,0.147450,1708433,9742148,135972
VH,5,-15.95,0.147528,0.928092,0.254587,0.145861,1711777,9891305,132628
VH,5,-15.90,0.145909,0.930056,0.252246,0.144326,1715400,10041226,129005
VH,5,-15.85,0.144298,0.931787,0.249896,0.142789,1718592,10191462,125813
VH,5,-15.80,0.142711,0.933600,0.247577,0.141277,1721936,10343973,122469
VH,5,-15.75,0.141130,0.935378,0.245256,0.139767,1725215,10499064,119190
VH,5,-15.70,0.139584,0.937079,0.242976,0.138288,1728354,10653789,116051
VH,5,-15.65,0.138083,0.938813,0.240755,0.136851,1731552,10808394,112853
VH,5,-15.60,0.136608,0.940508,0.238565,0.135438,1734678,10963541,109727
VH,5,-15.55,0.135148,0.942124,0.236386,0.134035,1737658,11119779,106747
VH,5,-15.50,0.133735,0.943776,0.234273,0.132678,1740705,11275395,103700
VH,5,-15.45,0.132335,0.945448,0.232173,0.131332,1743789,11433288,100616
VH,5,-15.40,0.130963,0.947113,0.230108,0.130012,1746860,11591720,97545
VH,5,-15.35,0.129621,0.948647,0.228078,0.128718,1749690,11748811,94715
VH,5,-15.30,0.128299,0.950166,0.226072,0.127442,1752491,11906905,91914
VH,5,-15.25,0.127013,0.951682,0.224115,0.126199,1755287,12064497,89118
VH,5,-15.20,0.125754,0.953244,0.222196,0.124983,1758168,12222805,86237
VH,5,-15.15,0.124534,0.954772,0.220329,0.123803,1760987,12379667,83418
VH,5,-15.10,0.123326,0.956277,0.218476,0.122634,1763763,12537923,80642
VH,5,-15.05,0.122136,0.957687,0.216643,0.121480,1766362,12695892,78043
VH,5,-15.00,0.120974,0.959038,0.214847,0.120352,1768855,12852910,75550
VH,5,-14.95,0.119829,0.960413,0.213073,0.119240,1771390,13011303,73015
VH,5,-14.90,0.118716,0.961797,0.211346,0.118159,1773943,13168777,70462
VH,5,-14.85,0.117604,0.963006,0.209611,0.117075,1776173,13326776,68232
VH,5,-14.80,0.116545,0.964307,0.207957,0.116045,1778573,13482229,65832
VH,5,-14.75,0.115510,0.965578,0.206337,0.115036,1780916,13636927,63489
VH,5,-14.70,0.114489,0.966801,0.204734,0.114041,1783173,13791826,61232
VH,5,-14.65,0.113500,0.968038,0.203177,0.113076,1785455,13945463,58950
VH,5,-14.60,0.112522,0.969198,0.201635,0.112121,1787593,14098969,56812
VH,5,-14.55,0.111578,0.970350,0.200143,0.111199,1789719,14250301,54686
VH,5,-14.50,0.110652,0.971425,0.198673,0.110293,1791702,14400586,52703
VH,5,-14.45,0.109744,0.972462,0.197230,0.109404,1793613,14549973,50792
VH,5,-14.40,0.108868,0.973531,0.195836,0.108547,1795585,14697643,48820
VH,5,-14.35,0.108014,0.974589,0.194474,0.107710,1797536,14844200,46869
VH,5,-14.30,0.107190,0.975644,0.193159,0.106904,1799483,14988289,44922
VH,5,-14.25,0.106384,0.976650,0.191868,0.106114,1801339,15131160,43066
VH,5,-14.20,0.105588,0.977565,0.190590,0.105333,1803025,15273017,41380
VH,5,-14.15,0.104824,0.978518,0.189363,0.104583,1804783,15412459,39622
VH,5,-14.10,0.104087,0.979441,0.188175,0.103860,1806486,15549134,37919
VH,5,-14.05,0.103359,0.980276,0.187002,0.103145,1808026,15684583,36379
VH,5,-14.00,0.102655,0.981113,0.185863,0.102453,1809570,15818087,34835
VH,5,-13.95,0.101972,0.981936,0.184757,0.101781,1811088,15949630,33317
VH,5,-13.90,0.101318,0.982817,0.183699,0.101139,1812712,16078522,31693
VH,5,-13.85,0.100675,0.983602,0.182655,0.100507,1814161,16205774,30244
VH,5,-13.80,0.100057,0.984335,0.181649,0.099897,1815512,16329353,28893
VH,5,-13.75,0.099460,0.985089,0.180677,0.099310,1816903,16450856,27502
VH,5,-13.70,0.098865,0.985704,0.179706,0.098723,1818037,16571059,26368
VH,5,-13.65,0.098293,0.986330,0.178771,0.098159,1819192,16688641,25213
VH,5,-13.60,0.097740,0.986962,0.177866,0.097614,1820357,16804059,24048
VH,5,-13.55,0.097208,0.987565,0.176995,0.097090,1821470,16916325,22935
VH,5,-13.50,0.096698,0.988146,0.176157,0.096586,1822542,17025273,21863
VH,5,-13.45,0.096205,0.988704,0.175348,0.096099,1823571,17131484,20834
VH,5,-13.40,0.095728,0.989253,0.174564,0.095629,1824583,17235480,19822
VH,5,-13.35,0.095267,0.989762,0.173804,0.095173,1825522,17336722,18883
VH,5,-13.30,0.094825,0.990309,0.173077,0.094737,1826531,17435580,17874
VH,5,-13.25,0.094402,0.990863,0.172381,0.094320,1827552,17531650,16853
VH,5,-13.20,0.093990,0.991344,0.171700,0.093913,1828439,17625197,15966
VH,5,-13.15,0.093597,0.991795,0.171052,0.093525,1829272,17714757,15133
VH,5,-13.10,0.093215,0.992235,0.170420,0.093147,1830084,17802891,14321
VH,5,-13.05,0.092852,0.992626,0.169818,0.092788,1830805,17886699,13600
VH,5,-13.00,0.092502,0.993026,0.169239,0.092442,1831543,17968457,12862
VH,5,-12.95,0.092165,0.993403,0.168681,0.092109,1832238,18047692,12167
VH,5,-12.90,0.091844,0.993768,0.168148,0.091791,1832911,18123841,11494
VH,5,-12.85,0.091537,0.994126,0.167638,0.091487,1833571,18197374,10834
VH,5,-12.80,0.091244,0.994455,0.167151,0.091197,1834178,18267792,10227
VH,5,-12.75,0.090962,0.994799,0.166683,0.090919,1834812,18336409,9593
VH,5,-12.70,0.090694,0.995089,0.166236,0.090653,1835348,18401419,9057
VH,5,-12.65,0.090437,0.995367,0.165810,0.090399,1835859,18463909,8546
VH,5,-12.60,0.090189,0.995618,0.165395,0.090153,1836322,18524581,8083
VH,5,-12.55,0.089954,0.995848,0.165003,0.089920,1836747,18582008,7658
VH,5,-12.50,0.089730,0.996101,0.164630,0.089699,1837213,18637651,7192
VH,5,-12.45,0.089514,0.996325,0.164270,0.089485,1837626,18691266,6779
VH,5,-12.40,0.089310,0.996539,0.163929,0.089283,1838022,18742166,6383
VH,5,-12.35,0.089115,0.996719,0.163603,0.089089,1838354,18790611,6051
VH,5,-12.30,0.088932,0.996916,0.163296,0.088907,1838716,18836908,5689
VH,5,-12.25,0.088754,0.997081,0.162999,0.088731,1839022,18881415,5383
VH,5,-12.20,0.088584,0.997231,0.162713,0.088562,1839297,18924128,5108
VH,5,-12.15,0.088425,0.997393,0.162448,0.088405,1839596,18964366,4809
VH,5,-12.10,0.088273,0.997535,0.162194,0.088254,1839859,19002939,4546
VH,5,-12.05,0.088132,0.997696,0.161958,0.088114,1840156,19039336,4249
VH,5,-12.00,0.087996,0.997830,0.161730,0.087979,1840403,19074150,4002
VH,5,-11.95,0.087869,0.997984,0.161517,0.087854,1840686,19107324,3719
VH,5,-11.90,0.087745,0.998083,0.161308,0.087730,1840869,19138989,3536
VH,5,-11.85,0.087630,0.998198,0.161117,0.087617,1841082,19168541,3323
VH,5,-11.80,0.087521,0.998315,0.160933,0.087508,1841297,19197075,3108
VH,5,-11.75,0.087417,0.998418,0.160759,0.087405,1841487,19224078,2918
VH,5,-11.70,0.087318,0.998520,0.160593,0.087307,1841676,19249934,2729
VH,5,-11.65,0.087225,0.998615,0.160436,0.087214,1841851,19274269,2554
VH,5,-11.60,0.087135,0.998701,0.160285,0.087125,1842010,19297756,2395
VH,5,-11.55,0.087050,0.998778,0.160143,0.087041,1842151,19319733,2254
VH,5,-11.50,0.086971,0.998833,0.160009,0.086962,1842252,19340215,2153
VH,5,-11.45,0.086894,0.998900,0.159879,0.086885,1842377,19360297,2028
VH,5,-11.40,0.086822,0.998976,0.159759,0.086814,1842517,19379334,1888
VH,5,-11.35,0.086753,0.999035,0.159643,0.086746,1842626,19397276,1779
VH,5,-11.30,0.086688,0.999096,0.159535,0.086682,1842738,19414273,1667
VH,5,-11.25,0.086627,0.999158,0.159431,0.086620,1842852,19430674,1553
VH,5,-11.20,0.086567,0.999196,0.159330,0.086561,1842923,19446058,1482
VH,5,-11.15,0.086509,0.999241,0.159233,0.086504,1843006,19461107,1399
VH,5,-11.10,0.086456,0.999283,0.159142,0.086450,1843083,19475188,1322
VH,5,-11.05,0.086403,0.999318,0.159054,0.086398,1843148,19488849,1257
VH,5,-11.00,0.086354,0.999350,0.158971,0.086349,1843206,19501563,1199
VH,5,-10.95,0.086308,0.999380,0.158893,0.086303,1843262,19513602,1143
VH,5,-10.90,0.086263,0.999414,0.158818,0.086259,1843325,19525344,1080
VH,5,-10.85,0.086219,0.999440,0.158743,0.086215,1843373,19536800,1032
VH,5,-10.80,0.086179,0.999477,0.158677,0.086176,1843440,19547279,965
VH,5,-10.75,0.086140,0.999500,0.158611,0.086136,1843483,19557495,922
VH,5,-10.70,0.086103,0.999528,0.158548,0.086100,1843535,19567269,870
VH,5,-10.65,0.086067,0.999554,0.158487,0.086063,1843583,19576838,822
VH,5,-10.60,0.086031,0.999573,0.158427,0.086028,1843617,19585989,788
VH,5,-10.55,0.085998,0.999594,0.158371,0.085995,1843656,19594730,749
VH,5,-10.50,0.085964,0.999605,0.158313,0.085961,1843676,19603398,729
VH,5,-10.45,0.085932,0.999616,0.158260,0.085930,1843696,19611474,709
VH,5,-10.40,0.085902,0.999628,0.158209,0.085899,1843719,19619290,686
VH,5,-10.35,0.085874,0.999649,0.158161,0.085871,1843757,19626730,648
VH,5,-10.30,0.085846,0.999668,0.158114,0.085844,1843793,19634131,612
VH,5,-10.25,0.085819,0.999678,0.158068,0.085816,1843811,19641166,594
VH,5,-10.20,0.085792,0.999690,0.158023,0.085790,1843833,19648028,572
VH,5,-10.15,0.085768,0.999705,0.157983,0.085766,1843861,19654265,544
VH,5,-10.10,0.085744,0.999713,0.157942,0.085742,1843876,19660479,529
VH,5,-10.05,0.085721,0.999725,0.157903,0.085719,1843897,19666431,508
VH,5,-10.00,0.085700,0.999740,0.157867,0.085698,1843926,19672131,479
VH,5,-9.95,0.085678,0.999748,0.157830,0.085676,1843941,19677778,464
VH,5,-9.90,0.085657,0.999762,0.157795,0.085655,1843966,19683335,439
VH,5,-9.85,0.085637,0.999768,0.157761,0.085635,1843978,19688531,427
VH,5,-9.80,0.085617,0.999779,0.157728,0.085616,1843998,19693635,407
VH,5,-9.75,0.085598,0.999789,0.157695,0.085597,1844015,19698623,390
VH,5,-9.70,0.085580,0.999792,0.157665,0.085579,1844022,19703215,383
VH,5,-9.65,0.085563,0.999802,0.157635,0.085561,1844039,19707872,366
VH,5,-9.60,0.085545,0.999809,0.157605,0.085544,1844052,19712415,353
VH,5,-9.55,0.085528,0.999811,0.157576,0.085526,1844057,19716842,348
VH,5,-9.50,0.085512,0.999823,0.157549,0.085511,1844078,19721064,327
VH,5,-9.45,0.085497,0.999829,0.157523,0.085495,1844089,19725085,316
VH,5,-9.40,0.085481,0.999837,0.157497,0.085480,1844104,19729110,301
VH,5,-9.35,0.085466,0.999843,0.157472,0.085465,1844115,19732957,290
VH,5,-9.30,0.085452,0.999848,0.157448,0.085451,1844125,19736637,280
VH,5,-9.25,0.085439,0.999856,0.157425,0.085438,1844139,19740180,266
VH,5,-9.20,0.085425,0.999866,0.157403,0.085424,1844158,19743763,247
VH,5,-9.15,0.085413,0.999869,0.157381,0.085412,1844163,19747065,242
VH,5,-9.10,0.085399,0.999871,0.157359,0.085398,1844167,19750451,238
VH,5,-9.05,0.085387,0.999877,0.157339,0.085387,1844179,19753594,226
VH,5,-9.00,0.085375,0.999879,0.157318,0.085374,1844182,19756730,223
VH,5,-8.95,0.085363,0.999885,0.157298,0.085363,1844193,19759831,212
VH,5,-8.90,0.085353,0.999888,0.157280,0.085352,1844198,19762605,207
VH,5,-8.85,0.085341,0.999890,0.157260,0.085340,1844203,19765587,202
VH,5,-8.80,0.085331,0.999892,0.157243,0.085330,1844206,19768218,199
VH,5,-8.75,0.085321,0.999897,0.157226,0.085320,1844215,19770857,190
VH,5,-8.70,0.085311,0.999902,0.157209,0.085310,1844224,19773492,181
VH,5,-8.65,0.085301,0.999906,0.157192,0.085300,1844231,19776011,174
VH,5,-8.60,0.085292,0.999906,0.157177,0.085291,1844232,19778289,173
VH,5,-8.55,0.085284,0.999910,0.157162,0.085283,1844239,19780563,166
VH,5,-8.50,0.085275,0.999912,0.157148,0.085274,1844242,19782822,163
VH,5,-8.45,0.085266,0.999913,0.157133,0.085265,1844245,19785044,160
VH,5,-8.40,0.085258,0.999914,0.157119,0.085257,1844247,19787156,158
VH,5,-8.35,0.085250,0.999917,0.157105,0.085249,1844251,19789285,154
VH,5,-8.30,0.085242,0.999919,0.157092,0.085241,1844255,19791289,150
VH,5,-8.25,0.085235,0.999922,0.157081,0.085235,1844262,19793051,143
VH,5,-8.20,0.085228,0.999924,0.157069,0.085228,1844265,19794830,140
VH,5,-8.15,0.085221,0.999925,0.157057,0.085220,1844267,19796717,138
VH,5,-8.10,0.085214,0.999926,0.157045,0.085214,1844268,19798408,137
VH,5,-8.05,0.085207,0.999926,0.157033,0.085207,1844269,19800213,136
VH,5,-8.00,0.085201,0.999927,0.157023,0.085201,1844270,19801823,135
VH,5,-7.95,0.085195,0.999929,0.157013,0.085195,1844274,19803376,131
VH,5,-7.90,0.085189,0.999930,0.157002,0.085188,1844276,19805001,129
VH,5,-7.85,0.085183,0.999931,0.156992,0.085182,1844277,19806509,128
VH,5,-7.80,0.085178,0.999931,0.156983,0.085177,1844278,19807847,127
VH,5,-7.75,0.085172,0.999932,0.156973,0.085171,1844279,19809351,126
VH,5,-7.70,0.085166,0.999933,0.156963,0.085166,1844282,19810858,123
VH,5,-7.65,0.085162,0.999933,0.156956,0.085161,1844282,19812006,123
VH,5,-7.60,0.085156,0.999935,0.156947,0.085156,1844286,19813373,119
VH,5,-7.55,0.085151,0.999935,0.156938,0.085151,1844286,19814659,119
VH,5,-7.50,0.085147,0.999937,0.156930,0.085146,1844289,19815855,116
VH,5,-7.45,0.085142,0.999937,0.156923,0.085142,1844289,19817011,116
VH,5,-7.40,0.085137,0.999940,0.156914,0.085137,1844294,19818303,111
VH,5,-7.35,0.085133,0.999941,0.156907,0.085133,1844297,19819384,108
VH,5,-7.30,0.085129,0.999943,0.156900,0.085129,1844299,19820462,106
VH,5,-7.25,0.085125,0.999945,0.156894,0.085125,1844304,19821514,101
VH,5,-7.20,0.085121,0.999946,0.156886,0.085120,1844305,19822675,100
VH,5,-7.15,0.085117,0.999947,0.156880,0.085116,1844307,19823680,98
VH,5,-7.10,0.085113,0.999947,0.156873,0.085113,1844308,19824650,97
VH,5,-7.05,0.085109,0.999947,0.156867,0.085109,1844308,19825638,97
VH,5,-7.00,0.085106,0.999947,0.156861,0.085105,1844308,19826486,97
VH,5,-6.95,0.085102,0.999947,0.156854,0.085101,1844308,19827485,97
VH,5,-6.90,0.085098,0.999950,0.156849,0.085098,1844312,19828377,93
VH,5,-6.85,0.085095,0.999950,0.156843,0.085095,1844313,19829222,92
VH,5,-6.80,0.085092,0.999951,0.156838,0.085092,1844315,19830056,90
VH,5,-6.75,0.085089,0.999951,0.156832,0.085089,1844315,19830848,90
VH,5,-6.70,0.085086,0.999952,0.156827,0.085086,1844316,19831595,89
VH,5,-6.65,0.085083,0.999952,0.156823,0.085083,1844316,19832336,89
VH,5,-6.60,0.085080,0.999952,0.156817,0.085080,1844316,19833119,89
VH,5,-6.55,0.085077,0.999952,0.156812,0.085077,1844317,19833879,88
VH,5,-6.50,0.085075,0.999953,0.156808,0.085074,1844318,19834505,87
VH,5,-6.45,0.085072,0.999954,0.156803,0.085071,1844320,19835244,85
VH,5,-6.40,0.085069,0.999954,0.156798,0.085068,1844321,19836084,84
VH,5,-6.35,0.085066,0.999956,0.156793,0.085066,1844323,19836796,82
VH,5,-6.30,0.085063,0.999956,0.156789,0.085063,1844323,19837495,82
VH,5,-6.25,0.085061,0.999957,0.156785,0.085061,1844325,19838096,80
VH,5,-6.20,0.085058,0.999957,0.156781,0.085058,1844325,19838726,80
VH,5,-6.15,0.085056,0.999958,0.156777,0.085056,1844328,19839298,77
VH,5,-6.10,0.085054,0.999960,0.156773,0.085054,1844331,19839882,74
VH,5,-6.05,0.085052,0.999962,0.156770,0.085052,1844335,19840495,70
VH,5,-6.00,0.085050,0.999963,0.156766,0.085050,1844336,19841022,69
VH,5,-5.95,0.085048,0.999964,0.156763,0.085048,1844339,19841573,66
VH,5,-5.90,0.085046,0.999964,0.156759,0.085045,1844339,19842139,66
VH,5,-5.85,0.085044,0.999966,0.156756,0.085043,1844343,19842706,62
VH,5,-5.80,0.085042,0.999966,0.156753,0.085042,1844343,19843135,62
VH,5,-5.75,0.085040,0.999967,0.156749,0.085040,1844344,19843651,61
VH,5,-5.70,0.085038,0.999967,0.156746,0.085038,1844344,19844156,61
VH,5,-5.65,0.085036,0.999968,0.156743,0.085036,1844346,19844631,59
VH,5,-5.60,0.085034,0.999969,0.156740,0.085034,1844347,19845090,58
VH,5,-5.55,0.085033,0.999970,0.156737,0.085033,1844350,19845499,55
VH,5,-5.50,0.085032,0.999972,0.156735,0.085031,1844354,19845857,51
VH,5,-5.45,0.085030,0.999973,0.156733,0.085030,1844355,19846238,50
VH,5,-5.40,0.085029,0.999973,0.156730,0.085028,1844355,19846630,50
VH,5,-5.35,0.085027,0.999973,0.156728,0.085027,1844355,19846958,50
VH,5,-5.30,0.085026,0.999973,0.156726,0.085026,1844356,19847351,49
VH,5,-5.25,0.085024,0.999973,0.156723,0.085024,1844356,19847712,49
VH,5,-5.20,0.085023,0.999973,0.156721,0.085023,1844356,19848045,49
VH,5,-5.15,0.085022,0.999973,0.156719,0.085022,1844356,19848366,49
VH,5,-5.10,0.085021,0.999973,0.156717,0.085020,1844356,19848677,49
VH,5,-5.05,0.085020,0.999974,0.156715,0.085019,1844357,19848966,48
VH,5,-5.00,0.085018,0.999974,0.156713,0.085018,1844357,19849263,48
VH,5,-4.95,0.085017,0.999974,0.156711,0.085017,1844357,19849538,48
VH,5,-4.90,0.085016,0.999974,0.156709,0.085016,1844357,19849815,48
VH,5,-4.85,0.085015,0.999975,0.156707,0.085015,1844359,19850130,46
VH,5,-4.80,0.085014,0.999976,0.156706,0.085014,1844361,19850378,44
VH,5,-4.75,0.085013,0.999976,0.156704,0.085013,1844361,19850638,44
VH,5,-4.70,0.085012,0.999979,0.156703,0.085012,1844366,19850878,39
VH,5,-4.65,0.085012,0.999979,0.156701,0.085011,1844366,19851109,39
VH,5,-4.60,0.085011,0.999979,0.156700,0.085011,1844366,19851326,39
VH,5,-4.55,0.085010,0.999979,0.156699,0.085010,1844366,19851525,39
VH,5,-4.50,0.085009,0.999979,0.156697,0.085009,1844366,19851820,39
VH,5,-4.45,0.085008,0.999979,0.156695,0.085008,1844366,19852088,39
VH,5,-4.40,0.085007,0.999979,0.156693,0.085007,1844366,19852303,39
VH,5,-4.35,0.085006,0.999979,0.156692,0.085006,1844366,19852531,39
VH,5,-4.30,0.085005,0.999981,0.156691,0.085005,1844370,19852762,35
VH,5,-4.25,0.085004,0.999981,0.156689,0.085004,1844370,19852952,35
VH,5,-4.20,0.085004,0.999981,0.156688,0.085003,1844370,19853195,35
VH,5,-4.15,0.085003,0.999981,0.156686,0.085002,1844370,19853445,35
VH,5,-4.10,0.085002,0.999983,0.156685,0.085002,1844373,19853602,32
VH,5,-4.05,0.085002,0.999985,0.156685,0.085001,1844377,19853775,28
VH,5,-4.00,0.085001,0.999985,0.156683,0.085001,1844377,19853955,28
VH,5,-3.95,0.085000,0.999985,0.156682,0.085000,1844377,19854119,28
VH,5,-3.90,0.085000,0.999985,0.156681,0.085000,1844378,19854283,27
VH,5,-3.85,0.084999,0.999985,0.156680,0.084999,1844378,19854440,27
VH,5,-3.80,0.084998,0.999985,0.156679,0.084998,1844378,19854613,27
VH,5,-3.75,0.084998,0.999986,0.156678,0.084998,1844379,19854775,26
VH,5,-3.70,0.084997,0.999986,0.156677,0.084997,1844379,19854909,26
VH,5,-3.65,0.084997,0.999986,0.156676,0.084997,1844379,19855062,26
VH,5,-3.60,0.084996,0.999986,0.156675,0.084996,1844379,19855204,26
VH,5,-3.55,0.084996,0.999986,0.156674,0.084995,1844380,19855337,25
VH,5,-3.50,0.084995,0.999986,0.156673,0.084995,1844380,19855516,25
VH,5,-3.45,0.084994,0.999986,0.156672,0.084994,1844380,19855637,25
VH,5,-3.40,0.084994,0.999986,0.156672,0.084994,1844380,19855758,25
VH,5,-3.35,0.084993,0.999987,0.156671,0.084993,1844381,19855911,24
VH,5,-3.30,0.084993,0.999987,0.156670,0.084993,1844381,19856056,24
VH,5,-3.25,0.084992,0.999987,0.156669,0.084992,1844381,19856188,24
VH,5,-3.20,0.084992,0.999987,0.156668,0.084992,1844381,19856309,24
VH,5,-3.15,0.084991,0.999987,0.156667,0.084991,1844381,19856448,24
VH,5,-3.10,0.084991,0.999987,0.156666,0.084991,1844381,19856560,24
VH,5,-3.05,0.084991,0.999987,0.156666,0.084990,1844381,19856631,24
VH,5,-3.00,0.084990,0.999987,0.156665,0.084990,1844381,19856726,24
VH,5,-2.95,0.084990,0.999988,0.156665,0.084990,1844383,19856841,22
VH,5,-2.90,0.084989,0.999988,0.156664,0.084989,1844383,19856948,22
VH,5,-2.85,0.084989,0.999988,0.156663,0.084989,1844383,19857088,22
VH,5,-2.80,0.084988,0.999988,0.156662,0.084988,1844383,19857187,22
VH,5,-2.75,0.084988,0.999988,0.156662,0.084988,1844383,19857299,22
VH,5,-2.70,0.084988,0.999988,0.156661,0.084988,1844383,19857378,22
VH,5,-2.65,0.084987,0.999988,0.156660,0.084987,1844383,19857455,22
VH,5,-2.60,0.084987,0.999988,0.156660,0.084987,1844383,19857517,22
VH,5,-2.55,0.084987,0.999989,0.156660,0.084987,1844384,19857585,21
VH,5,-2.50,0.084987,0.999989,0.156659,0.084986,1844384,19857685,21
VH,5,-2.45,0.084986,0.999989,0.156658,0.084986,1844384,19857767,21
VH,5,-2.40,0.084986,0.999989,0.156658,0.084986,1844384,19857826,21
VH,5,-2.35,0.084986,0.999989,0.156658,0.084986,1844384,19857881,21
VH,5,-2.30,0.084986,0.999989,0.156657,0.084985,1844384,19857939,21
VH,5,-2.25,0.084985,0.999989,0.156657,0.084985,1844384,19858017,21
VH,5,-2.20,0.084985,0.999989,0.156656,0.084985,1844384,19858073,21
VH,5,-2.15,0.084985,0.999989,0.156656,0.084985,1844384,19858118,21
VH,5,-2.10,0.084985,0.999989,0.156656,0.084985,1844385,19858194,20
VH,5,-2.05,0.084984,0.999990,0.156656,0.084984,1844386,19858240,19
VH,5,-2.00,0.084984,0.999990,0.156655,0.084984,1844386,19858296,19
VH,5,-1.95,0.084984,0.999990,0.156655,0.084984,1844386,19858338,19
VH,5,-1.90,0.084984,0.999990,0.156654,0.084984,1844386,19858391,19
VH,5,-1.85,0.084984,0.999990,0.156654,0.084984,1844386,19858431,19
VH,5,-1.80,0.084984,0.999990,0.156654,0.084983,1844386,19858485,19
VH,5,-1.75,0.084983,0.999990,0.156653,0.084983,1844386,19858548,19
VH,5,-1.70,0.084983,0.999990,0.156653,0.084983,1844386,19858600,19
VH,5,-1.65,0.084983,0.999990,0.156653,0.084983,1844386,19858658,19
VH,5,-1.60,0.084983,0.999990,0.156652,0.084983,1844386,19858710,19
VH,5,-1.55,0.084982,0.999990,0.156652,0.084982,1844387,19858756,18
VH,5,-1.50,0.084982,0.999990,0.156652,0.084982,1844387,19858797,18
VH,5,-1.45,0.084982,0.999990,0.156652,0.084982,1844387,19858845,18
VH,5,-1.40,0.084982,0.999990,0.156651,0.084982,1844387,19858877,18
VH,5,-1.35,0.084982,0.999991,0.156651,0.084982,1844388,19858916,17
VH,5,-1.30,0.084982,0.999991,0.156651,0.084982,1844388,19858946,17
VH,5,-1.25,0.084982,0.999991,0.156651,0.084982,1844388,19858978,17
VH,5,-1.20,0.084982,0.999991,0.156651,0.084981,1844388,19859008,17
VH,5,-1.15,0.084981,0.999991,0.156650,0.084981,1844388,19859030,17
VH,5,-1.10,0.084981,0.999991,0.156650,0.084981,1844389,19859053,16
VH,5,-1.05,0.084981,0.999991,0.156650,0.084981,1844389,19859084,16
VH,5,-1.00,0.084981,0.999991,0.156650,0.084981,1844389,19859117,16
VH,5,-0.95,0.084981,0.999991,0.156650,0.084981,1844389,19859140,16
VH,5,-0.90,0.084981,0.999992,0.156650,0.084981,1844390,19859152,15
VH,5,-0.85,0.084981,0.999992,0.156650,0.084981,1844391,19859174,14
VH,5,-0.80,0.084981,0.999992,0.156649,0.084981,1844391,19859203,14
VH,5,-0.75,0.084981,0.999992,0.156649,0.084981,1844391,19859240,14
VH,5,-0.70,0.084981,0.999992,0.156649,0.084981,1844391,19859278,14
VH,5,-0.65,0.084981,0.999992,0.156649,0.084981,1844391,19859289,14
VH,5,-0.60,0.084981,0.999993,0.156649,0.084980,1844392,19859308,13
VH,5,-0.55,0.084980,0.999993,0.156649,0.084980,1844392,19859332,13
VH,5,-0.50,0.084980,0.999993,0.156649,0.084980,1844392,19859352,13
VH,5,-0.45,0.084980,0.999993,0.156648,0.084980,1844392,19859375,13
VH,5,-0.40,0.084980,0.999993,0.156648,0.084980,1844392,19859409,13
VH,5,-0.35,0.084980,0.999993,0.156648,0.084980,1844392,19859426,13
VH,5,-0.30,0.084980,0.999993,0.156648,0.084980,1844392,19859446,13
VH,5,-0.25,0.084980,0.999993,0.156648,0.084980,1844392,19859463,13
VH,5,-0.20,0.084980,0.999993,0.156648,0.084980,1844392,19859486,13
VH,5,-0.15,0.084980,0.999993,0.156648,0.084980,1844392,19859507,13
VH,5,-0.10,0.084980,0.999993,0.156647,0.084980,1844392,19859521,13
VH,5,-0.05,0.084980,0.999993,0.156647,0.084980,1844392,19859545,13
VH,5,-0.00,0.084980,0.999993,0.156647,0.084979,1844392,19859563,13
VH,5,0.05,0.084979,0.999993,0.156647,0.084979,1844392,19859573,13
VH,5,0.10,0.084979,0.999993,0.156647,0.084979,1844392,19859589,13
VH,5,0.15,0.084979,0.999993,0.156647,0.084979,1844392,19859608,13
VH,5,0.20,0.084979,0.999993,0.156647,0.084979,1844392,19859621,13
VH,5,0.25,0.084979,0.999993,0.156647,0.084979,1844393,19859638,12
VH,5,0.30,0.084979,0.999993,0.156647,0.084979,1844393,19859652,12
VH,5,0.35,0.084979,0.999993,0.156647,0.084979,1844393,19859662,12
VH,5,0.40,0.084979,0.999993,0.156647,0.084979,1844393,19859665,12
VH,5,0.45,0.084979,0.999995,0.156647,0.084979,1844395,19859689,10
VH,5,0.50,0.084979,0.999995,0.156646,0.084979,1844395,19859708,10
VH,5,0.55,0.084979,0.999995,0.156646,0.084979,1844395,19859720,10
VH,5,0.60,0.084979,0.999995,0.156646,0.084979,1844395,19859741,10
VH,5,0.65,0.084979,0.999996,0.156646,0.084979,1844398,19859753,7
VH,5,0.70,0.084979,0.999996,0.156646,0.084979,1844398,19859765,7
VH,5,0.75,0.084979,0.999996,0.156646,0.084979,1844398,19859771,7
VH,5,0.80,0.084979,0.999996,0.156646,0.084979,1844398,19859782,7
VH,5,0.85,0.084979,0.999996,0.156646,0.084979,1844398,19859791,7
VH,5,0.90,0.084979,0.999996,0.156646,0.084979,1844398,19859797,7
VH,5,0.95,0.084979,0.999996,0.156646,0.084979,1844398,19859803,7
VH,5,1.00,0.084979,0.999996,0.156646,0.084979,1844398,19859808,7
VH,5,1.05,0.084979,0.999996,0.156646,0.084979,1844398,19859835,7
VH,5,1.10,0.084979,0.999996,0.156646,0.084979,1844398,19859839,7
VH,5,1.15,0.084979,0.999996,0.156646,0.084979,1844398,19859845,7
VH,5,1.20,0.084979,0.999996,0.156646,0.084979,1844398,19859879,7
VH,5,1.25,0.084979,0.999997,0.156646,0.084979,1844399,19859889,6
VH,5,1.30,0.084979,0.999997,0.156645,0.084978,1844399,19859897,6
VH,5,1.35,0.084978,0.999997,0.156645,0.084978,1844399,19859913,6
VH,5,1.40,0.084978,0.999997,0.156645,0.084978,1844399,19859917,6
VH,5,1.45,0.084978,0.999997,0.156645,0.084978,1844399,19859934,6
VH,5,1.50,0.084978,0.999997,0.156645,0.084978,1844399,19859947,6
VH,5,1.55,0.084978,0.999997,0.156645,0.084978,1844399,19859964,6
VH,5,1.60,0.084978,0.999997,0.156645,0.084978,1844399,19859973,6
VH,5,1.65,0.084978,0.999997,0.156645,0.084978,1844399,19859993,6
VH,5,1.70,0.084978,0.999997,0.156645,0.084978,1844399,19860004,6
VH,5,1.75,0.084978,0.999997,0.156645,0.084978,1844399,19860016,6
VH,5,1.80,0.084978,0.999997,0.156645,0.084978,1844399,19860023,6
VH,5,1.85,0.084978,0.999997,0.156645,0.084978,1844399,19860028,6
VH,5,1.90,0.084978,0.999997,0.156645,0.084978,1844399,19860038,6
VH,5,1.95,0.084978,0.999997,0.156644,0.084978,1844399,19860048,6
VH,5,2.00,0.084978,0.999997,0.156644,0.084978,1844399,19860060,6
VH,5,2.05,0.084978,0.999997,0.156644,0.084978,1844399,19860067,6
VH,5,2.10,0.084978,0.999997,0.156644,0.084978,1844399,19860070,6
VH,5,2.15,0.084978,0.999997,0.156644,0.084978,1844399,19860080,6
VH,5,2.20,0.084978,0.999997,0.156644,0.084978,1844399,19860088,6
VH,5,2.25,0.084978,0.999997,0.156644,0.084978,1844399,19860094,6
VH,5,2.30,0.084978,0.999997,0.156644,0.084978,1844399,19860097,6
VH,5,2.35,0.084978,0.999997,0.156644,0.084978,1844400,19860105,5
VH,5,2.40,0.084978,0.999997,0.156644,0.084978,1844400,19860123,5
VH,5,2.45,0.084978,0.999997,0.156644,0.084978,1844400,19860127,5
VH,5,2.50,0.084978,0.999997,0.156644,0.084978,1844400,19860131,5
VH,5,2.55,0.084978,0.999997,0.156644,0.084978,1844400,19860136,5
VH,5,2.60,0.084978,0.999997,0.156644,0.084978,1844400,19860140,5
VH,5,2.65,0.084978,0.999997,0.156644,0.084978,1844400,19860143,5
VH,5,2.70,0.084978,0.999997,0.156644,0.084978,1844400,19860145,5
VH,5,2.75,0.084978,0.999997,0.156644,0.084978,1844400,19860150,5
VH,5,2.80,0.084978,0.999997,0.156644,0.084978,1844400,19860150,5
VH,5,2.85,0.084978,0.999997,0.156644,0.084977,1844400,19860165,5
VH,5,2.90,0.084977,0.999997,0.156644,0.084977,1844400,19860174,5
VH,5,2.95,0.084977,0.999997,0.156644,0.084977,1844400,19860175,5
VH,5,3.00,0.084977,0.999997,0.156644,0.084977,1844400,19860177,5
VH,5,3.05,0.084977,0.999997,0.156644,0.084977,1844400,19860180,5
VH,5,3.10,0.084977,0.999997,0.156644,0.084977,1844400,19860182,5
VH,5,3.15,0.084977,0.999997,0.156644,0.084977,1844400,19860186,5
VH,5,3.20,0.084978,0.999998,0.156644,0.084978,1844402,19860187,3
VH,5,3.25,0.084977,0.999998,0.156644,0.084977,1844402,19860196,3
VH,5,3.30,0.084977,0.999998,0.156644,0.084977,1844402,19860197,3
VH,5,3.35,0.084977,0.999998,0.156644,0.084977,1844402,19860197,3
VH,5,3.40,0.084977,0.999998,0.156644,0.084977,1844402,19860201,3
VH,5,3.45,0.084977,0.999998,0.156644,0.084977,1844402,19860208,3
VH,5,3.50,0.084977,0.999998,0.156644,0.084977,1844402,19860212,3
VH,5,3.55,0.084977,0.999998,0.156644,0.084977,1844402,19860224,3
VH,5,3.60,0.084977,0.999998,0.156644,0.084977,1844402,19860227,3
VH,5,3.65,0.084977,0.999998,0.156644,0.084977,1844402,19860228,3
VH,5,3.70,0.084977,0.999998,0.156644,0.084977,1844402,19860228,3
VH,5,3.75,0.084977,0.999998,0.156644,0.084977,1844402,19860232,3
VH,5,3.80,0.084977,0.999998,0.156643,0.084977,1844402,19860233,3
VH,5,3.85,0.084977,0.999998,0.156643,0.084977,1844402,19860238,3
VH,5,3.90,0.084977,0.999998,0.156643,0.084977,1844402,19860242,3
VH,5,3.95,0.084977,0.999998,0.156643,0.084977,1844402,19860249,3
VH,5,4.00,0.084977,0.999998,0.156643,0.084977,1844402,19860250,3
VH,5,4.05,0.084977,0.999998,0.156643,0.084977,1844402,19860252,3
VH,5,4.10,0.084977,0.999998,0.156643,0.084977,1844402,19860253,3
VH,5,4.15,0.084977,0.999999,0.156643,0.084977,1844404,19860260,1
VH,5,4.20,0.084977,0.999999,0.156643,0.084977,1844404,19860260,1
VH,5,4.25,0.084977,0.999999,0.156643,0.084977,1844404,19860260,1
VH,5,4.30,0.084977,0.999999,0.156643,0.084977,1844404,19860262,1
VH,5,4.35,0.084977,0.999999,0.156643,0.084977,1844404,19860266,1
VH,5,4.40,0.084977,0.999999,0.156643,0.084977,1844404,19860270,1
VH,5,4.45,0.084977,0.999999,0.156643,0.084977,1844404,19860274,1
VH,5,4.50,0.084977,0.999999,0.156643,0.084977,1844404,19860283,1
VH,5,4.55,0.084977,1.000000,0.156643,0.084977,1844405,19860286,0
VH,5,4.60,0.084977,1.000000,0.156643,0.084977,1844405,19860293,0
VH,5,4.65,0.084977,1.000000,0.156643,0.084977,1844405,19860296,0
VH,5,4.70,0.084977,1.000000,0.156643,0.084977,1844405,19860296,0
VH,5,4.75,0.084977,1.000000,0.156643,0.084977,1844405,19860297,0
VH,5,4.80,0.084977,1.000000,0.156643,0.084977,1844405,19860298,0
VH,5,4.85,0.084977,1.000000,0.156643,0.084977,1844405,19860298,0
VH,5,4.90,0.084977,1.000000,0.156643,0.084977,1844405,19860298,0
VH,5,4.95,0.084977,1.000000,0.156643,0.084977,1844405,19860301,0
VH,5,5.00,0.084977,1.000000,0.156643,0.084977,1844405,19860304,0
VV+VH,1,-44.95,0.000000,0.000000,0.000000,0.000000,0,3,1844454
VV+VH,1,-44.90,0.000000,0.000000,0.000000,0.000000,0,9,1844454
VV+VH,1,-44.85,0.076923,0.000001,0.000001,0.000001,1,12,1844453
VV+VH,1,-44.80,0.066667,0.000001,0.000001,0.000001,1,14,1844453
VV+VH,1,-44.75,0.058824,0.000001,0.000001,0.000001,1,16,1844453
VV+VH,1,-44.70,0.058824,0.000001,0.000001,0.000001,1,16,1844453
VV+VH,1,-44.65,0.043478,0.000001,0.000001,0.000001,1,22,1844453
VV+VH,1,-44.60,0.035714,0.000001,0.000001,0.000001,1,27,1844453
VV+VH,1,-44.55,0.060606,0.000001,0.000002,0.000001,2,31,1844452
VV+VH,1,-44.50,0.052632,0.000001,0.000002,0.000001,2,36,1844452
VV+VH,1,-44.45,0.047619,0.000001,0.000002,0.000001,2,40,1844452
VV+VH,1,-44.40,0.045455,0.000001,0.000002,0.000001,2,42,1844452
VV+VH,1,-44.35,0.038462,0.000001,0.000002,0.000001,2,50,1844452
VV+VH,1,-44.30,0.035088,0.000001,0.000002,0.000001,2,55,1844452
VV+VH,1,-44.25,0.032258,0.000001,0.000002,0.000001,2,60,1844452
VV+VH,1,-44.20,0.029412,0.000001,0.000002,0.000001,2,66,1844452
VV+VH,1,-44.15,0.025974,0.000001,0.000002,0.000001,2,75,1844452
VV+VH,1,-44.10,0.023529,0.000001,0.000002,0.000001,2,83,1844452
VV+VH,1,-44.05,0.021978,0.000001,0.000002,0.000001,2,89,1844452
VV+VH,1,-44.00,0.019608,0.000001,0.000002,0.000001,2,100,1844452
VV+VH,1,-43.95,0.018692,0.000001,0.000002,0.000001,2,105,1844452
VV+VH,1,-43.90,0.017857,0.000001,0.000002,0.000001,2,110,1844452
VV+VH,1,-43.85,0.017241,0.000001,0.000002,0.000001,2,114,1844452
VV+VH,1,-43.80,0.016529,0.000001,0.000002,0.000001,2,119,1844452
VV+VH,1,-43.75,0.015625,0.000001,0.000002,0.000001,2,126,1844452
VV+VH,1,-43.70,0.013986,0.000001,0.000002,0.000001,2,141,1844452
VV+VH,1,-43.65,0.013423,0.000001,0.000002,0.000001,2,147,1844452
VV+VH,1,-43.60,0.018750,0.000002,0.000003,0.000002,3,157,1844451
VV+VH,1,-43.55,0.017442,0.000002,0.000003,0.000002,3,169,1844451
VV+VH,1,-43.50,0.016949,0.000002,0.000003,0.000002,3,174,1844451
VV+VH,1,-43.45,0.016304,0.000002,0.000003,0.000002,3,181,1844451
VV+VH,1,-43.40,0.015707,0.000002,0.000003,0.000002,3,188,1844451
VV+VH,1,-43.35,0.014493,0.000002,0.000003,0.000002,3,204,1844451
VV+VH,1,-43.30,0.013575,0.000002,0.000003,0.000002,3,218,1844451
VV+VH,1,-43.25,0.016736,0.000002,0.000004,0.000002,4,235,1844450
VV+VH,1,-43.20,0.016461,0.000002,0.000004,0.000002,4,239,1844450
VV+VH,1,-43.15,0.023715,0.000003,0.000007,0.000003,6,247,1844448
VV+VH,1,-43.10,0.022642,0.000003,0.000007,0.000003,6,259,1844448
VV+VH,1,-43.05,0.025830,0.000004,0.000008,0.000004,7,264,1844447
VV+VH,1,-43.00,0.024648,0.000004,0.000008,0.000004,7,277,1844447
VV+VH,1,-42.95,0.023729,0.000004,0.000008,0.000004,7,288,1844447
VV+VH,1,-42.90,0.022222,0.000004,0.000008,0.000004,7,308,1844447
VV+VH,1,-42.85,0.024615,0.000004,0.000009,0.000004,8,317,1844446
VV+VH,1,-42.80,0.023881,0.000004,0.000009,0.000004,8,327,1844446
VV+VH,1,-42.75,0.022346,0.000004,0.000009,0.000004,8,350,1844446
VV+VH,1,-42.70,0.021798,0.000004,0.000009,0.000004,8,359,1844446
VV+VH,1,-42.65,0.021053,0.000004,0.000009,0.000004,8,372,1844446
VV+VH,1,-42.60,0.020000,0.000004,0.000009,0.000004,8,392,1844446
VV+VH,1,-42.55,0.019370,0.000004,0.000009,0.000004,8,405,1844446
VV+VH,1,-42.50,0.020737,0.000005,0.000010,0.000005,9,425,1844445
VV+VH,1,-42.45,0.022676,0.000005,0.000011,0.000005,10,431,1844444
VV+VH,1,-42.40,0.025918,0.000007,0.000013,0.000007,12,451,1844442
VV+VH,1,-42.35,0.030864,0.000008,0.000016,0.000008,15,471,1844439
VV+VH,1,-42.30,0.031621,0.000009,0.000017,0.000009,16,490,1844438
VV+VH,1,-42.25,0.032567,0.000009,0.000018,0.000009,17,505,1844437
VV+VH,1,-42.20,0.035524,0.000011,0.000022,0.000011,20,543,1844434
VV+VH,1,-42.15,0.034188,0.000011,0.000022,0.000011,20,565,1844434
VV+VH,1,-42.10,0.033058,0.000011,0.000022,0.000011,20,585,1844434
VV+VH,1,-42.05,0.034976,0.000012,0.000024,0.000012,22,607,1844432
VV+VH,1,-42.00,0.035061,0.000012,0.000025,0.000012,23,633,1844431
VV+VH,1,-41.95,0.033626,0.000012,0.000025,0.000012,23,661,1844431
VV+VH,1,-41.90,0.034043,0.000013,0.000026,0.000013,24,681,1844430
VV+VH,1,-41.85,0.034483,0.000014,0.000027,0.000014,25,700,1844429
VV+VH,1,-41.80,0.036096,0.000015,0.000029,0.000015,27,721,1844427
VV+VH,1,-41.75,0.036411,0.000015,0.000030,0.000015,28,741,1844426
VV+VH,1,-41.70,0.035309,0.000015,0.000030,0.000015,28,765,1844426
VV+VH,1,-41.65,0.035842,0.000016,0.000033,0.000016,30,807,1844424
VV+VH,1,-41.60,0.034722,0.000016,0.000033,0.000016,30,834,1844424
VV+VH,1,-41.55,0.033445,0.000016,0.000033,0.000016,30,867,1844424
VV+VH,1,-41.50,0.033441,0.000017,0.000034,0.000017,31,896,1844423
VV+VH,1,-41.45,0.032666,0.000017,0.000034,0.000017,31,918,1844423
VV+VH,1,-41.40,0.032356,0.000017,0.000035,0.000017,32,957,1844422
VV+VH,1,-41.35,0.033010,0.000018,0.000037,0.000018,34,996,1844420
VV+VH,1,-41.30,0.034579,0.000020,0.000040,0.000020,37,1033,1844417
VV+VH,1,-41.25,0.036232,0.000022,0.000043,0.000022,40,1064,1844414
VV+VH,1,-41.20,0.036060,0.000022,0.000044,0.000022,41,1096,1844413
VV+VH,1,-41.15,0.036658,0.000023,0.000047,0.000023,43,1130,1844411
VV+VH,1,-41.10,0.036795,0.000024,0.000049,0.000024,45,1178,1844409
VV+VH,1,-41.05,0.038827,0.000027,0.000053,0.000027,49,1213,1844405
VV+VH,1,-41.00,0.040551,0.000029,0.000057,0.000029,53,1254,1844401
VV+VH,1,-40.95,0.039552,0.000029,0.000057,0.000029,53,1287,1844401
VV+VH,1,-40.90,0.038905,0.000029,0.000059,0.000029,54,1334,1844400
VV+VH,1,-40.85,0.037709,0.000029,0.000059,0.000029,54,1378,1844400
VV+VH,1,-40.80,0.037787,0.000030,0.000061,0.000030,56,1426,1844398
VV+VH,1,-40.75,0.040026,0.000034,0.000067,0.000034,62,1487,1844392
VV+VH,1,-40.70,0.038945,0.000034,0.000067,0.000034,62,1530,1844392
VV+VH,1,-40.65,0.040557,0.000036,0.000073,0.000036,67,1585,1844387
VV+VH,1,-40.60,0.039319,0.000036,0.000073,0.000036,67,1637,1844387
VV+VH,1,-40.55,0.040295,0.000038,0.000077,0.000038,71,1691,1844383
VV+VH,1,-40.50,0.041735,0.000041,0.000082,0.000041,76,1745,1844378
VV+VH,1,-40.45,0.040936,0.000042,0.000083,0.000042,77,1804,1844377
VV+VH,1,-40.40,0.040827,0.000043,0.000086,0.000043,79,1856,1844375
VV+VH,1,-40.35,0.040140,0.000043,0.000087,0.000043,80,1913,1844374
VV+VH,1,-40.30,0.041849,0.000047,0.000093,0.000047,86,1969,1844368
VV+VH,1,-40.25,0.041412,0.000048,0.000095,0.000048,88,2037,1844366
VV+VH,1,-40.20,0.040807,0.000048,0.000096,0.000048,89,2092,1844365
VV+VH,1,-40.15,0.040907,0.000050,0.000100,0.000050,92,2157,1844362
VV+VH,1,-40.10,0.041397,0.000052,0.000104,0.000052,96,2223,1844358
VV+VH,1,-40.05,0.041233,0.000054,0.000107,0.000054,99,2302,1844355
VV+VH,1,-40.00,0.040193,0.000054,0.000108,0.000054,100,2388,1844354
VV+VH,1,-39.95,0.040420,0.000056,0.000113,0.000056,104,2469,1844350
VV+VH,1,-39.90,0.040916,0.000059,0.000118,0.000059,109,2555,1844345
VV+VH,1,-39.85,0.040101,0.000060,0.000120,0.000060,111,2657,1844343
VV+VH,1,-39.80,0.040436,0.000062,0.000125,0.000062,115,2729,1844339
VV+VH,1,-39.75,0.040054,0.000064,0.000128,0.000064,118,2828,1844336
VV+VH,1,-39.70,0.039469,0.000066,0.000132,0.000066,122,2969,1844332
VV+VH,1,-39.65,0.039663,0.000069,0.000137,0.000069,127,3075,1844327
VV+VH,1,-39.60,0.042939,0.000077,0.000154,0.000077,142,3165,1844312
VV+VH,1,-39.55,0.043529,0.000080,0.000160,0.000080,148,3252,1844306
VV+VH,1,-39.50,0.042426,0.000081,0.000161,0.000081,149,3363,1844305
VV+VH,1,-39.45,0.042506,0.000083,0.000167,0.000083,154,3469,1844300
VV+VH,1,-39.40,0.042971,0.000088,0.000175,0.000088,162,3608,1844292
VV+VH,1,-39.35,0.042792,0.000091,0.000182,0.000091,168,3758,1844286
VV+VH,1,-39.30,0.042444,0.000094,0.000187,0.000094,173,3903,1844281
VV+VH,1,-39.25,0.042634,0.000098,0.000195,0.000097,180,4042,1844274
VV+VH,1,-39.20,0.043816,0.000104,0.000208,0.000104,192,4190,1844262
VV+VH,1,-39.15,0.044209,0.000108,0.000216,0.000108,200,4324,1844254
VV+VH,1,-39.10,0.044363,0.000112,0.000224,0.000112,207,4459,1844247
VV+VH,1,-39.05,0.045239,0.000119,0.000237,0.000118,219,4622,1844235
VV+VH,1,-39.00,0.045319,0.000124,0.000247,0.000123,228,4803,1844226
VV+VH,1,-38.95,0.045707,0.000130,0.000258,0.000129,239,4990,1844215
VV+VH,1,-38.90,0.046434,0.000137,0.000272,0.000136,252,5175,1844202
VV+VH,1,-38.85,0.046026,0.000141,0.000281,0.000141,260,5389,1844194
VV+VH,1,-38.80,0.046241,0.000146,0.000292,0.000146,270,5569,1844184
VV+VH,1,-38.75,0.046299,0.000151,0.000302,0.000151,279,5747,1844175
VV+VH,1,-38.70,0.045839,0.000156,0.000310,0.000155,287,5974,1844167
VV+VH,1,-38.65,0.047142,0.000166,0.000331,0.000165,306,6185,1844148
VV+VH,1,-38.60,0.047838,0.000175,0.000348,0.000174,322,6409,1844132
VV+VH,1,-38.55,0.049209,0.000185,0.000369,0.000185,342,6608,1844112
VV+VH,1,-38.50,0.050751,0.000198,0.000394,0.000197,365,6827,1844089
VV+VH,1,-38.45,0.049672,0.000201,0.000401,0.000200,371,7098,1844083
VV+VH,1,-38.40,0.050395,0.000211,0.000420,0.000210,389,7330,1844065
VV+VH,1,-38.35,0.050413,0.000218,0.000435,0.000218,403,7591,1844051
VV+VH,1,-38.30,0.050454,0.000226,0.000450,0.000225,417,7848,1844037
VV+VH,1,-38.25,0.050082,0.000233,0.000463,0.000232,429,8137,1844025
VV+VH,1,-38.20,0.050535,0.000243,0.000485,0.000242,449,8436,1844005
VV+VH,1,-38.15,0.050864,0.000254,0.000505,0.000253,468,8733,1843986
VV+VH,1,-38.10,0.051080,0.000264,0.000525,0.000263,487,9047,1843967
VV+VH,1,-38.05,0.050851,0.000272,0.000541,0.000271,502,9370,1843952
VV+VH,1,-38.00,0.051116,0.000283,0.000563,0.000282,522,9690,1843932
VV+VH,1,-37.95,0.052318,0.000300,0.000596,0.000298,553,10017,1843901
VV+VH,1,-37.90,0.052381,0.000310,0.000617,0.000308,572,10348,1843882
VV+VH,1,-37.85,0.052316,0.000322,0.000639,0.000320,593,10742,1843861
VV+VH,1,-37.80,0.053620,0.000340,0.000677,0.000338,628,11084,1843826
VV+VH,1,-37.75,0.054280,0.000356,0.000708,0.000354,657,11447,1843797
VV+VH,1,-37.70,0.054784,0.000372,0.000739,0.000370,686,11836,1843768
VV+VH,1,-37.65,0.054931,0.000387,0.000768,0.000384,713,12267,1843741
VV+VH,1,-37.60,0.055423,0.000402,0.000799,0.000400,742,12646,1843712
VV+VH,1,-37.55,0.055785,0.000418,0.000830,0.000415,771,13050,1843683
VV+VH,1,-37.50,0.056278,0.000436,0.000866,0.000433,805,13499,1843649
VV+VH,1,-37.45,0.057118,0.000459,0.000911,0.000456,847,13982,1843607
VV+VH,1,-37.40,0.058329,0.000485,0.000962,0.000481,895,14449,1843559
VV+VH,1,-37.35,0.060236,0.000519,0.001030,0.000515,958,14946,1843496
VV+VH,1,-37.30,0.061096,0.000547,0.001084,0.000542,1009,15506,1843445
VV+VH,1,-37.25,0.062804,0.000581,0.001151,0.000576,1071,15982,1843383
VV+VH,1,-37.20,0.063859,0.000612,0.001212,0.000606,1128,16536,1843326
VV+VH,1,-37.15,0.065538,0.000651,0.001288,0.000645,1200,17110,1843254
VV+VH,1,-37.10,0.066269,0.000680,0.001346,0.000673,1254,17669,1843200
VV+VH,1,-37.05,0.067283,0.000714,0.001413,0.000707,1317,18257,1843137
VV+VH,1,-37.00,0.068490,0.000749,0.001482,0.000742,1382,18796,1843072
VV+VH,1,-36.95,0.069428,0.000786,0.001555,0.000778,1450,19435,1843004
VV+VH,1,-36.90,0.069221,0.000809,0.001599,0.000800,1492,20062,1842962
VV+VH,1,-36.85,0.070052,0.000845,0.001670,0.000836,1559,20696,1842895
VV+VH,1,-36.80,0.071416,0.000889,0.001755,0.000878,1639,21311,1842815
VV+VH,1,-36.75,0.072343,0.000929,0.001834,0.000918,1713,21966,1842741
VV+VH,1,-36.70,0.073886,0.000979,0.001933,0.000967,1806,22637,1842648
VV+VH,1,-36.65,0.075285,0.001027,0.002027,0.001015,1895,23276,1842559
VV+VH,1,-36.60,0.076573,0.001076,0.002123,0.001062,1985,23938,1842469
VV+VH,1,-36.55,0.077417,0.001123,0.002215,0.001109,2072,24692,1842382
VV+VH,1,-36.50,0.077895,0.001166,0.002298,0.001150,2151,25463,1842303
VV+VH,1,-36.45,0.078956,0.001218,0.002399,0.001201,2247,26212,1842207
VV+VH,1,-36.40,0.081001,0.001288,0.002536,0.001270,2376,26957,1842078
VV+VH,1,-36.35,0.082649,0.001353,0.002662,0.001333,2495,27693,1841959
VV+VH,1,-36.30,0.084041,0.001416,0.002784,0.001394,2611,28457,1841843
VV+VH,1,-36.25,0.086383,0.001497,0.002944,0.001474,2762,29212,1841692
VV+VH,1,-36.20,0.087885,0.001567,0.003079,0.001542,2890,29994,1841564
VV+VH,1,-36.15,0.089257,0.001632,0.003205,0.001605,3010,30713,1841444
VV+VH,1,-36.10,0.091478,0.001720,0.003376,0.001691,3172,31503,1841282
VV+VH,1,-36.05,0.093391,0.001804,0.003540,0.001773,3328,32307,1841126
VV+VH,1,-36.00,0.095503,0.001896,0.003719,0.001863,3498,33129,1840956
VV+VH,1,-35.95,0.097749,0.001997,0.003914,0.001961,3683,33995,1840771
VV+VH,1,-35.90,0.099509,0.002087,0.004089,0.002049,3850,34840,1840604
VV+VH,1,-35.85,0.101183,0.002183,0.004274,0.002142,4027,35772,1840427
VV+VH,1,-35.80,0.102718,0.002274,0.004450,0.002230,4195,36645,1840259
VV+VH,1,-35.75,0.104358,0.002371,0.004636,0.002324,4373,37531,1840081
VV+VH,1,-35.70,0.106549,0.002486,0.004858,0.002435,4585,38447,1839869
VV+VH,1,-35.65,0.108459,0.002594,0.005066,0.002540,4784,39325,1839670
VV+VH,1,-35.60,0.110349,0.002705,0.005280,0.002647,4989,40222,1839465
VV+VH,1,-35.55,0.113156,0.002840,0.005542,0.002779,5239,41060,1839215
VV+VH,1,-35.50,0.115312,0.002963,0.005778,0.002898,5466,41936,1838988
VV+VH,1,-35.45,0.117616,0.003093,0.006027,0.003022,5704,42793,1838750
VV+VH,1,-35.40,0.119872,0.003225,0.006282,0.003151,5949,43679,1838505
VV+VH,1,-35.35,0.121659,0.003346,0.006513,0.003267,6172,44560,1838282
VV+VH,1,-35.30,0.123479,0.003473,0.006755,0.003389,6405,45466,1838049
VV+VH,1,-35.25,0.125846,0.003618,0.007035,0.003530,6674,46359,1837780
VV+VH,1,-35.20,0.127907,0.003757,0.007299,0.003663,6929,47243,1837525
VV+VH,1,-35.15,0.130215,0.003909,0.007590,0.003810,7210,48160,1837244
VV+VH,1,-35.10,0.131800,0.004038,0.007836,0.003933,7448,49062,1837006
VV+VH,1,-35.05,0.133769,0.004183,0.008112,0.004073,7715,49959,1836739
VV+VH,1,-35.00,0.135673,0.004332,0.008397,0.004216,7991,50908,1836463
VV+VH,1,-34.95,0.137788,0.004490,0.008697,0.004368,8282,51825,1836172
VV+VH,1,-34.90,0.140069,0.004661,0.009022,0.004531,8597,52780,1835857
VV+VH,1,-34.85,0.141880,0.004814,0.009313,0.004678,8880,53708,1835574
VV+VH,1,-34.80,0.143680,0.004977,0.009621,0.004834,9180,54712,1835274
VV+VH,1,-34.75,0.146513,0.005174,0.009996,0.005023,9544,55597,1834910
VV+VH,1,-34.70,0.149081,0.005363,0.010354,0.005204,9892,56461,1834562
VV+VH,1,-34.65,0.151293,0.005549,0.010705,0.005382,10235,57415,1834219
VV+VH,1,-34.60,0.153256,0.005725,0.011037,0.005549,10559,58339,1833895
VV+VH,1,-34.55,0.155631,0.005920,0.011407,0.005736,10920,59246,1833534
VV+VH,1,-34.50,0.157767,0.006111,0.011767,0.005918,11272,60175,1833182
VV+VH,1,-34.45,0.159938,0.006306,0.012133,0.006104,11631,61091,1832823
VV+VH,1,-34.40,0.162041,0.006499,0.012497,0.006288,11987,61988,1832467
VV+VH,1,-34.35,0.164158,0.006700,0.012875,0.006479,12358,62923,1832096
VV+VH,1,-34.30,0.166199,0.006906,0.013261,0.006675,12738,63905,1831716
VV+VH,1,-34.25,0.168185,0.007109,0.013641,0.006867,13112,64850,1831342
VV+VH,1,-34.20,0.170468,0.007334,0.014064,0.007082,13528,65830,1830926
VV+VH,1,-34.15,0.171920,0.007520,0.014410,0.007257,13871,66812,1830583
VV+VH,1,-34.10,0.173881,0.007738,0.014817,0.007464,14273,67812,1830181
VV+VH,1,-34.05,0.175524,0.007942,0.015196,0.007656,14648,68805,1829806
VV+VH,1,-34.00,0.177146,0.008144,0.015573,0.007848,15022,69778,1829432
VV+VH,1,-33.95,0.179263,0.008381,0.016013,0.008071,15458,70773,1828996
VV+VH,1,-33.90,0.180907,0.008594,0.016409,0.008273,15852,71773,1828602
VV+VH,1,-33.85,0.182659,0.008812,0.016813,0.008478,16253,72727,1828201
VV+VH,1,-33.80,0.184555,0.009049,0.017253,0.008701,16691,73748,1827763
VV+VH,1,-33.75,0.185965,0.009264,0.017649,0.008903,17087,74796,1827367
VV+VH,1,-33.70,0.187458,0.009481,0.018050,0.009107,17488,75802,1826966
VV+VH,1,-33.65,0.189127,0.009717,0.018485,0.009329,17923,76844,1826531
VV+VH,1,-33.60,0.190678,0.009949,0.018912,0.009546,18351,77890,1826103
VV+VH,1,-33.55,0.192051,0.010170,0.019318,0.009753,18759,78918,1825695
VV+VH,1,-33.50,0.193543,0.010400,0.019740,0.009968,19183,79932,1825271
VV+VH,1,-33.45,0.195069,0.010637,0.020174,0.010190,19620,80960,1824834
VV+VH,1,-33.40,0.196404,0.010875,0.020608,0.010412,20058,82068,1824396
VV+VH,1,-33.35,0.197445,0.011101,0.021020,0.010622,20475,83225,1823979
VV+VH,1,-33.30,0.199137,0.011362,0.021497,0.010865,20956,84278,1823498
VV+VH,1,-33.25,0.200307,0.011594,0.021919,0.011081,21384,85372,1823070
VV+VH,1,-33.20,0.201868,0.011862,0.022406,0.011330,21878,86500,1822576
VV+VH,1,-33.15,0.203326,0.012123,0.022882,0.011574,22361,87615,1822093
VV+VH,1,-33.10,0.204584,0.012380,0.023348,0.011812,22835,88782,1821619
VV+VH,1,-33.05,0.206115,0.012656,0.023848,0.012068,23344,89913,1821110
VV+VH,1,-33.00,0.206986,0.012895,0.024278,0.012288,23785,91126,1820669
VV+VH,1,-32.95,0.208280,0.013163,0.024761,0.012535,24278,92286,1820176
VV+VH,1,-32.90,0.209442,0.013434,0.025248,0.012785,24778,93527,1819676
VV+VH,1,-32.85,0.210608,0.013698,0.025723,0.013029,25265,94697,1819189
VV+VH,1,-32.80,0.211842,0.013981,0.026231,0.013290,25788,95944,1818666
VV+VH,1,-32.75,0.212887,0.014250,0.026712,0.013537,26283,97177,1818171
VV+VH,1,-32.70,0.213710,0.014507,0.027170,0.013772,26758,98449,1817696
VV+VH,1,-32.65,0.215038,0.014798,0.027691,0.014040,27295,99636,1817159
VV+VH,1,-32.60,0.215850,0.015061,0.028157,0.014280,27779,100917,1816675
VV+VH,1,-32.55,0.216931,0.015347,0.028665,0.014541,28306,102178,1816148
VV+VH,1,-32.50,0.218102,0.015640,0.029187,0.014810,28847,103417,1815607
VV+VH,1,-32.45,0.219234,0.015944,0.029726,0.015087,29408,104732,1815046
VV+VH,1,-32.40,0.219977,0.016232,0.030234,0.015349,29940,106165,1814514
VV+VH,1,-32.35,0.220925,0.016524,0.030747,0.015614,30477,107475,1813977
VV+VH,1,-32.30,0.221932,0.016820,0.031269,0.015883,31023,108763,1813431
VV+VH,1,-32.25,0.223147,0.017148,0.031848,0.016182,31628,110108,1812826
VV+VH,1,-32.20,0.224248,0.017462,0.032401,0.016467,32208,111419,1812246
VV+VH,1,-32.15,0.225180,0.017772,0.032943,0.016748,32779,112789,1811675
VV+VH,1,-32.10,0.226380,0.018126,0.033565,0.017069,33433,114252,1811021
VV+VH,1,-32.05,0.227455,0.018469,0.034165,0.017379,34066,115704,1810388
VV+VH,1,-32.00,0.228387,0.018806,0.034751,0.017683,34687,117191,1809767
VV+VH,1,-31.95,0.229560,0.019173,0.035390,0.018014,35363,118684,1809091
VV+VH,1,-31.90,0.230678,0.019524,0.036002,0.018331,36012,120102,1808442
VV+VH,1,-31.85,0.231851,0.019892,0.036640,0.018662,36689,121555,1807765
VV+VH,1,-31.80,0.232849,0.020255,0.037269,0.018988,37360,123087,1807094
VV+VH,1,-31.75,0.233999,0.020628,0.037913,0.019323,38047,124548,1806407
VV+VH,1,-31.70,0.234834,0.020981,0.038521,0.019639,38699,126094,1805755
VV+VH,1,-31.65,0.235935,0.021373,0.039195,0.019989,39421,127663,1805033
VV+VH,1,-31.60,0.237168,0.021785,0.039905,0.020359,40182,129242,1804272
VV+VH,1,-31.55,0.238201,0.022184,0.040589,0.020715,40918,130861,1803536
VV+VH,1,-31.50,0.239216,0.022590,0.041281,0.021076,41666,132511,1802788
VV+VH,1,-31.45,0.240347,0.023024,0.042022,0.021462,42466,134220,1801988
VV+VH,1,-31.40,0.241307,0.023428,0.042710,0.021821,43212,135863,1801242
VV+VH,1,-31.35,0.242271,0.023846,0.043419,0.022191,43983,137562,1800471
VV+VH,1,-31.30,0.243310,0.024283,0.044158,0.022578,44788,139290,1799666
VV+VH,1,-31.25,0.244368,0.024734,0.044921,0.022976,45620,141066,1798834
VV+VH,1,-31.20,0.245748,0.025227,0.045757,0.023414,46530,142810,1797924
VV+VH,1,-31.15,0.246852,0.025700,0.046553,0.023831,47402,144624,1797052
VV+VH,1,-31.10,0.248318,0.026190,0.047383,0.024267,48307,146230,1796147
VV+VH,1,-31.05,0.249821,0.026713,0.048265,0.024729,49271,147954,1795183
VV+VH,1,-31.00,0.250792,0.027185,0.049052,0.025143,50141,149790,1794313
VV+VH,1,-30.95,0.252095,0.027705,0.049924,0.025601,51101,151604,1793353
VV+VH,1,-30.90,0.253388,0.028232,0.050803,0.026064,52072,153431,1792382
VV+VH,1,-30.85,0.254464,0.028732,0.051633,0.026501,52994,155263,1791460
VV+VH,1,-30.80,0.255725,0.029279,0.052542,0.026980,54003,157173,1790451
VV+VH,1,-30.75,0.256929,0.029822,0.053442,0.027454,55006,159084,1789448
VV+VH,1,-30.70,0.258015,0.030371,0.054345,0.027932,56018,161093,1788436
VV+VH,1,-30.65,0.259208,0.030940,0.055282,0.028427,57068,163095,1787386
VV+VH,1,-30.60,0.260660,0.031532,0.056259,0.028944,58160,164966,1786294
VV+VH,1,-30.55,0.261668,0.032086,0.057163,0.029423,59182,166990,1785272
VV+VH,1,-30.50,0.262958,0.032687,0.058146,0.029943,60289,168983,1784165
VV+VH,1,-30.45,0.264209,0.033297,0.059140,0.030471,61414,171031,1783040
VV+VH,1,-30.40,0.265629,0.033928,0.060171,0.031019,62579,173009,1781875
VV+VH,1,-30.35,0.266824,0.034544,0.061169,0.031549,63715,175075,1780739
VV+VH,1,-30.30,0.268124,0.035190,0.062215,0.032106,64907,177171,1779547
VV+VH,1,-30.25,0.269298,0.035836,0.063254,0.032660,66097,179345,1778357
VV+VH,1,-30.20,0.270690,0.036508,0.064338,0.033238,67337,181424,1777117
VV+VH,1,-30.15,0.272223,0.037225,0.065494,0.033856,68660,183560,1775794
VV+VH,1,-30.10,0.273552,0.037922,0.066610,0.034452,69945,185747,1774509
VV+VH,1,-30.05,0.274972,0.038661,0.067790,0.035084,71308,188020,1773146
VV+VH,1,-30.00,0.276356,0.039413,0.068988,0.035726,72696,190356,1771758
VV+VH,1,-29.95,0.277737,0.040143,0.070147,0.036349,74042,192548,1770412
VV+VH,1,-29.90,0.279332,0.040934,0.071404,0.037024,75500,194788,1768954
VV+VH,1,-29.85,0.280737,0.041707,0.072625,0.037681,76927,197091,1767527
VV+VH,1,-29.80,0.282593,0.042581,0.074010,0.038427,78538,199381,1765916
VV+VH,1,-29.75,0.284138,0.043397,0.075294,0.039119,80043,201662,1764411
VV+VH,1,-29.70,0.285322,0.044171,0.076499,0.039771,81471,204070,1762983
VV+VH,1,-29.65,0.286785,0.044986,0.077772,0.040459,82974,206351,1761480
VV+VH,1,-29.60,0.288570,0.045895,0.079194,0.041230,84651,208695,1759803
VV+VH,1,-29.55,0.290123,0.046793,0.080588,0.041986,86307,211177,1758147
VV+VH,1,-29.50,0.291495,0.047657,0.081921,0.042710,87901,213651,1756553
VV+VH,1,-29.45,0.293210,0.048605,0.083387,0.043508,89650,216104,1754804
VV+VH,1,-29.40,0.294969,0.049560,0.084862,0.044311,91411,218489,1753043
VV+VH,1,-29.35,0.296937,0.050570,0.086422,0.045162,93274,220847,1751180
VV+VH,1,-29.30,0.298503,0.051529,0.087886,0.045963,95042,223353,1749412
VV+VH,1,-29.25,0.300097,0.052498,0.089364,0.046772,96831,225835,1747623
VV+VH,1,-29.20,0.301662,0.053476,0.090847,0.047585,98634,228335,1745820
VV+VH,1,-29.15,0.303299,0.054489,0.092382,0.048428,100503,230863,1743951
VV+VH,1,-29.10,0.305233,0.055589,0.094050,0.049346,102532,233382,1741922
VV+VH,1,-29.05,0.307032,0.056662,0.095669,0.050238,104511,235880,1739943
VV+VH,1,-29.00,0.308888,0.057751,0.097309,0.051143,106519,238328,1737935
VV+VH,1,-28.95,0.310798,0.058875,0.098997,0.052076,108592,240805,1735862
VV+VH,1,-28.90,0.312647,0.060034,0.100727,0.053034,110730,243439,1733724
VV+VH,1,-28.85,0.314317,0.061171,0.102411,0.053969,112827,246132,1731627
VV+VH,1,-28.80,0.316207,0.062351,0.104163,0.054943,115004,248694,1729450
VV+VH,1,-28.75,0.317980,0.063513,0.105878,0.055898,117147,251263,1727307
VV+VH,1,-28.70,0.320084,0.064793,0.107771,0.056954,119508,253857,1724946
VV+VH,1,-28.65,0.321983,0.066047,0.109610,0.057983,121821,256525,1722633
VV+VH,1,-28.60,0.323959,0.067332,0.111491,0.059036,124190,259161,1720264
VV+VH,1,-28.55,0.325800,0.068595,0.113330,0.060069,126521,261818,1717933
VV+VH,1,-28.50,0.327588,0.069879,0.115187,0.061113,128888,264558,1715566
VV+VH,1,-28.45,0.329439,0.071213,0.117111,0.062198,131350,267358,1713104
VV+VH,1,-28.40,0.331430,0.072584,0.119088,0.063314,133878,270062,1710576
VV+VH,1,-28.35,0.333302,0.073974,0.121076,0.064439,136442,272923,1708012
VV+VH,1,-28.30,0.335127,0.075341,0.123024,0.065544,138963,275695,1705491
VV+VH,1,-28.25,0.337006,0.076763,0.125043,0.066691,141585,278541,1702869
VV+VH,1,-28.20,0.339184,0.078251,0.127164,0.067899,144330,281191,1700124
VV+VH,1,-28.15,0.341067,0.079744,0.129266,0.069099,147085,284164,1697369
VV+VH,1,-28.10,0.343040,0.081240,0.131368,0.070302,149843,286966,1694611
VV+VH,1,-28.05,0.345103,0.082777,0.133527,0.071540,152679,289737,1691775
VV+VH,1,-28.00,0.347086,0.084304,0.135657,0.072764,155494,292504,1688960
VV+VH,1,-27.95,0.349183,0.085920,0.137906,0.074060,158475,295370,1685979
VV+VH,1,-27.90,0.351217,0.087539,0.140147,0.075354,161462,298259,1682992
VV+VH,1,-27.85,0.353222,0.089158,0.142378,0.076645,164448,301117,1680006
VV+VH,1,-27.80,0.355222,0.090779,0.144604,0.077937,167438,303924,1677016
VV+VH,1,-27.75,0.357314,0.092470,0.146918,0.079283,170556,306772,1673898
VV+VH,1,-27.70,0.359438,0.094225,0.149309,0.080677,173793,309720,1670661
VV+VH,1,-27.65,0.361321,0.095906,0.151579,0.082005,176895,312683,1667559
VV+VH,1,-27.60,0.363443,0.097684,0.153981,0.083413,180173,315566,1664281
VV+VH,1,-27.55,0.365600,0.099500,0.156427,0.084850,183523,318454,1660931
VV+VH,1,-27.50,0.367766,0.101363,0.158923,0.086321,186959,321405,1657495
VV+VH,1,-27.45,0.369966,0.103246,0.161440,0.087808,190433,324298,1654021
VV+VH,1,-27.40,0.372123,0.105132,0.163947,0.089293,193912,327185,1650542
VV+VH,1,-27.35,0.374086,0.106976,0.166375,0.090736,197313,330141,1647141
VV+VH,1,-27.30,0.376255,0.108927,0.168944,0.092266,200910,333063,1643544
VV+VH,1,-27.25,0.378370,0.110863,0.171481,0.093781,204481,335945,1639973
VV+VH,1,-27.20,0.380554,0.112849,0.174077,0.095336,208144,338806,1636310
VV+VH,1,-27.15,0.382874,0.114923,0.176784,0.096962,211971,341660,1632483
VV+VH,1,-27.10,0.385134,0.117019,0.179499,0.098599,215836,344582,1628618
VV+VH,1,-27.05,0.387326,0.119101,0.182182,0.100220,219676,347485,1624778
VV+VH,1,-27.00,0.389453,0.121228,0.184900,0.101868,223599,350537,1620855
VV+VH,1,-26.95,0.391596,0.123330,0.187583,0.103499,227477,353420,1616977
VV+VH,1,-26.90,0.393920,0.125568,0.190433,0.105237,231605,356345,1612849
VV+VH,1,-26.85,0.396133,0.127776,0.193226,0.106945,235677,359267,1608777
VV+VH,1,-26.80,0.398349,0.130004,0.196031,0.108667,239786,362163,1604668
VV+VH,1,-26.75,0.400497,0.132272,0.198865,0.110411,243969,365197,1600485
VV+VH,1,-26.70,0.402596,0.134509,0.201647,0.112128,248095,368143,1596359
VV+VH,1,-26.65,0.404657,0.136756,0.204425,0.113849,252240,371103,1592214
VV+VH,1,-26.60,0.406836,0.139095,0.207311,0.115643,256554,374054,1587900
VV+VH,1,-26.55,0.409087,0.141510,0.210280,0.117493,261008,377017,1583446
VV+VH,1,-26.50,0.411201,0.143878,0.213169,0.119300,265377,379994,1579077
VV+VH,1,-26.45,0.413398,0.146296,0.216113,0.121147,269837,382892,1574617
VV+VH,1,-26.40,0.415623,0.148770,0.219110,0.123034,274399,385812,1570055
VV+VH,1,-26.35,0.417754,0.151226,0.222065,0.124900,278929,388759,1565525
VV+VH,1,-26.30,0.419863,0.153743,0.225070,0.126805,283571,391819,1560883
VV+VH,1,-26.25,0.422026,0.156283,0.228098,0.128730,288257,394775,1556197
VV+VH,1,-26.20,0.424017,0.158755,0.231016,0.130593,292817,397762,1551637
VV+VH,1,-26.15,0.426032,0.161265,0.233966,0.132481,297445,400730,1547009
VV+VH,1,-26.10,0.428031,0.163788,0.236918,0.134377,302099,403689,1542355
VV+VH,1,-26.05,0.430029,0.166375,0.239925,0.136315,306871,406734,1537583
VV+VH,1,-26.00,0.432017,0.168971,0.242928,0.138257,311660,409747,1532794
VV+VH,1,-25.95,0.434100,0.171651,0.246021,0.140264,316602,412727,1527852
VV+VH,1,-25.90,0.436047,0.174284,0.249032,0.142226,321459,415752,1522995
VV+VH,1,-25.85,0.438003,0.176913,0.252029,0.144184,326308,418683,1518146
VV+VH,1,-25.80,0.439886,0.179602,0.255063,0.146173,331267,421808,1513187
VV+VH,1,-25.75,0.441918,0.182328,0.258148,0.148203,336295,424695,1508159
VV+VH,1,-25.70,0.443969,0.185138,0.261309,0.150291,341479,427671,1502975
VV+VH,1,-25.65,0.445940,0.187913,0.264408,0.152345,346597,430631,1497857
VV+VH,1,-25.60,0.447807,0.190639,0.267429,0.154354,351625,433591,1492829
VV+VH,1,-25.55,0.449560,0.193333,0.270387,0.156328,356594,436612,1487860
VV+VH,1,-25.50,0.451452,0.196144,0.273472,0.158394,361779,439588,1482675
VV+VH,1,-25.45,0.453216,0.198889,0.276458,0.160401,366842,442577,1477612
VV+VH,1,-25.40,0.455157,0.201761,0.279587,0.162512,372139,445467,1472315
VV+VH,1,-25.35,0.456952,0.204613,0.282658,0.164591,377400,448508,1467054
VV+VH,1,-25.30,0.458759,0.207485,0.285738,0.166683,382696,451502,1461758
VV+VH,1,-25.25,0.460421,0.210277,0.288703,0.168704,387847,454527,1456607
VV+VH,1,-25.20,0.462212,0.213174,0.291778,0.170808,393189,457479,1451265
VV+VH,1,-25.15,0.463833,0.215993,0.294736,0.172839,398389,460518,1446065
VV+VH,1,-25.10,0.465363,0.218770,0.297625,0.174829,403511,463578,1440943
VV+VH,1,-25.05,0.466839,0.221512,0.300458,0.176788,408568,466611,1435886
VV+VH,1,-25.00,0.468440,0.224422,0.303461,0.178871,413936,469711,1430518
VV+VH,1,-24.95,0.469949,0.227268,0.306373,0.180898,419185,472794,1425269
VV+VH,1,-24.90,0.471450,0.230105,0.309264,0.182917,424418,475822,1420036
VV+VH,1,-24.85,0.472884,0.232906,0.312097,0.184902,429584,478850,1414870
VV+VH,1,-24.80,0.474277,0.235743,0.314942,0.186903,434818,481983,1409636
VV+VH,1,-24.75,0.475659,0.238570,0.317764,0.188894,440032,485068,1404422
VV+VH,1,-24.70,0.477056,0.241437,0.320613,0.190911,445320,488155,1399134
VV+VH,1,-24.65,0.478403,0.244315,0.323449,0.192925,450628,491315,1393826
VV+VH,1,-24.60,0.479771,0.247194,0.326279,0.194942,455938,494386,1388516
VV+VH,1,-24.55,0.481087,0.250083,0.329094,0.196955,461267,497535,1383187
VV+VH,1,-24.50,0.482315,0.252944,0.331853,0.198935,466544,500757,1377910
VV+VH,1,-24.45,0.483609,0.255844,0.334649,0.200948,471893,503881,1372561
VV+VH,1,-24.40,0.484786,0.258707,0.337374,0.202916,477173,507123,1367281
VV+VH,1,-24.35,0.486067,0.261628,0.340162,0.204937,482561,510225,1361893
VV+VH,1,-24.30,0.487224,0.264519,0.342883,0.206915,487893,513480,1356561
VV+VH,1,-24.25,0.488396,0.267446,0.345626,0.208917,493291,516732,1351163
VV+VH,1,-24.20,0.489472,0.270311,0.348283,0.210861,498576,520024,1345878
VV+VH,1,-24.15,0.490567,0.273197,0.350950,0.212819,503899,523277,1340555
VV+VH,1,-24.10,0.491534,0.276039,0.353536,0.214725,509141,526680,1335313
VV+VH,1,-24.05,0.492578,0.278922,0.356166,0.216668,514459,529962,1329995
VV+VH,1,-24.00,0.493485,0.281683,0.358649,0.218508,519552,533270,1324902
VV+VH,1,-23.95,0.494408,0.284539,0.361202,0.220406,524820,536692,1319634
VV+VH,1,-23.90,0.495194,0.287326,0.363651,0.222233,529960,540246,1314494
VV+VH,1,-23.85,0.496032,0.290203,0.366176,0.224122,535267,543830,1309187
VV+VH,1,-23.80,0.496783,0.292954,0.368564,0.225914,540340,547339,1304114
VV+VH,1,-23.75,0.497458,0.295697,0.370916,0.227684,545400,550975,1299054
VV+VH,1,-23.70,0.498181,0.298489,0.373308,0.229489,550549,554569,1293905
VV+VH,1,-23.65,0.498874,0.301280,0.375680,0.231284,555697,558205,1288757
VV+VH,1,-23.60,0.499524,0.304082,0.378037,0.233074,560866,561936,1283588
VV+VH,1,-23.55,0.500184,0.306877,0.380380,0.234858,566021,565604,1278433
VV+VH,1,-23.50,0.500689,0.309608,0.382618,0.236566,571057,569485,1273397
VV+VH,1,-23.45,0.501186,0.312337,0.384842,0.238269,576091,573364,1268363
VV+VH,1,-23.40,0.501652,0.315040,0.387025,0.239945,581076,577249,1263378
VV+VH,1,-23.35,0.502064,0.317735,0.389176,0.241601,586047,581229,1258407
VV+VH,1,-23.30,0.502491,0.320473,0.391353,0.243281,591098,585237,1253356
VV+VH,1,-23.25,0.502910,0.323213,0.393518,0.244956,596152,589254,1248302
VV+VH,1,-23.20,0.503269,0.325899,0.395613,0.246582,601105,593295,1243349
VV+VH,1,-23.15,0.503561,0.328580,0.397673,0.248185,606051,597479,1238403
VV+VH,1,-23.10,0.503775,0.331230,0.399675,0.249746,610938,601781,1233516
VV+VH,1,-23.05,0.504026,0.333947,0.401727,0.251350,615950,606109,1228504
VV+VH,1,-23.00,0.504199,0.336621,0.403711,0.252906,620882,610540,1223572
VV+VH,1,-22.95,0.504338,0.339299,0.405676,0.254450,625822,615056,1218632
VV+VH,1,-22.90,0.504459,0.341979,0.407624,0.255985,630764,619612,1213690
VV+VH,1,-22.85,0.504486,0.344555,0.409457,0.257433,635515,624212,1208939
VV+VH,1,-22.80,0.504516,0.347224,0.411346,0.258927,640438,628972,1204016
VV+VH,1,-22.75,0.504520,0.349881,0.413206,0.260403,645339,633776,1199115
VV+VH,1,-22.70,0.504415,0.352459,0.414963,0.261801,650095,638715,1194359
VV+VH,1,-22.65,0.504318,0.355083,0.416743,0.263219,654935,643720,1189519
VV+VH,1,-22.60,0.504153,0.357605,0.418418,0.264557,659586,648720,1184868
VV+VH,1,-22.55,0.504033,0.360227,0.420166,0.265956,664423,653791,1180031
VV+VH,1,-22.50,0.503792,0.362829,0.421846,0.267303,669221,659147,1175233
VV+VH,1,-22.45,0.503567,0.365466,0.423544,0.268668,674086,664536,1170368
VV+VH,1,-22.40,0.503292,0.368053,0.425178,0.269984,678857,669976,1165597
VV+VH,1,-22.35,0.503032,0.370697,0.426843,0.271329,683734,675491,1160720
VV+VH,1,-22.30,0.502659,0.373286,0.428418,0.272603,688508,681225,1155946
VV+VH,1,-22.25,0.502267,0.375846,0.429956,0.273849,693230,686973,1151224
VV+VH,1,-22.20,0.501813,0.378418,0.431467,0.275077,697975,692931,1146479
VV+VH,1,-22.15,0.501403,0.381034,0.433009,0.276332,702800,698868,1141654
VV+VH,1,-22.10,0.500992,0.383658,0.434543,0.277583,707639,704838,1136815
VV+VH,1,-22.05,0.500403,0.386223,0.435961,0.278740,712371,711225,1132083
VV+VH,1,-22.00,0.499816,0.388839,0.437398,0.279916,717195,717722,1127259
VV+VH,1,-21.95,0.499214,0.391414,0.438790,0.281058,721946,724219,1122508
VV+VH,1,-21.90,0.498601,0.393982,0.440160,0.282183,726681,730759,1117773
VV+VH,1,-21.85,0.497946,0.396527,0.441487,0.283274,731375,737408,1113079
VV+VH,1,-21.80,0.497305,0.399105,0.442826,0.284378,736130,744108,1108324
VV+VH,1,-21.75,0.496484,0.401601,0.444030,0.285372,740734,751226,1103720
VV+VH,1,-21.70,0.495769,0.404188,0.445319,0.286437,745506,758231,1098948
VV+VH,1,-21.65,0.495083,0.406898,0.446680,0.287565,750505,765412,1093949
VV+VH,1,-21.60,0.494274,0.409479,0.447899,0.288576,755266,772765,1089188
VV+VH,1,-21.55,0.493445,0.412091,0.449113,0.289585,760082,780275,1084372
VV+VH,1,-21.50,0.492607,0.414703,0.450311,0.290581,764901,787860,1079553
VV+VH,1,-21.45,0.491623,0.417200,0.451364,0.291459,769507,795732,1074947
VV+VH,1,-21.40,0.490588,0.419741,0.452408,0.292330,774193,803899,1070261
VV+VH,1,-21.35,0.489531,0.422355,0.453469,0.293216,779014,812334,1065440
VV+VH,1,-21.30,0.488425,0.424922,0.454466,0.294051,783750,820896,1060704
VV+VH,1,-21.25,0.487378,0.427546,0.455506,0.294922,788589,829434,1055865
VV+VH,1,-21.20,0.486309,0.430205,0.456540,0.295790,793493,838172,1050961
VV+VH,1,-21.15,0.485139,0.432768,0.457459,0.296562,798220,847124,1046234
VV+VH,1,-21.10,0.484026,0.435401,0.458428,0.297377,803078,856085,1041376
VV+VH,1,-21.05,0.482793,0.438059,0.459340,0.298145,807980,865573,1036474
VV+VH,1,-21.00,0.481581,0.440649,0.460206,0.298875,812756,874928,1031698
VV+VH,1,-20.95,0.480386,0.443318,0.461108,0.299637,817679,884449,1026775
VV+VH,1,-20.90,0.479055,0.445908,0.461888,0.300295,822457,894376,1021997
VV+VH,1,-20.85,0.477716,0.448492,0.462643,0.300934,827223,904399,1017231
VV+VH,1,-20.80,0.476322,0.451100,0.463368,0.301548,832034,914756,1012420
VV+VH,1,-20.75,0.474933,0.453742,0.464096,0.302165,836906,925249,1007548
VV+VH,1,-20.70,0.473550,0.456348,0.464790,0.302753,841712,935738,1002742
VV+VH,1,-20.65,0.472083,0.458977,0.465438,0.303303,846562,946687,997892
VV+VH,1,-20.60,0.470608,0.461646,0.466084,0.303852,851485,957844,992969
VV+VH,1,-20.55,0.469094,0.464290,0.466680,0.304359,856362,969203,988092
VV+VH,1,-20.50,0.467584,0.466901,0.467242,0.304838,861177,980581,983277
VV+VH,1,-20.45,0.466054,0.469586,0.467813,0.305324,866130,992303,978324
VV+VH,1,-20.40,0.464536,0.472317,0.468394,0.305819,871167,1004180,973287
VV+VH,1,-20.35,0.462944,0.475012,0.468900,0.306251,876137,1016395,968317
VV+VH,1,-20.30,0.461343,0.477744,0.469400,0.306677,881177,1028849,963277
VV+VH,1,-20.25,0.459643,0.480407,0.469796,0.307015,886089,1041689,958365
VV+VH,1,-20.20,0.457914,0.483048,0.470145,0.307314,890960,1054732,953494
VV+VH,1,-20.15,0.456242,0.485740,0.470529,0.307642,895925,1067781,948529
VV+VH,1,-20.10,0.454558,0.488435,0.470888,0.307949,900895,1081018,943559
VV+VH,1,-20.05,0.452867,0.491177,0.471245,0.308254,905954,1094532,938500
VV+VH,1,-20.00,0.451128,0.493915,0.471553,0.308518,911004,1108388,933450
VV+VH,1,-19.95,0.449373,0.496617,0.471815,0.308742,915987,1122379,928467
VV+VH,1,-19.90,0.447615,0.499358,0.472073,0.308963,921043,1136627,923411
VV+VH,1,-19.85,0.445790,0.502116,0.472280,0.309140,926130,1151372,918324
VV+VH,1,-19.80,0.443949,0.504802,0.472424,0.309264,931084,1166191,913370
VV+VH,1,-19.75,0.442109,0.507565,0.472581,0.309399,936180,1181351,908274
VV+VH,1,-19.70,0.440233,0.510297,0.472683,0.309486,941220,1196786,903234
VV+VH,1,-19.65,0.438360,0.513093,0.472792,0.309579,946376,1212524,898078
VV+VH,1,-19.60,0.436380,0.515791,0.472774,0.309564,951353,1228747,893101
VV+VH,1,-19.55,0.434473,0.518487,0.472776,0.309566,956325,1244791,888129
VV+VH,1,-19.50,0.432508,0.521235,0.472744,0.309539,961394,1261440,883060
VV+VH,1,-19.45,0.430529,0.524009,0.472692,0.309493,966511,1278429,877943
VV+VH,1,-19.40,0.428561,0.526752,0.472610,0.309423,971569,1295482,872885
VV+VH,1,-19.35,0.426572,0.529583,0.472528,0.309353,976791,1313071,867663
VV+VH,1,-19.30,0.424559,0.532374,0.472393,0.309237,981940,1330905,862514
VV+VH,1,-19.25,0.422576,0.535154,0.472249,0.309113,987067,1348765,857387
VV+VH,1,-19.20,0.420495,0.537902,0.472007,0.308907,992135,1367309,852319
VV+VH,1,-19.15,0.418448,0.540660,0.471768,0.308702,997222,1385922,847232
VV+VH,1,-19.10,0.416373,0.543436,0.471494,0.308467,1002343,1404979,842111
VV+VH,1,-19.05,0.414291,0.546181,0.471180,0.308199,1007405,1424234,837049
VV+VH,1,-19.00,0.412252,0.548998,0.470898,0.307957,1012601,1443668,831853
VV+VH,1,-18.95,0.410140,0.551763,0.470526,0.307639,1017702,1463653,826752
VV+VH,1,-18.90,0.408002,0.554512,0.470106,0.307280,1022771,1484008,821683
VV+VH,1,-18.85,0.405888,0.557372,0.469719,0.306949,1028047,1504787,816407
VV+VH,1,-18.80,0.403696,0.560179,0.469235,0.306536,1033224,1526186,811230
VV+VH,1,-18.75,0.401609,0.563012,0.468807,0.306171,1038450,1547277,806004
VV+VH,1,-18.70,0.399523,0.565832,0.468352,0.305783,1043651,1568589,800803
VV+VH,1,-18.65,0.397354,0.568615,0.467803,0.305315,1048785,1590640,795669
VV+VH,1,-18.60,0.395194,0.571438,0.467249,0.304843,1053992,1613035,790462
VV+VH,1,-18.55,0.393043,0.574294,0.466688,0.304366,1059258,1635760,785196
VV+VH,1,-18.50,0.390878,0.577157,0.466095,0.303862,1064540,1658916,779914
VV+VH,1,-18.45,0.388715,0.580013,0.465476,0.303336,1069807,1682353,774647
VV+VH,1,-18.40,0.386492,0.582871,0.464790,0.302753,1075078,1706550,769376
VV+VH,1,-18.35,0.384339,0.585755,0.464138,0.302200,1080399,1730658,764055
VV+VH,1,-18.30,0.382159,0.588609,0.463431,0.301602,1085663,1755206,758791
VV+VH,1,-18.25,0.379896,0.591476,0.462643,0.300934,1090951,1780758,753503
VV+VH,1,-18.20,0.377677,0.594361,0.461868,0.300278,1096271,1806394,748183
VV+VH,1,-18.15,0.375462,0.597268,0.461076,0.299610,1101633,1832442,742821
VV+VH,1,-18.10,0.373287,0.600245,0.460311,0.298964,1107125,1858754,737329
VV+VH,1,-18.05,0.371072,0.603191,0.459480,0.298263,1112558,1885668,731896
VV+VH,1,-18.00,0.368870,0.606139,0.458635,0.297551,1117996,1912870,726458
VV+VH,1,-17.95,0.366654,0.609075,0.457749,0.296806,1123410,1940545,721044
VV+VH,1,-17.90,0.364478,0.612069,0.456887,0.296081,1128934,1968464,715520
VV+VH,1,-17.85,0.362278,0.615116,0.455994,0.295332,1134553,1997165,709901
VV+VH,1,-17.80,0.360023,0.617969,0.454979,0.294481,1139815,2026139,704639
VV+VH,1,-17.75,0.357803,0.620927,0.453996,0.293657,1145272,2055574,699182
VV+VH,1,-17.70,0.355595,0.623903,0.453001,0.292826,1150760,2085390,693694
VV+VH,1,-17.65,0.353366,0.626846,0.451956,0.291953,1156189,2115739,688265
VV+VH,1,-17.60,0.351125,0.629766,0.450869,0.291046,1161574,2146578,682880
VV+VH,1,-17.55,0.348897,0.632723,0.449777,0.290137,1167028,2177876,677426
VV+VH,1,-17.50,0.346628,0.635690,0.448629,0.289182,1172501,2210089,671953
VV+VH,1,-17.45,0.344407,0.638663,0.447496,0.288241,1177985,2242347,666469
VV+VH,1,-17.40,0.342155,0.641663,0.446318,0.287265,1183518,2275498,660936
VV+VH,1,-17.35,0.339914,0.644655,0.445124,0.286276,1189037,2309012,655417
VV+VH,1,-17.30,0.337621,0.647532,0.443830,0.285207,1194343,2343184,650111
VV+VH,1,-17.25,0.335293,0.650498,0.442503,0.284111,1199813,2378585,644641
VV+VH,1,-17.20,0.333058,0.653583,0.441257,0.283085,1205504,2414001,638950
VV+VH,1,-17.15,0.330799,0.656696,0.439971,0.282027,1211246,2450327,633208
VV+VH,1,-17.10,0.328525,0.659787,0.438640,0.280935,1216947,2487326,627507
VV+VH,1,-17.05,0.326251,0.662872,0.437282,0.279821,1222636,2524895,621818
VV+VH,1,-17.00,0.323948,0.665912,0.435862,0.278659,1228244,2563238,616210
VV+VH,1,-16.95,0.321654,0.668953,0.434424,0.277485,1233853,2602108,610601
VV+VH,1,-16.90,0.319349,0.672023,0.432956,0.276288,1239516,2641864,604938
VV+VH,1,-16.85,0.317068,0.675075,0.431479,0.275087,1245144,2681916,599310
VV+VH,1,-16.80,0.314768,0.678137,0.429962,0.273855,1250792,2722901,593662
VV+VH,1,-16.75,0.312414,0.681090,0.428346,0.272545,1256239,2764835,588215
VV+VH,1,-16.70,0.310077,0.684160,0.426744,0.271249,1261902,2807735,582552
VV+VH,1,-16.65,0.307748,0.687262,0.425128,0.269945,1267624,2851411,576830
VV+VH,1,-16.60,0.305440,0.690388,0.423511,0.268642,1273388,2895646,571066
VV+VH,1,-16.55,0.303124,0.693532,0.421863,0.267317,1279187,2940824,565267
VV+VH,1,-16.50,0.300779,0.696615,0.420150,0.265943,1284875,2986946,559579
VV+VH,1,-16.45,0.298411,0.699729,0.418392,0.264536,1290618,3034351,553836
VV+VH,1,-16.40,0.296009,0.702748,0.416557,0.263071,1296187,3082688,548267
VV+VH,1,-16.35,0.293620,0.705796,0.414714,0.261602,1301808,3131845,542646
VV+VH,1,-16.30,0.291239,0.708861,0.412854,0.260124,1307462,3181855,536992
VV+VH,1,-16.25,0.288828,0.711992,0.410949,0.258613,1313237,3233542,531217
VV+VH,1,-16.20,0.286482,0.715104,0.409080,0.257134,1318976,3285068,525478
VV+VH,1,-16.15,0.284117,0.718269,0.407173,0.255629,1324814,3338109,519640
VV+VH,1,-16.10,0.281739,0.721387,0.405219,0.254091,1330565,3392115,513889
VV+VH,1,-16.05,0.279343,0.724483,0.403216,0.252518,1336275,3447353,508179
VV+VH,1,-16.00,0.276963,0.727652,0.401214,0.250949,1342121,3503729,502333
VV+VH,1,-15.95,0.274555,0.730735,0.399142,0.249330,1347808,3561257,496646
VV+VH,1,-15.90,0.272134,0.733792,0.397027,0.247682,1353446,3620006,491008
VV+VH,1,-15.85,0.269738,0.736974,0.394929,0.246051,1359315,3680080,485139
VV+VH,1,-15.80,0.267319,0.740117,0.392773,0.244380,1365111,3741572,479343
VV+VH,1,-15.75,0.264889,0.743256,0.390579,0.242683,1370902,3804483,473552
VV+VH,1,-15.70,0.262471,0.746419,0.388374,0.240982,1376736,3868560,467718
VV+VH,1,-15.65,0.260054,0.749554,0.386139,0.239264,1382518,3933750,461936
VV+VH,1,-15.60,0.257631,0.752731,0.383875,0.237528,1388377,4000647,456077
VV+VH,1,-15.55,0.255216,0.755879,0.381591,0.235782,1394184,4068572,450270
VV+VH,1,-15.50,0.252770,0.758998,0.379241,0.233990,1399936,4138435,444518
VV+VH,1,-15.45,0.250371,0.762224,0.376930,0.232233,1405887,4209336,438567
VV+VH,1,-15.40,0.247967,0.765372,0.374577,0.230449,1411694,4281389,432760
VV+VH,1,-15.35,0.245547,0.768462,0.372173,0.228632,1417393,4354998,427061
VV+VH,1,-15.30,0.243180,0.771700,0.369822,0.226860,1423366,4429762,421088
VV+VH,1,-15.25,0.240779,0.774801,0.367388,0.225031,1429084,4506161,415370
VV+VH,1,-15.20,0.238365,0.777906,0.364913,0.223177,1434811,4584581,409643
VV+VH,1,-15.15,0.235999,0.780975,0.362466,0.221349,1440473,4663246,403981
VV+VH,1,-15.10,0.233596,0.784028,0.359948,0.219473,1446103,4744519,398351
VV+VH,1,-15.05,0.231214,0.787072,0.357428,0.217603,1451718,4826960,392736
VV+VH,1,-15.00,0.228856,0.790218,0.354922,0.215748,1457520,4911210,386934
VV+VH,1,-14.95,0.226516,0.793321,0.352408,0.213893,1463244,4996552,381210
VV+VH,1,-14.90,0.224150,0.796363,0.349834,0.211999,1468854,5084131,375600
VV+VH,1,-14.85,0.221805,0.799422,0.347261,0.210112,1474497,5173209,369957
VV+VH,1,-14.80,0.219503,0.802461,0.344714,0.208250,1480103,5262881,364351
VV+VH,1,-14.75,0.217201,0.805526,0.342146,0.206379,1485756,5354725,358698
VV+VH,1,-14.70,0.214919,0.808551,0.339576,0.204512,1491336,5447730,353118
VV+VH,1,-14.65,0.212623,0.811508,0.336959,0.202616,1496789,5542854,347665
VV+VH,1,-14.60,0.210348,0.814523,0.334351,0.200733,1502351,5639853,342103
VV+VH,1,-14.55,0.208089,0.817531,0.331739,0.198853,1507899,5738522,336555
VV+VH,1,-14.50,0.205848,0.820443,0.329120,0.196974,1513269,5838125,331185
VV+VH,1,-14.45,0.203629,0.823377,0.326509,0.195106,1518681,5939406,325773
VV+VH,1,-14.40,0.201420,0.826323,0.323891,0.193239,1524114,6042723,320340
VV+VH,1,-14.35,0.199238,0.829222,0.321282,0.191385,1529462,6147084,314992
VV+VH,1,-14.30,0.197059,0.832101,0.318654,0.189523,1534772,6253615,309682
VV+VH,1,-14.25,0.194910,0.834990,0.316046,0.187681,1540101,6361489,304353
VV+VH,1,-14.20,0.192765,0.837803,0.313417,0.185830,1545289,6471164,299165
VV+VH,1,-14.15,0.190657,0.840649,0.310821,0.184007,1550538,6582068,293916
VV+VH,1,-14.10,0.188593,0.843502,0.308264,0.182218,1555800,6693691,288654
VV+VH,1,-14.05,0.186515,0.846252,0.305662,0.180402,1560872,6807736,283582
VV+VH,1,-14.00,0.184458,0.849046,0.303073,0.178601,1566027,6923837,278427
VV+VH,1,-13.95,0.182429,0.851831,0.300502,0.176818,1571163,7041312,273291
VV+VH,1,-13.90,0.180434,0.854617,0.297959,0.175060,1576301,7159885,268153
VV+VH,1,-13.85,0.178474,0.857413,0.295449,0.173330,1581458,7279528,262996
VV+VH,1,-13.80,0.176550,0.860195,0.292970,0.171625,1586590,7400038,257864
VV+VH,1,-13.75,0.174613,0.862930,0.290453,0.169900,1591634,7523591,252820
VV+VH,1,-13.70,0.172708,0.865604,0.287961,0.168198,1596566,7647742,247888
VV+VH,1,-13.65,0.170818,0.868211,0.285471,0.166501,1601376,7773374,243078
VV+VH,1,-13.60,0.168956,0.870737,0.282999,0.164822,1606035,7899632,238419
VV+VH,1,-13.55,0.167107,0.873322,0.280534,0.163152,1610802,8028569,233652
VV+VH,1,-13.50,0.165291,0.875907,0.278102,0.161509,1615571,8158522,228883
VV+VH,1,-13.45,0.163494,0.878386,0.275676,0.159875,1620143,8289358,224311
VV+VH,1,-13.40,0.161734,0.880925,0.273292,0.158274,1624826,8421482,219628
VV+VH,1,-13.35,0.159991,0.883387,0.270916,0.156682,1629366,8554736,215088
VV+VH,1,-13.30,0.158275,0.885884,0.268567,0.155112,1633972,8689664,210482
VV+VH,1,-13.25,0.156591,0.888279,0.266246,0.153566,1638390,8824482,206064
VV+VH,1,-13.20,0.154921,0.890661,0.263934,0.152030,1642783,8961200,201671
VV+VH,1,-13.15,0.153296,0.893030,0.261674,0.150532,1647153,9097733,197301
VV+VH,1,-13.10,0.151690,0.895387,0.259429,0.149048,1651500,9235834,192954
VV+VH,1,-13.05,0.150099,0.897728,0.257195,0.147576,1655818,9375680,188636
VV+VH,1,-13.00,0.148529,0.899983,0.254978,0.146117,1659977,9516128,184477
VV+VH,1,-12.95,0.146997,0.902296,0.252808,0.144694,1664243,9657386,180211
VV+VH,1,-12.90,0.145490,0.904592,0.250665,0.143292,1668479,9799489,175975
VV+VH,1,-12.85,0.144007,0.906847,0.248545,0.141908,1672638,9942337,171816
VV+VH,1,-12.80,0.142551,0.909009,0.246453,0.140546,1676626,10084947,167828
VV+VH,1,-12.75,0.141118,0.911198,0.244387,0.139204,1680663,10228967,163791
VV+VH,1,-12.70,0.139713,0.913345,0.242353,0.137885,1684622,10373131,159832
VV+VH,1,-12.65,0.138327,0.915487,0.240339,0.136583,1688573,10518562,155881
VV+VH,1,-12.60,0.136957,0.917482,0.238337,0.135291,1692254,10663810,152200
VV+VH,1,-12.55,0.135623,0.919483,0.236380,0.134031,1695944,10808932,148510
VV+VH,1,-12.50,0.134315,0.921485,0.234456,0.132795,1699637,10954471,144817
VV+VH,1,-12.45,0.133026,0.923430,0.232552,0.131575,1703225,11100462,141229
VV+VH,1,-12.40,0.131766,0.925383,0.230684,0.130381,1706827,11246658,137627
VV+VH,1,-12.35,0.130519,0.927277,0.228829,0.129197,1710319,11393661,134135
VV+VH,1,-12.30,0.129297,0.929113,0.227003,0.128034,1713706,11540355,130748
VV+VH,1,-12.25,0.128100,0.930936,0.225210,0.126894,1717069,11687084,127385
VV+VH,1,-12.20,0.126946,0.932821,0.223480,0.125796,1720545,11832772,123909
VV+VH,1,-12.15,0.125805,0.934641,0.221760,0.124708,1723902,11979069,120552
VV+VH,1,-12.10,0.124688,0.936426,0.220073,0.123642,1727194,12124886,117260
VV+VH,1,-12.05,0.123593,0.938168,0.218413,0.122595,1730407,12270424,114047
VV+VH,1,-12.00,0.122521,0.939846,0.216782,0.121568,1733503,12415068,110951
VV+VH,1,-11.95,0.121462,0.941500,0.215165,0.120552,1736553,12560550,107901
VV+VH,1,-11.90,0.120433,0.943138,0.213592,0.119565,1739574,12704714,104880
VV+VH,1,-11.85,0.119428,0.944755,0.212050,0.118600,1742557,12848301,101897
VV+VH,1,-11.80,0.118439,0.946289,0.210527,0.117648,1745387,12991245,99067
VV+VH,1,-11.75,0.117478,0.947852,0.209046,0.116723,1748269,13133433,96185
VV+VH,1,-11.70,0.116528,0.949371,0.207578,0.115809,1751071,13275913,93383
VV+VH,1,-11.65,0.115604,0.950858,0.206145,0.114917,1753814,13417080,90640
VV+VH,1,-11.60,0.114705,0.952351,0.204749,0.114050,1756567,13557234,87887
VV+VH,1,-11.55,0.113828,0.953783,0.203383,0.113203,1759208,13695807,85246
VV+VH,1,-11.50,0.112967,0.955215,0.202039,0.112371,1761850,13834364,82604
VV+VH,1,-11.45,0.112130,0.956606,0.200731,0.111563,1764416,13971019,80038
VV+VH,1,-11.40,0.111311,0.957962,0.199447,0.110770,1766916,14106763,77538
VV+VH,1,-11.35,0.110503,0.959250,0.198176,0.109986,1769293,14242004,75161
VV+VH,1,-11.30,0.109724,0.960575,0.196952,0.109233,1771736,14375400,72718
VV+VH,1,-11.25,0.108961,0.961850,0.195748,0.108493,1774089,14507715,70365
VV+VH,1,-11.20,0.108212,0.963079,0.194563,0.107765,1776354,14639159,68100
VV+VH,1,-11.15,0.107489,0.964267,0.193417,0.107062,1778547,14767836,65907
VV+VH,1,-11.10,0.106783,0.965476,0.192297,0.106377,1780776,14895838,63678
VV+VH,1,-11.05,0.106091,0.966641,0.191197,0.105704,1782925,15022741,61529
VV+VH,1,-11.00,0.105421,0.967754,0.190130,0.105052,1784978,15146976,59476
VV+VH,1,-10.95,0.104762,0.968827,0.189079,0.104411,1786956,15270257,57498
VV+VH,1,-10.90,0.104126,0.969919,0.188063,0.103791,1788971,15391816,55483
VV+VH,1,-10.85,0.103506,0.970979,0.187070,0.103186,1790927,15511771,53527
VV+VH,1,-10.80,0.102899,0.971973,0.186096,0.102594,1792760,15629799,51694
VV+VH,1,-10.75,0.102316,0.972938,0.185159,0.102025,1794539,15744727,49915
VV+VH,1,-10.70,0.101749,0.973903,0.184248,0.101472,1796320,15858155,48134
VV+VH,1,-10.65,0.101187,0.974807,0.183343,0.100923,1797986,15970901,46468
VV+VH,1,-10.60,0.100644,0.975695,0.182467,0.100393,1799625,16081407,44829
VV+VH,1,-10.55,0.100122,0.976589,0.181624,0.099882,1801274,16189499,43180
VV+VH,1,-10.50,0.099619,0.977486,0.180810,0.099391,1802928,16295365,41526
VV+VH,1,-10.45,0.099124,0.978329,0.180010,0.098907,1804482,16399761,39972
VV+VH,1,-10.40,0.098646,0.979162,0.179234,0.098439,1806019,16502120,38435
VV+VH,1,-10.35,0.098179,0.979932,0.178476,0.097982,1807439,16602271,37015
VV+VH,1,-10.30,0.097721,0.980658,0.177731,0.097533,1808778,16700870,35676
VV+VH,1,-10.25,0.097285,0.981413,0.177022,0.097106,1810172,16796724,34282
VV+VH,1,-10.20,0.096857,0.982110,0.176325,0.096687,1811457,16890881,32997
VV+VH,1,-10.15,0.096450,0.982828,0.175661,0.096287,1812781,16982338,31673
VV+VH,1,-10.10,0.096052,0.983504,0.175011,0.095897,1814028,17071961,30426
VV+VH,1,-10.05,0.095665,0.984129,0.174378,0.095517,1815181,17159241,29273
VV+VH,1,-10.00,0.095293,0.984737,0.173770,0.095152,1816302,17243933,28152
VV+VH,1,-9.95,0.094932,0.985345,0.173179,0.094798,1817423,17327057,27031
VV+VH,1,-9.90,0.094576,0.985887,0.172594,0.094448,1818424,17408759,26030
VV+VH,1,-9.85,0.094235,0.986431,0.172036,0.094113,1819427,17487810,25027
VV+VH,1,-9.80,0.093908,0.986979,0.171499,0.093792,1820437,17564865,24017
VV+VH,1,-9.75,0.093591,0.987501,0.170977,0.093480,1821401,17639969,23053
VV+VH,1,-9.70,0.093284,0.987995,0.170473,0.093179,1822311,17712734,22143
VV+VH,1,-9.65,0.092990,0.988495,0.169989,0.092890,1823233,17783483,21221
VV+VH,1,-9.60,0.092706,0.988996,0.169521,0.092610,1824158,17852736,20296
VV+VH,1,-9.55,0.092433,0.989471,0.169072,0.092342,1825034,17919321,19420
VV+VH,1,-9.50,0.092171,0.989915,0.168639,0.092084,1825852,17983649,18602
VV+VH,1,-9.45,0.091914,0.990333,0.168216,0.091832,1826623,18046462,17831
VV+VH,1,-9.40,0.091668,0.990722,0.167809,0.091589,1827342,18107048,17112
VV+VH,1,-9.35,0.091428,0.991084,0.167412,0.091353,1828009,18165977,16445
VV+VH,1,-9.30,0.091199,0.991450,0.167034,0.091128,1828683,18222833,15771
VV+VH,1,-9.25,0.090978,0.991806,0.166668,0.090910,1829340,18278055,15114
VV+VH,1,-9.20,0.090764,0.992124,0.166314,0.090699,1829928,18331383,14526
VV+VH,1,-9.15,0.090560,0.992463,0.165975,0.090497,1830552,18383204,13902
VV+VH,1,-9.10,0.090367,0.992808,0.165655,0.090308,1831189,18432792,13265
VV+VH,1,-9.05,0.090179,0.993128,0.165344,0.090123,1831778,18480920,12676
VV+VH,1,-9.00,0.089997,0.993405,0.165042,0.089943,1832289,18527189,12165
VV+VH,1,-8.95,0.089821,0.993674,0.164749,0.089769,1832786,18572187,11668
VV+VH,1,-8.90,0.089653,0.993949,0.164471,0.089604,1833294,18615511,11160
VV+VH,1,-8.85,0.089492,0.994210,0.164203,0.089445,1833774,18657236,10680
VV+VH,1,-8.80,0.089337,0.994455,0.163946,0.089292,1834226,18697342,10228
VV+VH,1,-8.75,0.089185,0.994672,0.163693,0.089143,1834627,18736361,9827
VV+VH,1,-8.70,0.089039,0.994888,0.163449,0.088998,1835026,18774273,9428
VV+VH,1,-8.65,0.088901,0.995096,0.163219,0.088862,1835409,18810243,9045
VV+VH,1,-8.60,0.088766,0.995283,0.162995,0.088729,1835753,18845052,8701
VV+VH,1,-8.55,0.088637,0.995469,0.162779,0.088601,1836096,18878764,8358
VV+VH,1,-8.50,0.088516,0.995672,0.162578,0.088482,1836472,18910917,7982
VV+VH,1,-8.45,0.088397,0.995852,0.162381,0.088365,1836803,18942123,7651
VV+VH,1,-8.40,0.088285,0.996010,0.162193,0.088254,1837095,18971592,7359
VV+VH,1,-8.35,0.088177,0.996175,0.162014,0.088147,1837399,19000166,7055
VV+VH,1,-8.30,0.088074,0.996342,0.161842,0.088046,1837707,19027776,6747
VV+VH,1,-8.25,0.087974,0.996487,0.161674,0.087946,1837975,19054361,6479
VV+VH,1,-8.20,0.087877,0.996625,0.161513,0.087851,1838229,19079959,6225
VV+VH,1,-8.15,0.087786,0.996764,0.161361,0.087761,1838485,19104293,5969
VV+VH,1,-8.10,0.087699,0.996898,0.161215,0.087675,1838733,19127751,5721
VV+VH,1,-8.05,0.087612,0.997018,0.161071,0.087589,1838954,19150706,5500
VV+VH,1,-8.00,0.087531,0.997141,0.160934,0.087509,1839180,19172646,5274
VV+VH,1,-7.95,0.087451,0.997242,0.160801,0.087430,1839367,19193756,5087
VV+VH,1,-7.90,0.087374,0.997336,0.160672,0.087353,1839540,19214147,4914
VV+VH,1,-7.85,0.087300,0.997432,0.160549,0.087281,1839717,19233676,4737
VV+VH,1,-7.80,0.087231,0.997526,0.160432,0.087212,1839890,19252370,4564
VV+VH,1,-7.75,0.087164,0.997616,0.160321,0.087146,1840057,19270124,4397
VV+VH,1,-7.70,0.087099,0.997700,0.160211,0.087081,1840211,19287673,4243
VV+VH,1,-7.65,0.087036,0.997770,0.160106,0.087019,1840341,19304220,4113
VV+VH,1,-7.60,0.086976,0.997842,0.160005,0.086960,1840473,19320230,3981
VV+VH,1,-7.55,0.086918,0.997909,0.159908,0.086902,1840597,19335702,3857
VV+VH,1,-7.50,0.086862,0.997981,0.159814,0.086847,1840730,19350729,3724
VV+VH,1,-7.45,0.086808,0.998054,0.159724,0.086794,1840864,19365177,3590
VV+VH,1,-7.40,0.086756,0.998113,0.159637,0.086742,1840974,19379104,3480
VV+VH,1,-7.35,0.086706,0.998175,0.159552,0.086692,1841087,19392682,3367
VV+VH,1,-7.30,0.086657,0.998225,0.159471,0.086644,1841181,19405544,3273
VV+VH,1,-7.25,0.086610,0.998275,0.159391,0.086597,1841273,19418060,3181
VV+VH,1,-7.20,0.086565,0.998317,0.159315,0.086552,1841349,19430032,3105
VV+VH,1,-7.15,0.086520,0.998360,0.159240,0.086507,1841430,19441913,3024
VV+VH,1,-7.10,0.086478,0.998419,0.159170,0.086466,1841537,19453261,2917
VV+VH,1,-7.05,0.086436,0.998462,0.159099,0.086425,1841617,19464479,2837
VV+VH,1,-7.00,0.086398,0.998511,0.159035,0.086387,1841707,19474853,2747
VV+VH,1,-6.95,0.086359,0.998545,0.158970,0.086348,1841771,19485128,2683
VV+VH,1,-6.90,0.086322,0.998580,0.158908,0.086312,1841835,19494875,2619
VV+VH,1,-6.85,0.086286,0.998614,0.158847,0.086276,1841898,19504427,2556
VV+VH,1,-6.80,0.086252,0.998649,0.158789,0.086242,1841963,19513691,2491
VV+VH,1,-6.75,0.086218,0.998689,0.158733,0.086208,1842036,19522774,2418
VV+VH,1,-6.70,0.086185,0.998716,0.158676,0.086175,1842085,19531610,2369
VV+VH,1,-6.65,0.086153,0.998752,0.158624,0.086144,1842153,19540106,2301
VV+VH,1,-6.60,0.086123,0.998783,0.158573,0.086114,1842209,19548224,2245
VV+VH,1,-6.55,0.086093,0.998809,0.158522,0.086084,1842258,19556259,2196
VV+VH,1,-6.50,0.086063,0.998838,0.158472,0.086055,1842311,19564117,2143
VV+VH,1,-6.45,0.086036,0.998863,0.158425,0.086027,1842357,19571559,2097
VV+VH,1,-6.40,0.086009,0.998891,0.158380,0.086000,1842408,19578803,2046
VV+VH,1,-6.35,0.085982,0.998912,0.158335,0.085974,1842447,19585796,2007
VV+VH,1,-6.30,0.085957,0.998935,0.158293,0.085949,1842489,19592529,1965
VV+VH,1,-6.25,0.085932,0.998955,0.158251,0.085924,1842526,19599201,1928
VV+VH,1,-6.20,0.085908,0.998987,0.158211,0.085901,1842585,19605696,1869
VV+VH,1,-6.15,0.085884,0.999005,0.158171,0.085877,1842619,19612048,1835
VV+VH,1,-6.10,0.085861,0.999026,0.158131,0.085854,1842657,19618280,1797
VV+VH,1,-6.05,0.085839,0.999045,0.158094,0.085832,1842692,19624158,1762
VV+VH,1,-6.00,0.085818,0.999065,0.158058,0.085811,1842729,19629878,1725
VV+VH,1,-5.95,0.085797,0.999091,0.158024,0.085790,1842777,19635538,1677
VV+VH,1,-5.90,0.085776,0.999107,0.157989,0.085770,1842807,19641032,1647
VV+VH,1,-5.85,0.085756,0.999123,0.157955,0.085750,1842836,19646435,1618
VV+VH,1,-5.80,0.085736,0.999138,0.157921,0.085730,1842864,19651694,1590
VV+VH,1,-5.75,0.085718,0.999156,0.157890,0.085711,1842897,19656720,1557
VV+VH,1,-5.70,0.085699,0.999175,0.157858,0.085693,1842932,19661797,1522
VV+VH,1,-5.65,0.085681,0.999194,0.157828,0.085675,1842968,19666647,1486
VV+VH,1,-5.60,0.085664,0.999212,0.157799,0.085658,1843000,19671366,1454
VV+VH,1,-5.55,0.085647,0.999227,0.157772,0.085642,1843028,19675756,1426
VV+VH,1,-5.50,0.085631,0.999242,0.157744,0.085625,1843056,19680172,1398
VV+VH,1,-5.45,0.085615,0.999259,0.157717,0.085609,1843087,19684571,1367
VV+VH,1,-5.40,0.085598,0.999272,0.157689,0.085593,1843112,19688961,1342
VV+VH,1,-5.35,0.085583,0.999283,0.157663,0.085578,1843131,19693092,1323
VV+VH,1,-5.30,0.085568,0.999296,0.157638,0.085563,1843156,19697084,1298
VV+VH,1,-5.25,0.085554,0.999314,0.157614,0.085549,1843188,19701065,1266
VV+VH,1,-5.20,0.085540,0.999330,0.157590,0.085535,1843219,19704855,1235
VV+VH,1,-5.15,0.085525,0.999343,0.157566,0.085521,1843242,19708731,1212
VV+VH,1,-5.10,0.085512,0.999360,0.157544,0.085508,1843273,19712344,1181
VV+VH,1,-5.05,0.085499,0.999371,0.157522,0.085495,1843293,19715912,1161
VV+VH,1,-5.00,0.085486,0.999384,0.157500,0.085482,1843318,19719368,1136
VV+VH,1,-4.95,0.085474,0.999395,0.157479,0.085469,1843338,19722826,1116
VV+VH,1,-4.90,0.085462,0.999407,0.157459,0.085457,1843360,19726082,1094
VV+VH,1,-4.85,0.085450,0.999420,0.157439,0.085446,1843384,19729215,1070
VV+VH,1,-4.80,0.085438,0.999427,0.157419,0.085434,1843397,19732379,1057
VV+VH,1,-4.75,0.085427,0.999438,0.157400,0.085423,1843418,19735416,1036
VV+VH,1,-4.70,0.085417,0.999452,0.157383,0.085413,1843443,19738359,1011
VV+VH,1,-4.65,0.085406,0.999463,0.157365,0.085402,1843464,19741230,990
VV+VH,1,-4.60,0.085395,0.999473,0.157347,0.085392,1843482,19744129,972
VV+VH,1,-4.55,0.085385,0.999484,0.157330,0.085381,1843503,19746941,951
VV+VH,1,-4.50,0.085375,0.999494,0.157312,0.085371,1843521,19749721,933
VV+VH,1,-4.45,0.085365,0.999505,0.157296,0.085362,1843541,19752362,913
VV+VH,1,-4.40,0.085356,0.999514,0.157280,0.085352,1843557,19754981,897
VV+VH,1,-4.35,0.085346,0.999526,0.157264,0.085343,1843580,19757580,874
VV+VH,1,-4.30,0.085338,0.999534,0.157250,0.085334,1843595,19759968,859
VV+VH,1,-4.25,0.085329,0.999543,0.157235,0.085326,1843612,19762337,842
VV+VH,1,-4.20,0.085320,0.999553,0.157220,0.085317,1843630,19764731,824
VV+VH,1,-4.15,0.085312,0.999561,0.157206,0.085308,1843644,19767055,810
VV+VH,1,-4.10,0.085303,0.999573,0.157192,0.085300,1843667,19769412,787
VV+VH,1,-4.05,0.085295,0.999580,0.157179,0.085292,1843680,19771555,774
VV+VH,1,-4.00,0.085288,0.999591,0.157166,0.085285,1843699,19773717,755
VV+VH,1,-3.95,0.085280,0.999597,0.157152,0.085277,1843711,19775817,743
VV+VH,1,-3.90,0.085272,0.999604,0.157140,0.085269,1843723,19777855,731
VV+VH,1,-3.85,0.085265,0.999612,0.157127,0.085262,1843739,19779916,715
VV+VH,1,-3.80,0.085258,0.999620,0.157115,0.085255,1843753,19781928,701
VV+VH,1,-3.75,0.085251,0.999626,0.157103,0.085248,1843765,19783813,689
VV+VH,1,-3.70,0.085244,0.999632,0.157091,0.085241,1843776,19785726,678
VV+VH,1,-3.65,0.085237,0.999642,0.157081,0.085235,1843793,19787524,661
VV+VH,1,-3.60,0.085231,0.999650,0.157070,0.085228,1843808,19789260,646
VV+VH,1,-3.55,0.085225,0.999656,0.157059,0.085222,1843819,19791000,635
VV+VH,1,-3.50,0.085219,0.999664,0.157049,0.085216,1843835,19792708,619
VV+VH,1,-3.45,0.085212,0.999667,0.157038,0.085210,1843839,19794389,615
VV+VH,1,-3.40,0.085206,0.999669,0.157028,0.085204,1843844,19795957,610
VV+VH,1,-3.35,0.085200,0.999674,0.157018,0.085198,1843853,19797515,601
VV+VH,1,-3.30,0.085195,0.999682,0.157009,0.085193,1843868,19799055,586
VV+VH,1,-3.25,0.085189,0.999686,0.157000,0.085187,1843875,19800520,579
VV+VH,1,-3.20,0.085184,0.999694,0.156991,0.085182,1843889,19802036,565
VV+VH,1,-3.15,0.085179,0.999701,0.156982,0.085177,1843902,19803559,552
VV+VH,1,-3.10,0.085174,0.999706,0.156973,0.085171,1843912,19804974,542
VV+VH,1,-3.05,0.085169,0.999711,0.156965,0.085167,1843921,19806296,533
VV+VH,1,-3.00,0.085164,0.999718,0.156957,0.085162,1843934,19807600,520
VV+VH,1,-2.95,0.085160,0.999727,0.156950,0.085158,1843951,19808905,503
VV+VH,1,-2.90,0.085155,0.999729,0.156942,0.085153,1843955,19810162,499
VV+VH,1,-2.85,0.085151,0.999733,0.156934,0.085149,1843962,19811360,492
VV+VH,1,-2.80,0.085146,0.999741,0.156927,0.085144,1843977,19812577,477
VV+VH,1,-2.75,0.085142,0.999746,0.156920,0.085140,1843985,19813781,469
VV+VH,1,-2.70,0.085138,0.999750,0.156913,0.085136,1843992,19814986,462
VV+VH,1,-2.65,0.085133,0.999754,0.156905,0.085132,1844000,19816148,454
VV+VH,1,-2.60,0.085129,0.999760,0.156899,0.085128,1844011,19817272,443
VV+VH,1,-2.55,0.085125,0.999764,0.156892,0.085124,1844019,19818374,435
VV+VH,1,-2.50,0.085122,0.999767,0.156886,0.085120,1844025,19819391,429
VV+VH,1,-2.45,0.085118,0.999771,0.156879,0.085116,1844031,19820441,423
VV+VH,1,-2.40,0.085114,0.999779,0.156874,0.085113,1844047,19821470,407
VV+VH,1,-2.35,0.085111,0.999782,0.156868,0.085109,1844051,19822432,403
VV+VH,1,-2.30,0.085107,0.999786,0.156861,0.085106,1844059,19823429,395
VV+VH,1,-2.25,0.085104,0.999789,0.156855,0.085102,1844065,19824410,389
VV+VH,1,-2.20,0.085100,0.999797,0.156850,0.085099,1844080,19825389,374
VV+VH,1,-2.15,0.085097,0.999800,0.156844,0.085095,1844085,19826337,369
VV+VH,1,-2.10,0.085094,0.999805,0.156839,0.085092,1844095,19827277,359
VV+VH,1,-2.05,0.085091,0.999811,0.156833,0.085089,1844105,19828165,349
VV+VH,1,-2.00,0.085088,0.999815,0.156829,0.085086,1844113,19829005,341
VV+VH,1,-1.95,0.085084,0.999821,0.156823,0.085083,1844123,19829903,331
VV+VH,1,-1.90,0.085081,0.999823,0.156818,0.085080,1844127,19830737,327
VV+VH,1,-1.85,0.085079,0.999827,0.156814,0.085078,1844135,19831470,319
VV+VH,1,-1.80,0.085076,0.999829,0.156809,0.085075,1844139,19832264,315
VV+VH,1,-1.75,0.085073,0.999833,0.156804,0.085072,1844146,19833045,308
VV+VH,1,-1.70,0.085070,0.999836,0.156799,0.085069,1844152,19833836,302
VV+VH,1,-1.65,0.085067,0.999838,0.156794,0.085066,1844155,19834631,299
VV+VH,1,-1.60,0.085065,0.999842,0.156790,0.085064,1844163,19835346,291
VV+VH,1,-1.55,0.085062,0.999846,0.156786,0.085061,1844170,19836040,284
VV+VH,1,-1.50,0.085060,0.999851,0.156782,0.085059,1844180,19836712,274
VV+VH,1,-1.45,0.085058,0.999853,0.156778,0.085057,1844182,19837392,272
VV+VH,1,-1.40,0.085055,0.999855,0.156774,0.085054,1844187,19838037,267
VV+VH,1,-1.35,0.085053,0.999857,0.156770,0.085052,1844191,19838645,263
VV+VH,1,-1.30,0.085051,0.999860,0.156767,0.085050,1844195,19839251,259
VV+VH,1,-1.25,0.085048,0.999860,0.156763,0.085047,1844196,19839857,258
VV+VH,1,-1.20,0.085046,0.999861,0.156759,0.085045,1844198,19840442,256
VV+VH,1,-1.15,0.085045,0.999869,0.156756,0.085044,1844212,19840985,242
VV+VH,1,-1.10,0.085043,0.999870,0.156753,0.085042,1844214,19841578,240
VV+VH,1,-1.05,0.085040,0.999872,0.156749,0.085039,1844218,19842155,236
VV+VH,1,-1.00,0.085038,0.999873,0.156745,0.085037,1844219,19842723,235
VV+VH,1,-0.95,0.085036,0.999874,0.156742,0.085035,1844221,19843306,233
VV+VH,1,-0.90,0.085034,0.999877,0.156739,0.085034,1844228,19843778,226
VV+VH,1,-0.85,0.085033,0.999881,0.156736,0.085032,1844234,19844305,220
VV+VH,1,-0.80,0.085031,0.999883,0.156733,0.085030,1844238,19844815,216
VV+VH,1,-0.75,0.085029,0.999884,0.156730,0.085028,1844240,19845292,214
VV+VH,1,-0.70,0.085027,0.999884,0.156727,0.085026,1844240,19845727,214
VV+VH,1,-0.65,0.085026,0.999884,0.156724,0.085025,1844240,19846193,214
VV+VH,1,-0.60,0.085024,0.999885,0.156721,0.085023,1844242,19846667,212
VV+VH,1,-0.55,0.085022,0.999887,0.156718,0.085021,1844245,19847112,209
VV+VH,1,-0.50,0.085021,0.999889,0.156716,0.085020,1844250,19847555,204
VV+VH,1,-0.45,0.085019,0.999891,0.156713,0.085018,1844253,19847982,201
VV+VH,1,-0.40,0.085018,0.999894,0.156711,0.085017,1844259,19848432,195
VV+VH,1,-0.35,0.085016,0.999895,0.156708,0.085015,1844260,19848824,194
VV+VH,1,-0.30,0.085015,0.999898,0.156706,0.085014,1844265,19849222,189
VV+VH,1,-0.25,0.085013,0.999898,0.156703,0.085013,1844266,19849573,188
VV+VH,1,-0.20,0.085012,0.999901,0.156701,0.085011,1844272,19849958,182
VV+VH,1,-0.15,0.085011,0.999906,0.156700,0.085010,1844280,19850291,174
VV+VH,1,-0.10,0.085010,0.999906,0.156698,0.085009,1844281,19850632,173
VV+VH,1,-0.05,0.085009,0.999907,0.156695,0.085008,1844282,19850968,172
VV+VH,1,-0.00,0.085007,0.999908,0.156693,0.085007,1844284,19851298,170
VV+VH,1,0.05,0.085006,0.999911,0.156692,0.085006,1844289,19851630,165
VV+VH,1,0.10,0.085005,0.999912,0.156689,0.085004,1844292,19851997,162
VV+VH,1,0.15,0.085004,0.999913,0.156687,0.085003,1844293,19852317,161
VV+VH,1,0.20,0.085003,0.999913,0.156685,0.085002,1844293,19852609,161
VV+VH,1,0.25,0.085002,0.999913,0.156684,0.085001,1844294,19852878,160
VV+VH,1,0.30,0.085001,0.999914,0.156682,0.085000,1844296,19853173,158
VV+VH,1,0.35,0.084999,0.999915,0.156680,0.084999,1844297,19853449,157
VV+VH,1,0.40,0.084999,0.999918,0.156679,0.084998,1844302,19853746,152
VV+VH,1,0.45,0.084998,0.999918,0.156677,0.084997,1844303,19854007,151
VV+VH,1,0.50,0.084997,0.999920,0.156675,0.084996,1844307,19854277,147
VV+VH,1,0.55,0.084996,0.999921,0.156674,0.084995,1844309,19854570,145
VV+VH,1,0.60,0.084995,0.999923,0.156672,0.084994,1844312,19854824,142
VV+VH,1,0.65,0.084994,0.999924,0.156671,0.084993,1844314,19855069,140
VV+VH,1,0.70,0.084993,0.999926,0.156669,0.084992,1844317,19855310,137
VV+VH,1,0.75,0.084992,0.999926,0.156668,0.084992,1844318,19855532,136
VV+VH,1,0.80,0.084991,0.999928,0.156667,0.084991,1844321,19855758,133
VV+VH,1,0.85,0.084991,0.999929,0.156665,0.084990,1844323,19855994,131
VV+VH,1,0.90,0.084990,0.999930,0.156664,0.084989,1844324,19856251,130
VV+VH,1,0.95,0.084989,0.999930,0.156662,0.084988,1844325,19856466,129
VV+VH,1,1.00,0.084988,0.999933,0.156661,0.084988,1844331,19856689,123
VV+VH,1,1.05,0.084988,0.999935,0.156660,0.084987,1844335,19856904,119
VV+VH,1,1.10,0.084987,0.999937,0.156659,0.084986,1844337,19857103,117
VV+VH,1,1.15,0.084986,0.999939,0.156658,0.084986,1844342,19857305,112
VV+VH,1,1.20,0.084986,0.999941,0.156657,0.084985,1844346,19857520,108
VV+VH,1,1.25,0.084985,0.999942,0.156656,0.084985,1844347,19857691,107
VV+VH,1,1.30,0.084984,0.999943,0.156655,0.084984,1844349,19857865,105
VV+VH,1,1.35,0.084984,0.999943,0.156653,0.084983,1844349,19858064,105
VV+VH,1,1.40,0.084983,0.999944,0.156652,0.084983,1844350,19858242,104
VV+VH,1,1.45,0.084982,0.999944,0.156651,0.084982,1844351,19858420,103
VV+VH,1,1.50,0.084982,0.999945,0.156650,0.084981,1844353,19858591,101
VV+VH,1,1.55,0.084981,0.999946,0.156649,0.084981,1844354,19858756,100
VV+VH,1,1.60,0.084981,0.999946,0.156648,0.084980,1844355,19858918,99
VV+VH,1,1.65,0.084980,0.999947,0.156647,0.084980,1844356,19859055,98
VV+VH,1,1.70,0.084980,0.999948,0.156647,0.084979,1844358,19859202,96
VV+VH,1,1.75,0.084979,0.999948,0.156646,0.084979,1844359,19859335,95
VV+VH,1,1.80,0.084979,0.999950,0.156645,0.084978,1844362,19859484,92
VV+VH,1,1.85,0.084978,0.999951,0.156644,0.084978,1844363,19859627,91
VV+VH,1,1.90,0.084978,0.999952,0.156643,0.084977,1844366,19859766,88
VV+VH,1,1.95,0.084977,0.999952,0.156643,0.084977,1844366,19859884,88
VV+VH,1,2.00,0.084977,0.999953,0.156642,0.084976,1844367,19859997,87
VV+VH,1,2.05,0.084977,0.999955,0.156642,0.084976,1844371,19860101,83
VV+VH,1,2.10,0.084976,0.999955,0.156641,0.084976,1844371,19860210,83
VV+VH,1,2.15,0.084976,0.999956,0.156640,0.084975,1844373,19860337,81
VV+VH,1,2.20,0.084975,0.999958,0.156640,0.084975,1844376,19860476,78
VV+VH,1,2.25,0.084975,0.999958,0.156639,0.084975,1844377,19860605,77
VV+VH,1,2.30,0.084975,0.999960,0.156638,0.084974,1844380,19860705,74
VV+VH,1,2.35,0.084974,0.999961,0.156638,0.084974,1844382,19860817,72
VV+VH,1,2.40,0.084974,0.999962,0.156637,0.084974,1844383,19860921,71
VV+VH,1,2.45,0.084974,0.999963,0.156637,0.084973,1844385,19861026,69
VV+VH,1,2.50,0.084973,0.999963,0.156636,0.084973,1844385,19861152,69
VV+VH,1,2.55,0.084973,0.999963,0.156635,0.084972,1844385,19861266,69
VV+VH,1,2.60,0.084972,0.999964,0.156635,0.084972,1844388,19861348,66
VV+VH,1,2.65,0.084972,0.999965,0.156634,0.084972,1844389,19861451,65
VV+VH,1,2.70,0.084972,0.999965,0.156633,0.084971,1844389,19861562,65
VV+VH,1,2.75,0.084971,0.999965,0.156633,0.084971,1844390,19861664,64
VV+VH,1,2.80,0.084971,0.999966,0.156632,0.084971,1844392,19861756,62
VV+VH,1,2.85,0.084971,0.999967,0.156632,0.084970,1844394,19861856,60
VV+VH,1,2.90,0.084970,0.999968,0.156631,0.084970,1844395,19861952,59
VV+VH,1,2.95,0.084970,0.999969,0.156631,0.084970,1844396,19862036,58
VV+VH,1,3.00,0.084970,0.999970,0.156630,0.084970,1844398,19862122,56
VV+VH,1,3.05,0.084970,0.999971,0.156630,0.084969,1844401,19862219,53
VV+VH,1,3.10,0.084969,0.999972,0.156629,0.084969,1844402,19862331,52
VV+VH,1,3.15,0.084969,0.999972,0.156629,0.084969,1844402,19862416,52
VV+VH,1,3.20,0.084969,0.999973,0.156628,0.084968,1844404,19862496,50
VV+VH,1,3.25,0.084968,0.999973,0.156628,0.084968,1844405,19862574,49
VV+VH,1,3.30,0.084968,0.999975,0.156627,0.084968,1844407,19862652,47
VV+VH,1,3.35,0.084968,0.999975,0.156627,0.084968,1844407,19862729,47
VV+VH,1,3.40,0.084968,0.999975,0.156627,0.084967,1844408,19862808,46
VV+VH,1,3.45,0.084967,0.999976,0.156626,0.084967,1844410,19862882,44
VV+VH,1,3.50,0.084967,0.999976,0.156626,0.084967,1844410,19862962,44
VV+VH,1,3.55,0.084967,0.999976,0.156625,0.084967,1844410,19863028,44
VV+VH,1,3.60,0.084966,0.999977,0.156625,0.084966,1844411,19863098,43
VV+VH,1,3.65,0.084966,0.999977,0.156624,0.084966,1844411,19863167,43
VV+VH,1,3.70,0.084966,0.999977,0.156624,0.084966,1844411,19863219,43
VV+VH,1,3.75,0.084966,0.999977,0.156624,0.084966,1844411,19863283,43
VV+VH,1,3.80,0.084966,0.999977,0.156623,0.084965,1844412,19863347,42
VV+VH,1,3.85,0.084965,0.999979,0.156623,0.084965,1844416,19863421,38
VV+VH,1,3.90,0.084965,0.999979,0.156623,0.084965,1844416,19863472,38
VV+VH,1,3.95,0.084965,0.999979,0.156622,0.084965,1844416,19863521,38
VV+VH,1,4.00,0.084965,0.999980,0.156622,0.084965,1844418,19863587,36
VV+VH,1,4.05,0.084965,0.999980,0.156622,0.084964,1844418,19863657,36
VV+VH,1,4.10,0.084964,0.999981,0.156621,0.084964,1844419,19863705,35
VV+VH,1,4.15,0.084964,0.999983,0.156621,0.084964,1844422,19863764,32
VV+VH,1,4.20,0.084964,0.999983,0.156621,0.084964,1844422,19863807,32
VV+VH,1,4.25,0.084964,0.999984,0.156621,0.084964,1844424,19863852,30
VV+VH,1,4.30,0.084964,0.999984,0.156620,0.084964,1844425,19863913,29
VV+VH,1,4.35,0.084964,0.999984,0.156620,0.084964,1844425,19863965,29
VV+VH,1,4.40,0.084964,0.999985,0.156620,0.084963,1844427,19864023,27
VV+VH,1,4.45,0.084964,0.999987,0.156620,0.084963,1844430,19864063,24
VV+VH,1,4.50,0.084963,0.999989,0.156620,0.084963,1844434,19864137,20
VV+VH,1,4.55,0.084963,0.999991,0.156620,0.084963,1844437,19864187,17
VV+VH,1,4.60,0.084963,0.999992,0.156619,0.084963,1844439,19864230,15
VV+VH,1,4.65,0.084963,0.999992,0.156619,0.084963,1844440,19864275,14
VV+VH,1,4.70,0.084963,0.999993,0.156619,0.084963,1844442,19864314,12
VV+VH,1,4.75,0.084963,0.999993,0.156619,0.084963,1844442,19864366,12
VV+VH,1,4.80,0.084963,0.999994,0.156619,0.084963,1844443,19864390,11
VV+VH,1,4.85,0.084963,0.999997,0.156619,0.084963,1844448,19864427,6
VV+VH,1,4.90,0.084963,0.999998,0.156619,0.084963,1844450,19864480,4
VV+VH,1,4.95,0.084963,0.999999,0.156619,0.084963,1844453,19864539,1
VV+VH,1,5.00,0.084963,1.000000,0.156618,0.084963,1844454,19864579,0
VV+VH,3,-44.95,0.000000,0.000000,0.000000,0.000000,0,2,1844478
VV+VH,3,-44.90,0.000000,0.000000,0.000000,0.000000,0,2,1844478
VV+VH,3,-44.85,0.000000,0.000000,0.000000,0.000000,0,2,1844478
VV+VH,3,-44.80,0.000000,0.000000,0.000000,0.000000,0,2,1844478
VV+VH,3,-44.75,0.000000,0.000000,0.000000,0.000000,0,2,1844478
VV+VH,3,-44.70,0.000000,0.000000,0.000000,0.000000,0,2,1844478
VV+VH,3,-44.65,0.000000,0.000000,0.000000,0.000000,0,2,1844478
VV+VH,3,-44.60,0.000000,0.000000,0.000000,0.000000,0,2,1844478
VV+VH,3,-44.55,0.000000,0.000000,0.000000,0.000000,0,2,1844478
VV+VH,3,-44.50,0.000000,0.000000,0.000000,0.000000,0,2,1844478
VV+VH,3,-44.45,0.000000,0.000000,0.000000,0.000000,0,2,1844478
VV+VH,3,-44.40,0.000000,0.000000,0.000000,0.000000,0,2,1844478
VV+VH,3,-44.35,0.000000,0.000000,0.000000,0.000000,0,2,1844478
VV+VH,3,-44.30,0.000000,0.000000,0.000000,0.000000,0,2,1844478
VV+VH,3,-44.25,0.000000,0.000000,0.000000,0.000000,0,2,1844478
VV+VH,3,-44.20,0.000000,0.000000,0.000000,0.000000,0,2,1844478
VV+VH,3,-44.15,0.000000,0.000000,0.000000,0.000000,0,2,1844478
VV+VH,3,-44.10,0.000000,0.000000,0.000000,0.000000,0,2,1844478
VV+VH,3,-44.05,0.000000,0.000000,0.000000,0.000000,0,2,1844478
VV+VH,3,-44.00,0.000000,0.000000,0.000000,0.000000,0,2,1844478
VV+VH,3,-43.95,0.000000,0.000000,0.000000,0.000000,0,2,1844478
VV+VH,3,-43.90,0.000000,0.000000,0.000000,0.000000,0,2,1844478
VV+VH,3,-43.85,0.000000,0.000000,0.000000,0.000000,0,2,1844478
VV+VH,3,-43.80,0.000000,0.000000,0.000000,0.000000,0,2,1844478
VV+VH,3,-43.75,0.000000,0.000000,0.000000,0.000000,0,2,1844478
VV+VH,3,-43.70,0.000000,0.000000,0.000000,0.000000,0,5,1844478
VV+VH,3,-43.65,0.000000,0.000000,0.000000,0.000000,0,5,1844478
VV+VH,3,-43.60,0.000000,0.000000,0.000000,0.000000,0,5,1844478
VV+VH,3,-43.55,0.000000,0.000000,0.000000,0.000000,0,5,1844478
VV+VH,3,-43.50,0.000000,0.000000,0.000000,0.000000,0,5,1844478
VV+VH,3,-43.45,0.000000,0.000000,0.000000,0.000000,0,5,1844478
VV+VH,3,-43.40,0.000000,0.000000,0.000000,0.000000,0,6,1844478
VV+VH,3,-43.35,0.000000,0.000000,0.000000,0.000000,0,6,1844478
VV+VH,3,-43.30,0.000000,0.000000,0.000000,0.000000,0,6,1844478
VV+VH,3,-43.25,0.000000,0.000000,0.000000,0.000000,0,6,1844478
VV+VH,3,-43.20,0.000000,0.000000,0.000000,0.000000,0,6,1844478
VV+VH,3,-43.15,0.000000,0.000000,0.000000,0.000000,0,6,1844478
VV+VH,3,-43.10,0.000000,0.000000,0.000000,0.000000,0,6,1844478
VV+VH,3,-43.05,0.000000,0.000000,0.000000,0.000000,0,11,1844478
VV+VH,3,-43.00,0.000000,0.000000,0.000000,0.000000,0,11,1844478
VV+VH,3,-42.95,0.000000,0.000000,0.000000,0.000000,0,11,1844478
VV+VH,3,-42.90,0.000000,0.000000,0.000000,0.000000,0,11,1844478
VV+VH,3,-42.85,0.000000,0.000000,0.000000,0.000000,0,11,1844478
VV+VH,3,-42.80,0.000000,0.000000,0.000000,0.000000,0,11,1844478
VV+VH,3,-42.75,0.000000,0.000000,0.000000,0.000000,0,11,1844478
VV+VH,3,-42.70,0.000000,0.000000,0.000000,0.000000,0,11,1844478
VV+VH,3,-42.65,0.000000,0.000000,0.000000,0.000000,0,11,1844478
VV+VH,3,-42.60,0.000000,0.000000,0.000000,0.000000,0,14,1844478
VV+VH,3,-42.55,0.000000,0.000000,0.000000,0.000000,0,14,1844478
VV+VH,3,-42.50,0.000000,0.000000,0.000000,0.000000,0,17,1844478
VV+VH,3,-42.45,0.000000,0.000000,0.000000,0.000000,0,17,1844478
VV+VH,3,-42.40,0.000000,0.000000,0.000000,0.000000,0,18,1844478
VV+VH,3,-42.35,0.000000,0.000000,0.000000,0.000000,0,22,1844478
VV+VH,3,-42.30,0.000000,0.000000,0.000000,0.000000,0,25,1844478
VV+VH,3,-42.25,0.000000,0.000000,0.000000,0.000000,0,27,1844478
VV+VH,3,-42.20,0.000000,0.000000,0.000000,0.000000,0,32,1844478
VV+VH,3,-42.15,0.000000,0.000000,0.000000,0.000000,0,34,1844478
VV+VH,3,-42.10,0.000000,0.000000,0.000000,0.000000,0,34,1844478
VV+VH,3,-42.05,0.000000,0.000000,0.000000,0.000000,0,34,1844478
VV+VH,3,-42.00,0.000000,0.000000,0.000000,0.000000,0,36,1844478
VV+VH,3,-41.95,0.000000,0.000000,0.000000,0.000000,0,41,1844478
VV+VH,3,-41.90,0.000000,0.000000,0.000000,0.000000,0,41,1844478
VV+VH,3,-41.85,0.000000,0.000000,0.000000,0.000000,0,45,1844478
VV+VH,3,-41.80,0.000000,0.000000,0.000000,0.000000,0,49,1844478
VV+VH,3,-41.75,0.000000,0.000000,0.000000,0.000000,0,51,1844478
VV+VH,3,-41.70,0.000000,0.000000,0.000000,0.000000,0,53,1844478
VV+VH,3,-41.65,0.000000,0.000000,0.000000,0.000000,0,59,1844478
VV+VH,3,-41.60,0.000000,0.000000,0.000000,0.000000,0,61,1844478
VV+VH,3,-41.55,0.000000,0.000000,0.000000,0.000000,0,63,1844478
VV+VH,3,-41.50,0.000000,0.000000,0.000000,0.000000,0,63,1844478
VV+VH,3,-41.45,0.000000,0.000000,0.000000,0.000000,0,70,1844478
VV+VH,3,-41.40,0.000000,0.000000,0.000000,0.000000,0,77,1844478
VV+VH,3,-41.35,0.000000,0.000000,0.000000,0.000000,0,77,1844478
VV+VH,3,-41.30,0.000000,0.000000,0.000000,0.000000,0,85,1844478
VV+VH,3,-41.25,0.000000,0.000000,0.000000,0.000000,0,88,1844478
VV+VH,3,-41.20,0.000000,0.000000,0.000000,0.000000,0,94,1844478
VV+VH,3,-41.15,0.000000,0.000000,0.000000,0.000000,0,96,1844478
VV+VH,3,-41.10,0.000000,0.000000,0.000000,0.000000,0,104,1844478
VV+VH,3,-41.05,0.000000,0.000000,0.000000,0.000000,0,110,1844478
VV+VH,3,-41.00,0.000000,0.000000,0.000000,0.000000,0,112,1844478
VV+VH,3,-40.95,0.000000,0.000000,0.000000,0.000000,0,118,1844478
VV+VH,3,-40.90,0.000000,0.000000,0.000000,0.000000,0,125,1844478
VV+VH,3,-40.85,0.000000,0.000000,0.000000,0.000000,0,129,1844478
VV+VH,3,-40.80,0.000000,0.000000,0.000000,0.000000,0,134,1844478
VV+VH,3,-40.75,0.000000,0.000000,0.000000,0.000000,0,142,1844478
VV+VH,3,-40.70,0.000000,0.000000,0.000000,0.000000,0,149,1844478
VV+VH,3,-40.65,0.000000,0.000000,0.000000,0.000000,0,159,1844478
VV+VH,3,-40.60,0.000000,0.000000,0.000000,0.000000,0,167,1844478
VV+VH,3,-40.55,0.000000,0.000000,0.000000,0.000000,0,174,1844478
VV+VH,3,-40.50,0.000000,0.000000,0.000000,0.000000,0,181,1844478
VV+VH,3,-40.45,0.000000,0.000000,0.000000,0.000000,0,191,1844478
VV+VH,3,-40.40,0.000000,0.000000,0.000000,0.000000,0,197,1844478
VV+VH,3,-40.35,0.000000,0.000000,0.000000,0.000000,0,204,1844478
VV+VH,3,-40.30,0.000000,0.000000,0.000000,0.000000,0,216,1844478
VV+VH,3,-40.25,0.000000,0.000000,0.000000,0.000000,0,223,1844478
VV+VH,3,-40.20,0.000000,0.000000,0.000000,0.000000,0,229,1844478
VV+VH,3,-40.15,0.000000,0.000000,0.000000,0.000000,0,238,1844478
VV+VH,3,-40.10,0.000000,0.000000,0.000000,0.000000,0,248,1844478
VV+VH,3,-40.05,0.000000,0.000000,0.000000,0.000000,0,257,1844478
VV+VH,3,-40.00,0.000000,0.000000,0.000000,0.000000,0,277,1844478
VV+VH,3,-39.95,0.000000,0.000000,0.000000,0.000000,0,291,1844478
VV+VH,3,-39.90,0.000000,0.000000,0.000000,0.000000,0,314,1844478
VV+VH,3,-39.85,0.000000,0.000000,0.000000,0.000000,0,331,1844478
VV+VH,3,-39.80,0.000000,0.000000,0.000000,0.000000,0,344,1844478
VV+VH,3,-39.75,0.000000,0.000000,0.000000,0.000000,0,358,1844478
VV+VH,3,-39.70,0.000000,0.000000,0.000000,0.000000,0,383,1844478
VV+VH,3,-39.65,0.000000,0.000000,0.000000,0.000000,0,412,1844478
VV+VH,3,-39.60,0.000000,0.000000,0.000000,0.000000,0,439,1844478
VV+VH,3,-39.55,0.000000,0.000000,0.000000,0.000000,0,458,1844478
VV+VH,3,-39.50,0.000000,0.000000,0.000000,0.000000,0,471,1844478
VV+VH,3,-39.45,0.000000,0.000000,0.000000,0.000000,0,501,1844478
VV+VH,3,-39.40,0.000000,0.000000,0.000000,0.000000,0,543,1844478
VV+VH,3,-39.35,0.000000,0.000000,0.000000,0.000000,0,579,1844478
VV+VH,3,-39.30,0.000000,0.000000,0.000000,0.000000,0,612,1844478
VV+VH,3,-39.25,0.000000,0.000000,0.000000,0.000000,0,648,1844478
VV+VH,3,-39.20,0.000000,0.000000,0.000000,0.000000,0,680,1844478
VV+VH,3,-39.15,0.000000,0.000000,0.000000,0.000000,0,709,1844478
VV+VH,3,-39.10,0.000000,0.000000,0.000000,0.000000,0,733,1844478
VV+VH,3,-39.05,0.000000,0.000000,0.000000,0.000000,0,757,1844478
VV+VH,3,-39.00,0.000000,0.000000,0.000000,0.000000,0,805,1844478
VV+VH,3,-38.95,0.000000,0.000000,0.000000,0.000000,0,842,1844478
VV+VH,3,-38.90,0.000000,0.000000,0.000000,0.000000,0,891,1844478
VV+VH,3,-38.85,0.000000,0.000000,0.000000,0.000000,0,947,1844478
VV+VH,3,-38.80,0.000000,0.000000,0.000000,0.000000,0,1003,1844478
VV+VH,3,-38.75,0.000000,0.000000,0.000000,0.000000,0,1069,1844478
VV+VH,3,-38.70,0.000000,0.000000,0.000000,0.000000,0,1117,1844478
VV+VH,3,-38.65,0.001699,0.000001,0.000002,0.000001,2,1175,1844476
VV+VH,3,-38.60,0.001621,0.000001,0.000002,0.000001,2,1232,1844476
VV+VH,3,-38.55,0.001547,0.000001,0.000002,0.000001,2,1291,1844476
VV+VH,3,-38.50,0.001446,0.000001,0.000002,0.000001,2,1381,1844476
VV+VH,3,-38.45,0.001358,0.000001,0.000002,0.000001,2,1471,1844476
VV+VH,3,-38.40,0.001307,0.000001,0.000002,0.000001,2,1528,1844476
VV+VH,3,-38.35,0.001236,0.000001,0.000002,0.000001,2,1616,1844476
VV+VH,3,-38.30,0.001171,0.000001,0.000002,0.000001,2,1706,1844476
VV+VH,3,-38.25,0.001115,0.000001,0.000002,0.000001,2,1791,1844476
VV+VH,3,-38.20,0.001031,0.000001,0.000002,0.000001,2,1937,1844476
VV+VH,3,-38.15,0.000980,0.000001,0.000002,0.000001,2,2038,1844476
VV+VH,3,-38.10,0.000928,0.000001,0.000002,0.000001,2,2154,1844476
VV+VH,3,-38.05,0.000887,0.000001,0.000002,0.000001,2,2252,1844476
VV+VH,3,-38.00,0.001275,0.000002,0.000003,0.000002,3,2350,1844475
VV+VH,3,-37.95,0.001214,0.000002,0.000003,0.000002,3,2468,1844475
VV+VH,3,-37.90,0.001164,0.000002,0.000003,0.000002,3,2575,1844475
VV+VH,3,-37.85,0.001493,0.000002,0.000004,0.000002,4,2676,1844474
VV+VH,3,-37.80,0.001407,0.000002,0.000004,0.000002,4,2839,1844474
VV+VH,3,-37.75,0.003006,0.000005,0.000010,0.000005,9,2985,1844469
VV+VH,3,-37.70,0.003456,0.000006,0.000012,0.000006,11,3172,1844467
VV+VH,3,-37.65,0.003292,0.000006,0.000012,0.000006,11,3330,1844467
VV+VH,3,-37.60,0.003129,0.000006,0.000012,0.000006,11,3504,1844467
VV+VH,3,-37.55,0.003510,0.000007,0.000014,0.000007,13,3691,1844465
VV+VH,3,-37.50,0.004344,0.000009,0.000018,0.000009,17,3896,1844461
VV+VH,3,-37.45,0.006248,0.000014,0.000028,0.000014,26,4135,1844452
VV+VH,3,-37.40,0.007526,0.000018,0.000036,0.000018,33,4352,1844445
VV+VH,3,-37.35,0.007976,0.000020,0.000040,0.000020,37,4602,1844441
VV+VH,3,-37.30,0.008552,0.000023,0.000045,0.000023,42,4869,1844436
VV+VH,3,-37.25,0.008699,0.000024,0.000049,0.000024,45,5128,1844433
VV+VH,3,-37.20,0.008945,0.000027,0.000053,0.000026,49,5429,1844429
VV+VH,3,-37.15,0.008822,0.000028,0.000055,0.000028,51,5730,1844427
VV+VH,3,-37.10,0.009580,0.000031,0.000063,0.000031,58,5996,1844420
VV+VH,3,-37.05,0.009692,0.000034,0.000067,0.000033,62,6335,1844416
VV+VH,3,-37.00,0.009996,0.000036,0.000072,0.000036,67,6636,1844411
VV+VH,3,-36.95,0.010174,0.000039,0.000078,0.000039,72,7005,1844406
VV+VH,3,-36.90,0.010361,0.000042,0.000083,0.000042,77,7355,1844401
VV+VH,3,-36.85,0.010536,0.000044,0.000089,0.000044,82,7701,1844396
VV+VH,3,-36.80,0.010975,0.000048,0.000096,0.000048,89,8020,1844389
VV+VH,3,-36.75,0.011116,0.000051,0.000101,0.000051,94,8362,1844384
VV+VH,3,-36.70,0.011787,0.000056,0.000112,0.000056,104,8719,1844374
VV+VH,3,-36.65,0.011940,0.000060,0.000119,0.000059,110,9103,1844368
VV+VH,3,-36.60,0.011799,0.000062,0.000123,0.000061,114,9548,1844364
VV+VH,3,-36.55,0.011921,0.000066,0.000130,0.000065,121,10029,1844357
VV+VH,3,-36.50,0.012322,0.000071,0.000141,0.000071,131,10500,1844347
VV+VH,3,-36.45,0.012032,0.000073,0.000144,0.000072,134,11003,1844344
VV+VH,3,-36.40,0.012465,0.000079,0.000156,0.000078,145,11488,1844333
VV+VH,3,-36.35,0.012397,0.000081,0.000162,0.000081,150,11950,1844328
VV+VH,3,-36.30,0.013338,0.000091,0.000181,0.000090,168,12428,1844310
VV+VH,3,-36.25,0.014239,0.000101,0.000200,0.000100,186,12877,1844292
VV+VH,3,-36.20,0.014504,0.000107,0.000212,0.000106,197,13385,1844281
VV+VH,3,-36.15,0.014899,0.000114,0.000226,0.000113,210,13885,1844268
VV+VH,3,-36.10,0.015628,0.000124,0.000246,0.000123,229,14424,1844249
VV+VH,3,-36.05,0.016336,0.000135,0.000268,0.000134,249,14993,1844229
VV+VH,3,-36.00,0.017284,0.000148,0.000294,0.000147,273,15522,1844205
VV+VH,3,-35.95,0.017188,0.000153,0.000303,0.000152,282,16125,1844196
VV+VH,3,-35.90,0.017314,0.000160,0.000317,0.000158,295,16743,1844183
VV+VH,3,-35.85,0.017863,0.000172,0.000342,0.000171,318,17484,1844160
VV+VH,3,-35.80,0.017863,0.000179,0.000354,0.000177,330,18144,1844148
VV+VH,3,-35.75,0.018621,0.000193,0.000382,0.000191,356,18762,1844122
VV+VH,3,-35.70,0.019636,0.000211,0.000418,0.000209,390,19471,1844088
VV+VH,3,-35.65,0.020280,0.000225,0.000445,0.000223,415,20049,1844063
VV+VH,3,-35.60,0.020685,0.000237,0.000470,0.000235,438,20737,1844040
VV+VH,3,-35.55,0.021979,0.000261,0.000515,0.000258,481,21404,1843997
VV+VH,3,-35.50,0.022874,0.000280,0.000554,0.000277,517,22085,1843961
VV+VH,3,-35.45,0.023966,0.000302,0.000596,0.000298,557,22684,1843921
VV+VH,3,-35.40,0.024305,0.000315,0.000622,0.000311,581,23324,1843897
VV+VH,3,-35.35,0.024582,0.000328,0.000647,0.000324,605,24007,1843873
VV+VH,3,-35.30,0.025636,0.000352,0.000694,0.000347,649,24667,1843829
VV+VH,3,-35.25,0.027009,0.000382,0.000753,0.000377,704,25361,1843774
VV+VH,3,-35.20,0.027510,0.000400,0.000789,0.000395,738,26089,1843740
VV+VH,3,-35.15,0.028556,0.000428,0.000844,0.000422,790,26875,1843688
VV+VH,3,-35.10,0.028895,0.000446,0.000878,0.000439,822,27626,1843656
VV+VH,3,-35.05,0.029343,0.000464,0.000913,0.000457,855,28283,1843623
VV+VH,3,-35.00,0.030018,0.000489,0.000962,0.000481,902,29147,1843576
VV+VH,3,-34.95,0.031011,0.000518,0.001020,0.000510,956,29872,1843522
VV+VH,3,-34.90,0.031655,0.000544,0.001070,0.000535,1004,30713,1843474
VV+VH,3,-34.85,0.032271,0.000569,0.001119,0.000560,1050,31487,1843428
VV+VH,3,-34.80,0.033310,0.000604,0.001186,0.000594,1114,32329,1843364
VV+VH,3,-34.75,0.034627,0.000644,0.001264,0.000632,1187,33093,1843291
VV+VH,3,-34.70,0.036582,0.000695,0.001364,0.000683,1282,33763,1843196
VV+VH,3,-34.65,0.037455,0.000729,0.001430,0.000715,1344,34539,1843134
VV+VH,3,-34.60,0.038559,0.000768,0.001506,0.000754,1417,35332,1843061
VV+VH,3,-34.55,0.039505,0.000805,0.001577,0.000789,1484,36081,1842994
VV+VH,3,-34.50,0.040326,0.000840,0.001646,0.000824,1550,36887,1842928
VV+VH,3,-34.45,0.041536,0.000884,0.001732,0.000867,1631,37636,1842847
VV+VH,3,-34.40,0.042380,0.000921,0.001803,0.000902,1699,38391,1842779
VV+VH,3,-34.35,0.043780,0.000972,0.001902,0.000952,1793,39162,1842685
VV+VH,3,-34.30,0.044954,0.001024,0.002003,0.001002,1889,40132,1842589
VV+VH,3,-34.25,0.046091,0.001072,0.002096,0.001049,1978,40937,1842500
VV+VH,3,-34.20,0.047427,0.001129,0.002206,0.001104,2083,41837,1842395
VV+VH,3,-34.15,0.048002,0.001168,0.002281,0.001142,2155,42739,1842323
VV+VH,3,-34.10,0.049209,0.001225,0.002390,0.001196,2259,43647,1842219
VV+VH,3,-34.05,0.049995,0.001270,0.002477,0.001240,2342,44503,1842136
VV+VH,3,-34.00,0.050605,0.001311,0.002556,0.001279,2418,45364,1842060
VV+VH,3,-33.95,0.051749,0.001369,0.002668,0.001336,2526,46287,1841952
VV+VH,3,-33.90,0.053097,0.001435,0.002795,0.001399,2647,47205,1841831
VV+VH,3,-33.85,0.054007,0.001489,0.002898,0.001451,2746,48099,1841732
VV+VH,3,-33.80,0.055372,0.001559,0.003033,0.001519,2876,49064,1841602
VV+VH,3,-33.75,0.056163,0.001617,0.003144,0.001574,2983,50130,1841495
VV+VH,3,-33.70,0.057336,0.001686,0.003275,0.001640,3109,51115,1841369
VV+VH,3,-33.65,0.058074,0.001742,0.003383,0.001695,3214,52129,1841264
VV+VH,3,-33.60,0.059324,0.001817,0.003527,0.001766,3352,53151,1841126
VV+VH,3,-33.55,0.060246,0.001882,0.003650,0.001828,3471,54143,1841007
VV+VH,3,-33.50,0.061266,0.001950,0.003779,0.001893,3596,55099,1840882
VV+VH,3,-33.45,0.062415,0.002026,0.003924,0.001966,3736,56121,1840742
VV+VH,3,-33.40,0.063471,0.002100,0.004065,0.002037,3873,57147,1840605
VV+VH,3,-33.35,0.064120,0.002164,0.004186,0.002098,3991,58252,1840487
VV+VH,3,-33.30,0.065317,0.002248,0.004347,0.002178,4147,59343,1840331
VV+VH,3,-33.25,0.066163,0.002322,0.004486,0.002248,4282,60437,1840196
VV+VH,3,-33.20,0.067417,0.002414,0.004662,0.002336,4453,61599,1840025
VV+VH,3,-33.15,0.069175,0.002530,0.004882,0.002447,4667,62800,1839811
VV+VH,3,-33.10,0.069796,0.002607,0.005026,0.002519,4808,64078,1839670
VV+VH,3,-33.05,0.070737,0.002692,0.005186,0.002600,4965,65225,1839513
VV+VH,3,-33.00,0.071552,0.002778,0.005348,0.002681,5124,66488,1839354
VV+VH,3,-32.95,0.072700,0.002876,0.005533,0.002774,5305,67666,1839173
VV+VH,3,-32.90,0.073272,0.002956,0.005683,0.002850,5453,68968,1839025
VV+VH,3,-32.85,0.074389,0.003059,0.005876,0.002947,5642,70203,1838836
VV+VH,3,-32.80,0.075025,0.003147,0.006040,0.003029,5804,71557,1838674
VV+VH,3,-32.75,0.075756,0.003237,0.006209,0.003114,5971,72848,1838507
VV+VH,3,-32.70,0.076676,0.003338,0.006398,0.003209,6157,74142,1838321
VV+VH,3,-32.65,0.077718,0.003444,0.006596,0.003309,6353,75391,1838125
VV+VH,3,-32.60,0.078479,0.003546,0.006785,0.003404,6540,76794,1837938
VV+VH,3,-32.55,0.079139,0.003642,0.006964,0.003494,6718,78171,1837760
VV+VH,3,-32.50,0.079661,0.003733,0.007131,0.003578,6885,79544,1837593
VV+VH,3,-32.45,0.080957,0.003866,0.007379,0.003703,7130,80941,1837348
VV+VH,3,-32.40,0.081613,0.003973,0.007578,0.003803,7329,82473,1837149
VV+VH,3,-32.35,0.082849,0.004105,0.007822,0.003926,7571,83812,1836907
VV+VH,3,-32.30,0.083360,0.004203,0.008003,0.004018,7753,85253,1836725
VV+VH,3,-32.25,0.084797,0.004354,0.008283,0.004159,8031,86677,1836447
VV+VH,3,-32.20,0.086272,0.004501,0.008556,0.004296,8302,87928,1836176
VV+VH,3,-32.15,0.087423,0.004641,0.008815,0.004427,8561,89365,1835917
VV+VH,3,-32.10,0.088634,0.004796,0.009100,0.004571,8847,90968,1835631
VV+VH,3,-32.05,0.090069,0.004962,0.009407,0.004725,9153,92469,1835325
VV+VH,3,-32.00,0.091095,0.005119,0.009692,0.004870,9441,94198,1835037
VV+VH,3,-31.95,0.092214,0.005281,0.009989,0.005020,9740,95884,1834738
VV+VH,3,-31.90,0.093602,0.005456,0.010311,0.005182,10064,97455,1834414
VV+VH,3,-31.85,0.095019,0.005640,0.010647,0.005352,10402,99071,1834076
VV+VH,3,-31.80,0.096513,0.005836,0.011006,0.005533,10764,100765,1833714
VV+VH,3,-31.75,0.097730,0.006011,0.011326,0.005695,11088,102368,1833390
VV+VH,3,-31.70,0.098797,0.006187,0.011645,0.005857,11412,104098,1833066
VV+VH,3,-31.65,0.099669,0.006357,0.011952,0.006012,11726,105924,1832752
VV+VH,3,-31.60,0.101102,0.006563,0.012327,0.006201,12106,107635,1832372
VV+VH,3,-31.55,0.102077,0.006743,0.012650,0.006365,12437,109402,1832041
VV+VH,3,-31.50,0.103480,0.006963,0.013049,0.006567,12844,111277,1831634
VV+VH,3,-31.45,0.105034,0.007201,0.013479,0.006785,13283,113181,1831195
VV+VH,3,-31.40,0.106190,0.007406,0.013846,0.006971,13660,114977,1830818
VV+VH,3,-31.35,0.107538,0.007640,0.014266,0.007184,14091,116942,1830387
VV+VH,3,-31.30,0.108840,0.007870,0.014679,0.007394,14516,118854,1829962
VV+VH,3,-31.25,0.110265,0.008125,0.015135,0.007625,14987,120931,1829491
VV+VH,3,-31.20,0.111978,0.008403,0.015633,0.007878,15499,122912,1828979
VV+VH,3,-31.15,0.113436,0.008675,0.016118,0.008124,16001,125056,1828477
VV+VH,3,-31.10,0.115215,0.008964,0.016634,0.008387,16534,126972,1827944
VV+VH,3,-31.05,0.117281,0.009281,0.017200,0.008675,17118,128839,1827360
VV+VH,3,-31.00,0.118444,0.009534,0.017647,0.008902,17585,130882,1826893
VV+VH,3,-30.95,0.120226,0.009847,0.018203,0.009185,18163,132911,1826315
VV+VH,3,-30.90,0.122118,0.010176,0.018787,0.009483,18770,134934,1825708
VV+VH,3,-30.85,0.123693,0.010484,0.019329,0.009759,19337,136993,1825141
VV+VH,3,-30.80,0.125442,0.010819,0.019920,0.010060,19955,139122,1824523
VV+VH,3,-30.75,0.127230,0.011166,0.020531,0.010372,20596,141284,1823882
VV+VH,3,-30.70,0.128832,0.011512,0.021135,0.010680,21233,143578,1823245
VV+VH,3,-30.65,0.130321,0.011860,0.021741,0.010990,21875,145980,1822603
VV+VH,3,-30.60,0.132463,0.012259,0.022441,0.011348,22611,148086,1821867
VV+VH,3,-30.55,0.134055,0.012617,0.023063,0.011666,23271,150322,1821207
VV+VH,3,-30.50,0.136130,0.013036,0.023794,0.012040,24045,152588,1820433
VV+VH,3,-30.45,0.137673,0.013409,0.024437,0.012370,24732,154911,1819746
VV+VH,3,-30.40,0.139987,0.013866,0.025232,0.012777,25575,157121,1818903
VV+VH,3,-30.35,0.141664,0.014276,0.025938,0.013140,26332,159544,1818146
VV+VH,3,-30.30,0.143353,0.014696,0.026660,0.013510,27107,161985,1817371
VV+VH,3,-30.25,0.145286,0.015160,0.027456,0.013919,27963,164506,1816515
VV+VH,3,-30.20,0.147386,0.015638,0.028276,0.014341,28844,166860,1815634
VV+VH,3,-30.15,0.149779,0.016172,0.029192,0.014812,29829,169324,1814649
VV+VH,3,-30.10,0.151781,0.016660,0.030024,0.015241,30729,171727,1813749
VV+VH,3,-30.05,0.154264,0.017231,0.031000,0.015744,31783,174247,1812695
VV+VH,3,-30.00,0.156474,0.017793,0.031952,0.016235,32818,176917,1811660
VV+VH,3,-29.95,0.158773,0.018349,0.032896,0.016723,33844,179316,1810634
VV+VH,3,-29.90,0.161064,0.018934,0.033885,0.017235,34924,181909,1809554
VV+VH,3,-29.85,0.163357,0.019523,0.034877,0.017748,36009,184422,1808469
VV+VH,3,-29.80,0.166253,0.020212,0.036043,0.018352,37281,186961,1807197
VV+VH,3,-29.75,0.168830,0.020869,0.037146,0.018924,38492,189501,1805986
VV+VH,3,-29.70,0.170983,0.021483,0.038170,0.019456,39625,192123,1804853
VV+VH,3,-29.65,0.173210,0.022112,0.039217,0.020001,40785,194680,1803693
VV+VH,3,-29.60,0.176182,0.022870,0.040485,0.020661,42184,197250,1802294
VV+VH,3,-29.55,0.178787,0.023601,0.041697,0.021293,43531,199948,1800947
VV+VH,3,-29.50,0.180948,0.024269,0.042797,0.021867,44763,202618,1799715
VV+VH,3,-29.45,0.183795,0.025071,0.044123,0.022559,46243,205358,1798235
VV+VH,3,-29.40,0.186213,0.025803,0.045325,0.023188,47593,207991,1796885
VV+VH,3,-29.35,0.189099,0.026642,0.046703,0.023910,49140,210724,1795338
VV+VH,3,-29.30,0.191941,0.027491,0.048093,0.024639,50706,213469,1793772
VV+VH,3,-29.25,0.194691,0.028338,0.049474,0.025364,52268,216199,1792210
VV+VH,3,-29.20,0.197489,0.029204,0.050883,0.026106,53866,218889,1790612
VV+VH,3,-29.15,0.200311,0.030093,0.052324,0.026865,55505,221589,1788973
VV+VH,3,-29.10,0.203800,0.031118,0.053992,0.027745,57396,224233,1787082
VV+VH,3,-29.05,0.206829,0.032100,0.055574,0.028581,59207,227054,1785271
VV+VH,3,-29.00,0.209686,0.033052,0.057102,0.029390,60963,229772,1783515
VV+VH,3,-28.95,0.212846,0.034097,0.058778,0.030279,62891,232585,1781587
VV+VH,3,-28.90,0.215970,0.035136,0.060440,0.031161,64808,235271,1779670
VV+VH,3,-28.85,0.218891,0.036178,0.062094,0.032042,66730,238125,1777748
VV+VH,3,-28.80,0.222182,0.037296,0.063870,0.032989,68791,240824,1775687
VV+VH,3,-28.75,0.225398,0.038420,0.065650,0.033939,70865,243534,1773613
VV+VH,3,-28.70,0.228962,0.039648,0.067592,0.034978,73130,246268,1771348
VV+VH,3,-28.65,0.232226,0.040859,0.069491,0.035996,75363,249162,1769115
VV+VH,3,-28.60,0.235691,0.042127,0.071479,0.037064,77703,251978,1766775
VV+VH,3,-28.55,0.239139,0.043406,0.073476,0.038139,80062,254731,1764416
VV+VH,3,-28.50,0.242362,0.044690,0.075464,0.039212,82429,257678,1762049
VV+VH,3,-28.45,0.245601,0.046027,0.077525,0.040325,84895,260767,1759583
VV+VH,3,-28.40,0.248941,0.047388,0.079620,0.041460,87406,263705,1757072
VV+VH,3,-28.35,0.252181,0.048794,0.081767,0.042626,89999,266883,1754479
VV+VH,3,-28.30,0.255530,0.050206,0.083923,0.043799,92604,269796,1751874
VV+VH,3,-28.25,0.258859,0.051654,0.086122,0.044999,95274,272780,1749204
VV+VH,3,-28.20,0.262667,0.053219,0.088506,0.046302,98161,275548,1746317
VV+VH,3,-28.15,0.266012,0.054769,0.090836,0.047579,101020,278738,1743458
VV+VH,3,-28.10,0.269131,0.056264,0.093070,0.048806,103777,281823,1740701
VV+VH,3,-28.05,0.272555,0.057860,0.095456,0.050120,106721,284837,1737757
VV+VH,3,-28.00,0.275859,0.059434,0.097798,0.051413,109625,287770,1734853
VV+VH,3,-27.95,0.279476,0.061138,0.100328,0.052813,112767,290728,1731711
VV+VH,3,-27.90,0.283155,0.062906,0.102942,0.054264,116029,293743,1728449
VV+VH,3,-27.85,0.286384,0.064571,0.105381,0.055621,119099,296773,1725379
VV+VH,3,-27.80,0.289843,0.066297,0.107912,0.057033,122284,299613,1722194
VV+VH,3,-27.75,0.293397,0.068112,0.110558,0.058514,125631,302563,1718847
VV+VH,3,-27.70,0.297053,0.070008,0.113311,0.060058,129128,305569,1715350
VV+VH,3,-27.65,0.300390,0.071847,0.115959,0.061548,132520,308640,1711958
VV+VH,3,-27.60,0.304029,0.073800,0.118769,0.063134,136122,311605,1708356
VV+VH,3,-27.55,0.307689,0.075778,0.121607,0.064740,139771,314489,1704707
VV+VH,3,-27.50,0.311388,0.077821,0.124522,0.066395,143539,317426,1700939
VV+VH,3,-27.45,0.314880,0.079838,0.127379,0.068022,147260,320410,1697218
VV+VH,3,-27.40,0.318377,0.081900,0.130285,0.069682,151062,323413,1693416
VV+VH,3,-27.35,0.321862,0.083987,0.133214,0.071360,154913,326389,1689565
VV+VH,3,-27.30,0.325530,0.086198,0.136304,0.073137,158991,329415,1685487
VV+VH,3,-27.25,0.329225,0.088435,0.139419,0.074933,163116,332338,1681362
VV+VH,3,-27.20,0.332888,0.090665,0.142515,0.076725,167230,335131,1677248
VV+VH,3,-27.15,0.336897,0.093102,0.145888,0.078683,171725,338000,1672753
VV+VH,3,-27.10,0.340679,0.095465,0.149139,0.080578,176084,340778,1668394
VV+VH,3,-27.05,0.344194,0.097827,0.152353,0.082458,180440,343799,1664038
VV+VH,3,-27.00,0.347432,0.100143,0.155473,0.084289,184712,346938,1659766
VV+VH,3,-26.95,0.350985,0.102569,0.158747,0.086217,189186,349829,1655292
VV+VH,3,-26.90,0.354595,0.105078,0.162116,0.088208,193814,352765,1650664
VV+VH,3,-26.85,0.358114,0.107563,0.165436,0.090177,198398,355610,1646080
VV+VH,3,-26.80,0.361719,0.110156,0.168882,0.092229,203181,358528,1641297
VV+VH,3,-26.75,0.365216,0.112735,0.172289,0.094265,207938,361418,1636540
VV+VH,3,-26.70,0.368752,0.115356,0.175737,0.096333,212772,364233,1631706
VV+VH,3,-26.65,0.371984,0.117940,0.179096,0.098355,217537,367265,1626941
VV+VH,3,-26.60,0.375359,0.120617,0.182568,0.100454,222476,370226,1622002
VV+VH,3,-26.55,0.378877,0.123411,0.186178,0.102644,227628,373169,1616850
VV+VH,3,-26.50,0.382222,0.126132,0.189673,0.104773,232648,376025,1611830
VV+VH,3,-26.45,0.385623,0.128902,0.193217,0.106940,237756,378795,1606722
VV+VH,3,-26.40,0.388886,0.131687,0.196749,0.109108,242893,381694,1601585
VV+VH,3,-26.35,0.392146,0.134482,0.200280,0.111284,248049,384493,1596429
VV+VH,3,-26.30,0.395455,0.137383,0.203922,0.113538,253400,387381,1591078
VV+VH,3,-26.25,0.398683,0.140281,0.207538,0.115784,258746,390256,1585732
VV+VH,3,-26.20,0.401754,0.143109,0.211043,0.117970,263962,393062,1580516
VV+VH,3,-26.15,0.404695,0.145930,0.214509,0.120140,269164,395939,1575314
VV+VH,3,-26.10,0.407700,0.148814,0.218042,0.122361,274485,398767,1569993
VV+VH,3,-26.05,0.410842,0.151796,0.221685,0.124660,279984,401504,1564494
VV+VH,3,-26.00,0.413855,0.154742,0.225259,0.126925,285419,404241,1559059
VV+VH,3,-25.95,0.417027,0.157820,0.228983,0.129295,291095,406930,1553383
VV+VH,3,-25.90,0.419948,0.160828,0.232583,0.131595,296644,409739,1547834
VV+VH,3,-25.85,0.422891,0.163818,0.236155,0.133886,302158,412347,1542320
VV+VH,3,-25.80,0.425646,0.166849,0.239728,0.136188,307750,415268,1536728
VV+VH,3,-25.75,0.428583,0.169907,0.243343,0.138526,313389,417832,1531089
VV+VH,3,-25.70,0.431621,0.173095,0.247095,0.140963,319269,420428,1525209
VV+VH,3,-25.65,0.434458,0.176215,0.250733,0.143336,325025,423091,1519453
VV+VH,3,-25.60,0.437114,0.179265,0.254257,0.145644,330650,425788,1513828
VV+VH,3,-25.55,0.439819,0.182351,0.257812,0.147982,336343,428387,1508135
VV+VH,3,-25.50,0.442498,0.185497,0.261410,0.150358,342146,431069,1502332
VV+VH,3,-25.45,0.445034,0.188517,0.264845,0.152635,347715,433607,1496763
VV+VH,3,-25.40,0.447787,0.191727,0.268495,0.155064,353637,436106,1490841
VV+VH,3,-25.35,0.450460,0.194990,0.272167,0.157520,359655,438762,1484823
VV+VH,3,-25.30,0.452951,0.198137,0.275682,0.159879,365460,441382,1479018
VV+VH,3,-25.25,0.455473,0.201288,0.279192,0.162245,371271,443861,1473207
VV+VH,3,-25.20,0.458146,0.204572,0.282847,0.164719,377329,446271,1467149
VV+VH,3,-25.15,0.460523,0.207735,0.286317,0.167077,383163,448854,1461315
VV+VH,3,-25.10,0.462669,0.210715,0.289556,0.169287,388659,451378,1455819
VV+VH,3,-25.05,0.464761,0.213691,0.292770,0.171488,394148,453918,1450330
VV+VH,3,-25.00,0.466903,0.216774,0.296082,0.173765,399834,456520,1444644
VV+VH,3,-24.95,0.468951,0.219836,0.299344,0.176017,405482,459176,1438996
VV+VH,3,-24.90,0.471085,0.222947,0.302658,0.178313,411221,461702,1433257
VV+VH,3,-24.85,0.473087,0.225945,0.305827,0.180517,416750,464167,1427728
VV+VH,3,-24.80,0.475081,0.229008,0.309044,0.182763,422400,466711,1422078
VV+VH,3,-24.75,0.477008,0.231989,0.312161,0.184947,427899,469149,1416579
VV+VH,3,-24.70,0.478871,0.234986,0.315268,0.187132,433427,471675,1411051
VV+VH,3,-24.65,0.480748,0.238054,0.318430,0.189364,439085,474253,1405393
VV+VH,3,-24.60,0.482539,0.241041,0.321490,0.191533,444595,476771,1399883
VV+VH,3,-24.55,0.484347,0.244040,0.324553,0.193711,450127,479222,1394351
VV+VH,3,-24.50,0.486115,0.247061,0.327616,0.195898,455699,481732,1388779
VV+VH,3,-24.45,0.487793,0.250040,0.330611,0.198043,461193,484276,1383285
VV+VH,3,-24.40,0.489407,0.253009,0.333572,0.200172,466670,486872,1377808
VV+VH,3,-24.35,0.491125,0.256028,0.336589,0.202349,472238,489305,1372240
VV+VH,3,-24.30,0.492669,0.258964,0.339484,0.204445,477654,491870,1366824
VV+VH,3,-24.25,0.494279,0.262010,0.342478,0.206620,483272,494460,1361206
VV+VH,3,-24.20,0.495788,0.264959,0.345354,0.208718,488711,497014,1355767
VV+VH,3,-24.15,0.497295,0.267953,0.348258,0.210843,494234,499611,1350244
VV+VH,3,-24.10,0.498591,0.270835,0.351004,0.212859,499549,502373,1344929
VV+VH,3,-24.05,0.500023,0.273792,0.353838,0.214947,505004,504957,1339474
VV+VH,3,-24.00,0.501206,0.276572,0.356450,0.216878,510131,507676,1334347
VV+VH,3,-23.95,0.502384,0.279333,0.359036,0.218796,515223,510334,1329255
VV+VH,3,-23.90,0.503553,0.282149,0.361656,0.220745,520417,513074,1324061
VV+VH,3,-23.85,0.504705,0.284955,0.364253,0.222683,525593,515794,1318885
VV+VH,3,-23.80,0.505768,0.287673,0.366746,0.224550,530607,518505,1313871
VV+VH,3,-23.75,0.506886,0.290523,0.369351,0.226506,535863,521304,1308615
VV+VH,3,-23.70,0.507900,0.293306,0.371865,0.228399,540996,524166,1303482
VV+VH,3,-23.65,0.508789,0.296004,0.374266,0.230214,545972,527110,1298506
VV+VH,3,-23.60,0.509762,0.298756,0.376725,0.232077,551048,529943,1293430
VV+VH,3,-23.55,0.510641,0.301464,0.379113,0.233893,556044,532869,1288434
VV+VH,3,-23.50,0.511408,0.304126,0.381425,0.235655,560953,535926,1283525
VV+VH,3,-23.45,0.512201,0.306809,0.383751,0.237433,565902,538941,1278576
VV+VH,3,-23.40,0.512968,0.309450,0.386027,0.239178,570773,541915,1273705
VV+VH,3,-23.35,0.513764,0.312169,0.388363,0.240975,575788,544936,1268690
VV+VH,3,-23.30,0.514421,0.314821,0.390599,0.242699,580681,548123,1263797
VV+VH,3,-23.25,0.515114,0.317524,0.392874,0.244458,585666,551298,1258812
VV+VH,3,-23.20,0.515726,0.320198,0.395095,0.246180,590599,554580,1253879
VV+VH,3,-23.15,0.516277,0.322824,0.397251,0.247856,595442,557896,1249036
VV+VH,3,-23.10,0.516663,0.325370,0.399287,0.249443,600137,561426,1244341
VV+VH,3,-23.05,0.517146,0.327966,0.401382,0.251081,604926,564813,1239552
VV+VH,3,-23.00,0.517559,0.330537,0.403427,0.252683,609668,568301,1234810
VV+VH,3,-22.95,0.517978,0.333156,0.405500,0.254312,614499,571842,1229979
VV+VH,3,-22.90,0.518316,0.335769,0.407534,0.255914,619318,575547,1225160
VV+VH,3,-22.85,0.518584,0.338235,0.409429,0.257410,623867,579154,1220611
VV+VH,3,-22.80,0.518776,0.340827,0.411382,0.258956,628647,583143,1215831
VV+VH,3,-22.75,0.518992,0.343387,0.413310,0.260486,633370,587016,1211108
VV+VH,3,-22.70,0.519151,0.345882,0.415163,0.261960,637971,590902,1206507
VV+VH,3,-22.65,0.519245,0.348422,0.417018,0.263438,642657,595019,1201821
VV+VH,3,-22.60,0.519299,0.350826,0.418752,0.264824,647090,598993,1197388
VV+VH,3,-22.55,0.519411,0.353365,0.420593,0.266298,651774,603059,1192704
VV+VH,3,-22.50,0.519358,0.355894,0.422362,0.267718,656439,607503,1188039
VV+VH,3,-22.45,0.519337,0.358426,0.424132,0.269142,661109,611878,1183369
VV+VH,3,-22.40,0.519273,0.360973,0.425889,0.270558,665807,616384,1178671
VV+VH,3,-22.35,0.519240,0.363570,0.427680,0.272005,670596,620900,1173882
VV+VH,3,-22.30,0.519024,0.366149,0.429385,0.273387,675353,625844,1169125
VV+VH,3,-22.25,0.518847,0.368694,0.431069,0.274754,680048,630642,1164430
VV+VH,3,-22.20,0.518593,0.371246,0.432720,0.276096,684755,635654,1159723
VV+VH,3,-22.15,0.518329,0.373757,0.434328,0.277407,689386,640631,1155092
VV+VH,3,-22.10,0.518104,0.376383,0.436016,0.278786,694230,645713,1150248
VV+VH,3,-22.05,0.517628,0.378892,0.437525,0.280021,698858,651258,1145620
VV+VH,3,-22.00,0.517269,0.381468,0.439109,0.281319,703610,656629,1140868
VV+VH,3,-21.95,0.516865,0.384039,0.440660,0.282594,708351,662125,1136127
VV+VH,3,-21.90,0.516471,0.386604,0.442200,0.283862,713082,667599,1131396
VV+VH,3,-21.85,0.515949,0.389110,0.443642,0.285051,717705,673334,1126773
VV+VH,3,-21.80,0.515471,0.391683,0.445131,0.286282,722451,679086,1122027
VV+VH,3,-21.75,0.514767,0.394155,0.446459,0.287381,727011,685300,1117467
VV+VH,3,-21.70,0.514197,0.396782,0.447923,0.288596,731855,691441,1112623
VV+VH,3,-21.65,0.513806,0.399621,0.449576,0.289970,737092,697481,1107386
VV+VH,3,-21.60,0.513205,0.402272,0.451017,0.291170,741981,703797,1102497
VV+VH,3,-21.55,0.512585,0.404922,0.452436,0.292354,746869,710195,1097609
VV+VH,3,-21.50,0.511881,0.407517,0.453776,0.293474,751657,716763,1092821
VV+VH,3,-21.45,0.511048,0.410107,0.455047,0.294538,756433,723728,1088045
VV+VH,3,-21.40,0.510197,0.412740,0.456323,0.295608,761290,730858,1083188
VV+VH,3,-21.35,0.509311,0.415479,0.457635,0.296710,766342,738321,1078136
VV+VH,3,-21.30,0.508320,0.418133,0.458837,0.297721,771237,745991,1073241
VV+VH,3,-21.25,0.507442,0.420801,0.460078,0.298767,776159,753393,1068319
VV+VH,3,-21.20,0.506459,0.423505,0.461282,0.299783,781146,761223,1063332
VV+VH,3,-21.15,0.505392,0.426114,0.462379,0.300711,785957,769185,1058521
VV+VH,3,-21.10,0.504447,0.428914,0.463624,0.301765,791122,777173,1053356
VV+VH,3,-21.05,0.503247,0.431629,0.464695,0.302673,796131,785856,1048347
VV+VH,3,-21.00,0.502011,0.434236,0.465670,0.303501,800938,794520,1043540
VV+VH,3,-20.95,0.500847,0.436969,0.466733,0.304404,805980,803253,1038498
VV+VH,3,-20.90,0.499602,0.439658,0.467717,0.305242,810940,812232,1033538
VV+VH,3,-20.85,0.498301,0.442293,0.468629,0.306020,815799,821361,1028679
VV+VH,3,-20.80,0.496971,0.445022,0.469564,0.306817,820834,830840,1023644
VV+VH,3,-20.75,0.495556,0.447743,0.470438,0.307564,825852,840665,1018626
VV+VH,3,-20.70,0.494169,0.450436,0.471290,0.308293,830819,850424,1013659
VV+VH,3,-20.65,0.492657,0.453088,0.472044,0.308939,835710,860623,1008768
VV+VH,3,-20.60,0.491125,0.455767,0.472786,0.309574,840653,871036,1003825
VV+VH,3,-20.55,0.489506,0.458403,0.473444,0.310139,845514,881767,998964
VV+VH,3,-20.50,0.487907,0.461023,0.474084,0.310688,850347,892499,994131
VV+VH,3,-20.45,0.486352,0.463833,0.474826,0.311325,855529,903544,988949
VV+VH,3,-20.40,0.484716,0.466557,0.475463,0.311874,860555,914825,983923
VV+VH,3,-20.35,0.483060,0.469342,0.476102,0.312424,865691,926409,978787
VV+VH,3,-20.30,0.481261,0.472051,0.476611,0.312863,870687,938491,973791
VV+VH,3,-20.25,0.479447,0.474847,0.477136,0.313315,875845,950936,968633
VV+VH,3,-20.20,0.477573,0.477541,0.477557,0.313678,880813,963541,963665
VV+VH,3,-20.15,0.475779,0.480236,0.477997,0.314058,885785,975973,958693
VV+VH,3,-20.10,0.473996,0.483020,0.478465,0.314462,890919,988672,953559
VV+VH,3,-20.05,0.472235,0.485904,0.478972,0.314900,896239,1001629,948239
VV+VH,3,-20.00,0.470366,0.488701,0.479358,0.315234,901398,1014978,943080
VV+VH,3,-19.95,0.468505,0.491479,0.479717,0.315545,906523,1028406,937955
VV+VH,3,-19.90,0.466586,0.494301,0.480044,0.315828,911728,1042311,932750
VV+VH,3,-19.85,0.464590,0.497127,0.480308,0.316056,916940,1056714,927538
VV+VH,3,-19.80,0.462555,0.499843,0.480477,0.316202,921950,1071217,922528
VV+VH,3,-19.75,0.460494,0.502615,0.480634,0.316338,927062,1086126,917416
VV+VH,3,-19.70,0.458435,0.505426,0.480785,0.316469,932247,1101296,912231
VV+VH,3,-19.65,0.456336,0.508244,0.480893,0.316563,937445,1116841,907033
VV+VH,3,-19.60,0.454125,0.510977,0.480876,0.316549,942486,1132904,901992
VV+VH,3,-19.55,0.452085,0.513739,0.480944,0.316607,947581,1148444,896897
VV+VH,3,-19.50,0.449912,0.516559,0.480938,0.316602,952781,1164922,891697
VV+VH,3,-19.45,0.447714,0.519372,0.480888,0.316559,957971,1181724,886507
VV+VH,3,-19.40,0.445540,0.522210,0.480838,0.316515,963205,1198675,881273
VV+VH,3,-19.35,0.443360,0.525095,0.480778,0.316463,968526,1215989,875952
VV+VH,3,-19.30,0.441126,0.527906,0.480630,0.316335,973711,1233620,870767
VV+VH,3,-19.25,0.438967,0.530727,0.480506,0.316228,978915,1251125,865563
VV+VH,3,-19.20,0.436597,0.533469,0.480196,0.315959,983971,1269755,860507
VV+VH,3,-19.15,0.434397,0.536262,0.479984,0.315776,989124,1287882,855354
VV+VH,3,-19.10,0.432157,0.539048,0.479721,0.315548,994263,1306434,850215
VV+VH,3,-19.05,0.429919,0.541780,0.479411,0.315280,999302,1325093,845176
VV+VH,3,-19.00,0.427636,0.544580,0.479075,0.314989,1004466,1344414,840012
VV+VH,3,-18.95,0.425335,0.547349,0.478690,0.314656,1009574,1364021,834904
VV+VH,3,-18.90,0.423022,0.550147,0.478282,0.314304,1014734,1384038,829744
VV+VH,3,-18.85,0.420756,0.553056,0.477919,0.313991,1020100,1404346,824378
VV+VH,3,-18.80,0.418497,0.555950,0.477529,0.313654,1025437,1424849,819041
VV+VH,3,-18.75,0.416319,0.558818,0.477157,0.313333,1030728,1445086,813750
VV+VH,3,-18.70,0.414149,0.561673,0.476760,0.312990,1035993,1465506,808485
VV+VH,3,-18.65,0.411882,0.564464,0.476250,0.312552,1041141,1486623,803337
VV+VH,3,-18.60,0.409655,0.567307,0.475761,0.312130,1046386,1507923,798092
VV+VH,3,-18.55,0.407398,0.570117,0.475214,0.311660,1051569,1529614,792909
VV+VH,3,-18.50,0.405166,0.573015,0.474690,0.311209,1056913,1551677,787565
VV+VH,3,-18.45,0.403008,0.575959,0.474206,0.310793,1062344,1573694,782134
VV+VH,3,-18.40,0.400749,0.578897,0.473625,0.310294,1067763,1596654,776715
VV+VH,3,-18.35,0.398537,0.581776,0.473031,0.309784,1073073,1619459,771405
VV+VH,3,-18.30,0.396315,0.584686,0.472415,0.309256,1078440,1642728,766038
VV+VH,3,-18.25,0.393998,0.587555,0.471693,0.308637,1083733,1666871,760745
VV+VH,3,-18.20,0.391799,0.590454,0.471038,0.308077,1089079,1690610,755399
VV+VH,3,-18.15,0.389615,0.593410,0.470387,0.307521,1094531,1714735,749947
VV+VH,3,-18.10,0.387512,0.596460,0.469801,0.307019,1100157,1738868,744321
VV+VH,3,-18.05,0.385329,0.599386,0.469091,0.306414,1105554,1763565,738924
VV+VH,3,-18.00,0.383172,0.602349,0.468388,0.305814,1111020,1788513,733458
VV+VH,3,-17.95,0.381031,0.605333,0.467679,0.305209,1116524,1813744,727954
VV+VH,3,-17.90,0.378977,0.608354,0.467021,0.304649,1122096,1838758,722382
VV+VH,3,-17.85,0.376851,0.611428,0.466300,0.304036,1127765,1864840,716713
VV+VH,3,-17.80,0.374681,0.614309,0.465465,0.303326,1133080,1891039,711398
VV+VH,3,-17.75,0.372543,0.617254,0.464648,0.302633,1138511,1917539,705967
VV+VH,3,-17.70,0.370451,0.620244,0.463856,0.301961,1144027,1944177,700451
VV+VH,3,-17.65,0.368381,0.623191,0.463046,0.301275,1149463,1970845,695015
VV+VH,3,-17.60,0.366260,0.626133,0.462171,0.300534,1154888,1998303,689590
VV+VH,3,-17.55,0.364176,0.629110,0.461310,0.299807,1160379,2025939,684099
VV+VH,3,-17.50,0.362088,0.632150,0.460441,0.299073,1165987,2054189,678491
VV+VH,3,-17.45,0.360094,0.635217,0.459631,0.298390,1171643,2082072,672835
VV+VH,3,-17.40,0.358009,0.638264,0.458718,0.297621,1177263,2111100,667215
VV+VH,3,-17.35,0.355913,0.641307,0.457771,0.296824,1182876,2140626,661602
VV+VH,3,-17.30,0.353794,0.644268,0.456762,0.295976,1188339,2170501,656139
VV+VH,3,-17.25,0.351678,0.647281,0.455743,0.295121,1193896,2200964,650582
VV+VH,3,-17.20,0.349647,0.650458,0.454814,0.294342,1199756,2231577,644722
VV+VH,3,-17.15,0.347610,0.653738,0.453880,0.293560,1205805,2263042,638673
VV+VH,3,-17.10,0.345470,0.656871,0.452798,0.292656,1211585,2295479,632893
VV+VH,3,-17.05,0.343378,0.660050,0.451745,0.291777,1217447,2328052,627031
VV+VH,3,-17.00,0.341252,0.663256,0.450643,0.290858,1223361,2361562,621117
VV+VH,3,-16.95,0.339122,0.666412,0.449503,0.289909,1229182,2395417,615296
VV+VH,3,-16.90,0.336996,0.669616,0.448351,0.288951,1235092,2429918,609386
VV+VH,3,-16.85,0.334851,0.672694,0.447131,0.287938,1240769,2464668,603709
VV+VH,3,-16.80,0.332676,0.675831,0.445873,0.286896,1246556,2500497,597922
VV+VH,3,-16.75,0.330474,0.678865,0.444543,0.285796,1252151,2536799,592327
VV+VH,3,-16.70,0.328228,0.681983,0.443166,0.284659,1257903,2574506,586575
VV+VH,3,-16.65,0.326030,0.685236,0.441837,0.283563,1263903,2612741,580575
VV+VH,3,-16.60,0.323839,0.688438,0.440478,0.282444,1269809,2651306,574669
VV+VH,3,-16.55,0.321619,0.691687,0.439077,0.281293,1275802,2691010,568676
VV+VH,3,-16.50,0.319283,0.694826,0.437519,0.280016,1281592,2732380,562886
VV+VH,3,-16.45,0.316995,0.698059,0.435999,0.278771,1287555,2774202,556923
VV+VH,3,-16.40,0.314619,0.701177,0.434346,0.277422,1293306,2817397,551172
VV+VH,3,-16.35,0.312244,0.704280,0.432665,0.276051,1299029,2861276,545449
VV+VH,3,-16.30,0.309918,0.707487,0.431024,0.274717,1304945,2905668,539533
VV+VH,3,-16.25,0.307548,0.710830,0.429339,0.273349,1311111,2951997,533367
VV+VH,3,-16.20,0.305208,0.714063,0.427635,0.271969,1317074,2998255,527404
VV+VH,3,-16.15,0.302846,0.717392,0.425899,0.270566,1323214,3046055,521264
VV+VH,3,-16.10,0.300429,0.720624,0.424065,0.269088,1329175,3095075,515303
VV+VH,3,-16.05,0.297994,0.723829,0.422180,0.267572,1335087,3145158,509391
VV+VH,3,-16.00,0.295585,0.727160,0.420316,0.266076,1341230,3196307,503248
VV+VH,3,-15.95,0.293136,0.730436,0.418372,0.264520,1347273,3248798,497205
VV+VH,3,-15.90,0.290639,0.733656,0.416343,0.262900,1353213,3302783,491265
VV+VH,3,-15.85,0.288132,0.736900,0.414279,0.261256,1359196,3358069,485282
VV+VH,3,-15.80,0.285616,0.740208,0.412186,0.259594,1365297,3414884,479181
VV+VH,3,-15.75,0.283088,0.743533,0.410055,0.257905,1371431,3473109,473047
VV+VH,3,-15.70,0.280587,0.746876,0.407924,0.256222,1377596,3532102,466882
VV+VH,3,-15.65,0.278017,0.750207,0.405690,0.254461,1383740,3593442,460738
VV+VH,3,-15.60,0.275445,0.753569,0.403428,0.252684,1389942,3656229,454536
VV+VH,3,-15.55,0.272876,0.756867,0.401131,0.250884,1396024,3719937,448454
VV+VH,3,-15.50,0.270269,0.760206,0.398768,0.249038,1402184,3785926,442294
VV+VH,3,-15.45,0.267689,0.763574,0.396408,0.247200,1408395,3852910,436083
VV+VH,3,-15.40,0.265104,0.766890,0.394005,0.245334,1414511,3921179,429967
VV+VH,3,-15.35,0.262494,0.770177,0.391542,0.243427,1420574,3991257,423904
VV+VH,3,-15.30,0.259917,0.773555,0.389097,0.241539,1426806,4062660,417672
VV+VH,3,-15.25,0.257290,0.776804,0.386549,0.239579,1432797,4136002,411681
VV+VH,3,-15.20,0.254646,0.780086,0.383956,0.237590,1438851,4211551,405627
VV+VH,3,-15.15,0.252033,0.783296,0.381360,0.235605,1444773,4287696,399705
VV+VH,3,-15.10,0.249398,0.786543,0.378713,0.233588,1450762,4366301,393716
VV+VH,3,-15.05,0.246771,0.789761,0.376043,0.231559,1456696,4446330,387782
VV+VH,3,-15.00,0.244142,0.793042,0.373347,0.229519,1462748,4528631,381730
VV+VH,3,-14.95,0.241536,0.796328,0.370649,0.227483,1468810,4612317,375668
VV+VH,3,-14.90,0.238893,0.799571,0.367875,0.225396,1474792,4698638,369686
VV+VH,3,-14.85,0.236284,0.802887,0.365117,0.223329,1480907,4786576,363571
VV+VH,3,-14.80,0.233678,0.806138,0.362327,0.221245,1486903,4876130,357575
VV+VH,3,-14.75,0.231086,0.809354,0.359521,0.219156,1492835,4967259,351643
VV+VH,3,-14.70,0.228521,0.812540,0.356718,0.217076,1498712,5059602,345766
VV+VH,3,-14.65,0.225935,0.815698,0.353857,0.214962,1504537,5154621,339941
VV+VH,3,-14.60,0.223353,0.818893,0.350977,0.212839,1510430,5252091,334048
VV+VH,3,-14.55,0.220779,0.822091,0.348078,0.210711,1516328,5351760,328150
VV+VH,3,-14.50,0.218232,0.825156,0.345175,0.208587,1521982,5452156,322496
VV+VH,3,-14.45,0.215702,0.828220,0.342265,0.206466,1527634,5554500,316844
VV+VH,3,-14.40,0.213178,0.831348,0.339340,0.204341,1533403,5659675,311075
VV+VH,3,-14.35,0.210665,0.834374,0.336396,0.202209,1538985,5766371,305493
VV+VH,3,-14.30,0.208150,0.837337,0.333417,0.200060,1544449,5875451,300029
VV+VH,3,-14.25,0.205691,0.840367,0.330490,0.197956,1550038,5985730,294440
VV+VH,3,-14.20,0.203233,0.843360,0.327536,0.195841,1555559,6098510,288919
VV+VH,3,-14.15,0.200804,0.846327,0.324593,0.193740,1561031,6212883,283447
VV+VH,3,-14.10,0.198424,0.849281,0.321689,0.191674,1566480,6328138,277998
VV+VH,3,-14.05,0.196014,0.852206,0.318720,0.189570,1571876,6447315,272602
VV+VH,3,-14.00,0.193642,0.855164,0.315779,0.187493,1577332,6568280,267146
VV+VH,3,-13.95,0.191303,0.858094,0.312858,0.185437,1582735,6690698,261743
VV+VH,3,-13.90,0.189001,0.861046,0.309965,0.183407,1588181,6814839,256297
VV+VH,3,-13.85,0.186736,0.864007,0.307099,0.181404,1593641,6940568,250837
VV+VH,3,-13.80,0.184498,0.866849,0.304242,0.179413,1598884,7067257,245594
VV+VH,3,-13.75,0.182283,0.869722,0.301397,0.177438,1604183,7196328,240295
VV+VH,3,-13.70,0.180081,0.872487,0.298543,0.175463,1609283,7327142,235195
VV+VH,3,-13.65,0.177900,0.875194,0.295694,0.173498,1614276,7459799,230202
VV+VH,3,-13.60,0.175754,0.877831,0.292872,0.171558,1619140,7593375,225338
VV+VH,3,-13.55,0.173632,0.880553,0.290068,0.169637,1624161,7729859,220317
VV+VH,3,-13.50,0.171519,0.883139,0.287250,0.167713,1628931,7868155,215547
VV+VH,3,-13.45,0.169457,0.885682,0.284484,0.165830,1633621,8006684,210857
VV+VH,3,-13.40,0.167433,0.888312,0.281759,0.163981,1638472,8147363,206006
VV+VH,3,-13.35,0.165431,0.890818,0.279042,0.162143,1643095,8289108,201383
VV+VH,3,-13.30,0.163451,0.893316,0.276340,0.160321,1647701,8433003,196777
VV+VH,3,-13.25,0.161506,0.895771,0.273670,0.158527,1652230,8577919,192248
VV+VH,3,-13.20,0.159587,0.898192,0.271020,0.156751,1656696,8724458,187782
VV+VH,3,-13.15,0.157725,0.900608,0.268437,0.155026,1661151,8870817,183327
VV+VH,3,-13.10,0.155882,0.903063,0.265871,0.153317,1665680,9019828,178798
VV+VH,3,-13.05,0.154063,0.905466,0.263322,0.151624,1670113,9170363,174365
VV+VH,3,-13.00,0.152277,0.907811,0.260806,0.149958,1674438,9321574,170040
VV+VH,3,-12.95,0.150529,0.910164,0.258332,0.148325,1678778,9473777,165700
VV+VH,3,-12.90,0.148790,0.912439,0.255857,0.146695,1682973,9628102,161505
VV+VH,3,-12.85,0.147103,0.914747,0.253449,0.145114,1687231,9782458,157247
VV+VH,3,-12.80,0.145438,0.916928,0.251055,0.143547,1691253,9937430,153225
VV+VH,3,-12.75,0.143798,0.919111,0.248687,0.142001,1695280,10094069,149198
VV+VH,3,-12.70,0.142206,0.921325,0.246382,0.140499,1699363,10250677,145115
VV+VH,3,-12.65,0.140612,0.923417,0.244060,0.138991,1703223,10409699,141255
VV+VH,3,-12.60,0.139053,0.925402,0.241776,0.137511,1706883,10568195,137595
VV+VH,3,-12.55,0.137542,0.927475,0.239559,0.136079,1710708,10726974,133770
VV+VH,3,-12.50,0.136060,0.929500,0.237373,0.134670,1714443,10886203,130035
VV+VH,3,-12.45,0.134592,0.931403,0.235197,0.133271,1717952,11046161,126526
VV+VH,3,-12.40,0.133163,0.933350,0.233072,0.131908,1721544,11206594,122934
VV+VH,3,-12.35,0.131756,0.935259,0.230973,0.130565,1725065,11367812,119413
VV+VH,3,-12.30,0.130381,0.937078,0.228912,0.129250,1728419,11528253,116059
VV+VH,3,-12.25,0.129034,0.938905,0.226887,0.127960,1731789,11689378,112689
VV+VH,3,-12.20,0.127730,0.940747,0.224922,0.126711,1735188,11849609,109290
VV+VH,3,-12.15,0.126443,0.942545,0.222973,0.125476,1738504,12010840,105974
VV+VH,3,-12.10,0.125190,0.944268,0.221071,0.124272,1741681,12170585,102797
VV+VH,3,-12.05,0.123962,0.945987,0.219199,0.123090,1744852,12330893,99626
VV+VH,3,-12.00,0.122759,0.947636,0.217360,0.121932,1747893,12490541,96585
VV+VH,3,-11.95,0.121570,0.949254,0.215536,0.120785,1750878,12651366,93600
VV+VH,3,-11.90,0.120427,0.950900,0.213780,0.119683,1753914,12810202,90564
VV+VH,3,-11.85,0.119310,0.952480,0.212057,0.118604,1756829,12968123,87649
VV+VH,3,-11.80,0.118207,0.953948,0.210349,0.117536,1759536,13125697,84942
VV+VH,3,-11.75,0.117130,0.955399,0.208676,0.116493,1762213,13282735,82265
VV+VH,3,-11.70,0.116067,0.956820,0.207022,0.115462,1764834,13440449,79644
VV+VH,3,-11.65,0.115045,0.958282,0.205428,0.114472,1767530,13596241,76948
VV+VH,3,-11.60,0.114053,0.959730,0.203878,0.113510,1770200,13750607,74278
VV+VH,3,-11.55,0.113088,0.961104,0.202365,0.112573,1772735,13902964,71743
VV+VH,3,-11.50,0.112145,0.962467,0.200883,0.111656,1775249,14054741,69229
VV+VH,3,-11.45,0.111222,0.963798,0.199430,0.110759,1777704,14205712,66774
VV+VH,3,-11.40,0.110326,0.965100,0.198016,0.109888,1780106,14354834,64372
VV+VH,3,-11.35,0.109445,0.966297,0.196620,0.109028,1782314,14502760,62164
VV+VH,3,-11.30,0.108597,0.967549,0.195276,0.108203,1784623,14648809,59855
VV+VH,3,-11.25,0.107769,0.968756,0.193960,0.107395,1786850,14793577,57628
VV+VH,3,-11.20,0.106958,0.969904,0.192670,0.106605,1788967,14936842,55511
VV+VH,3,-11.15,0.106174,0.970976,0.191417,0.105838,1790944,15077076,53534
VV+VH,3,-11.10,0.105412,0.972089,0.190199,0.105094,1792997,15216443,51481
VV+VH,3,-11.05,0.104670,0.973130,0.189009,0.104368,1794917,15353503,49561
VV+VH,3,-11.00,0.103956,0.974149,0.187864,0.103670,1796796,15487377,47682
VV+VH,3,-10.95,0.103254,0.975094,0.186735,0.102982,1798539,15620038,45939
VV+VH,3,-10.90,0.102583,0.976097,0.185654,0.102326,1800389,15750217,44089
VV+VH,3,-10.85,0.101926,0.977056,0.184595,0.101682,1802159,15878938,42319
VV+VH,3,-10.80,0.101285,0.977931,0.183558,0.101054,1803772,16005130,40706
VV+VH,3,-10.75,0.100677,0.978810,0.182576,0.100458,1805394,16127072,39084
VV+VH,3,-10.70,0.100089,0.979670,0.181623,0.099882,1806980,16246724,37498
VV+VH,3,-10.65,0.099514,0.980485,0.180689,0.099317,1808483,16364707,35995
VV+VH,3,-10.60,0.098954,0.981271,0.179778,0.098767,1809933,16480801,34545
VV+VH,3,-10.55,0.098417,0.982058,0.178904,0.098240,1811385,16593901,33093
VV+VH,3,-10.50,0.097904,0.982872,0.178070,0.097737,1812885,16704164,31593
VV+VH,3,-10.45,0.097395,0.983574,0.177240,0.097237,1814180,16812777,30298
VV+VH,3,-10.40,0.096910,0.984315,0.176448,0.096761,1815547,16918764,28931
VV+VH,3,-10.35,0.096442,0.984970,0.175683,0.096301,1816755,17020962,27723
VV+VH,3,-10.30,0.095988,0.985585,0.174938,0.095853,1817890,17120848,26588
VV+VH,3,-10.25,0.095552,0.986215,0.174224,0.095425,1819052,17218248,25426
VV+VH,3,-10.20,0.095135,0.986825,0.173541,0.095015,1820177,17312302,24301
VV+VH,3,-10.15,0.094734,0.987421,0.172881,0.094619,1821276,17403982,23202
VV+VH,3,-10.10,0.094346,0.987964,0.172243,0.094237,1822277,17492634,22201
VV+VH,3,-10.05,0.093975,0.988525,0.171634,0.093873,1823312,17578768,21166
VV+VH,3,-10.00,0.093623,0.989045,0.171055,0.093526,1824272,17660958,20206
VV+VH,3,-9.95,0.093276,0.989521,0.170482,0.093184,1825149,17741988,19329
VV+VH,3,-9.90,0.092943,0.989967,0.169931,0.092855,1825973,17820283,18505
VV+VH,3,-9.85,0.092625,0.990402,0.169406,0.092541,1826775,17895593,17703
VV+VH,3,-9.80,0.092319,0.990829,0.168901,0.092240,1827563,17968605,16915
VV+VH,3,-9.75,0.092025,0.991233,0.168415,0.091950,1828307,18039128,16171
VV+VH,3,-9.70,0.091749,0.991624,0.167958,0.091678,1829029,18106092,15449
VV+VH,3,-9.65,0.091484,0.992032,0.167519,0.091417,1829782,18171383,14696
VV+VH,3,-9.60,0.091229,0.992439,0.167098,0.091166,1830531,18234663,13947
VV+VH,3,-9.55,0.090986,0.992811,0.166696,0.090927,1831218,18295057,13260
VV+VH,3,-9.50,0.090753,0.993128,0.166309,0.090696,1831802,18352623,12676
VV+VH,3,-9.45,0.090530,0.993455,0.165938,0.090476,1832405,18408519,12073
VV+VH,3,-9.40,0.090318,0.993758,0.165587,0.090267,1832964,18461567,11514
VV+VH,3,-9.35,0.090116,0.994043,0.165251,0.090067,1833491,18512447,10987
VV+VH,3,-9.30,0.089920,0.994319,0.164926,0.089874,1834000,18561816,10478
VV+VH,3,-9.25,0.089734,0.994568,0.164616,0.089690,1834459,18608737,10019
VV+VH,3,-9.20,0.089554,0.994786,0.164315,0.089512,1834861,18654108,9617
VV+VH,3,-9.15,0.089382,0.995037,0.164029,0.089342,1835324,18698262,9154
VV+VH,3,-9.10,0.089221,0.995275,0.163761,0.089183,1835763,18739772,8715
VV+VH,3,-9.05,0.089069,0.995528,0.163509,0.089034,1836229,18779540,8249
VV+VH,3,-9.00,0.088919,0.995712,0.163259,0.088885,1836568,18817780,7910
VV+VH,3,-8.95,0.088781,0.995912,0.163028,0.088748,1836937,18853789,7541
VV+VH,3,-8.90,0.088644,0.996090,0.162800,0.088613,1837266,18889046,7212
VV+VH,3,-8.85,0.088515,0.996261,0.162586,0.088486,1837581,18922412,6897
VV+VH,3,-8.80,0.088392,0.996418,0.162379,0.088364,1837871,18954436,6607
VV+VH,3,-8.75,0.088273,0.996569,0.162181,0.088246,1838149,18985311,6329
VV+VH,3,-8.70,0.088158,0.996719,0.161989,0.088133,1838427,19015272,6051
VV+VH,3,-8.65,0.088051,0.996856,0.161810,0.088027,1838679,19043210,5799
VV+VH,3,-8.60,0.087949,0.996992,0.161639,0.087926,1838929,19070082,5549
VV+VH,3,-8.55,0.087850,0.997125,0.161474,0.087828,1839175,19096235,5303
VV+VH,3,-8.50,0.087757,0.997245,0.161318,0.087736,1839397,19120682,5081
VV+VH,3,-8.45,0.087664,0.997345,0.161163,0.087644,1839580,19144768,4898
VV+VH,3,-8.40,0.087578,0.997452,0.161018,0.087558,1839779,19167578,4699
VV+VH,3,-8.35,0.087496,0.997559,0.160880,0.087477,1839975,19189385,4503
VV+VH,3,-8.30,0.087419,0.997670,0.160753,0.087401,1840180,19209880,4298
VV+VH,3,-8.25,0.087342,0.997757,0.160623,0.087325,1840340,19230136,4138
VV+VH,3,-8.20,0.087269,0.997848,0.160502,0.087253,1840508,19249455,3970
VV+VH,3,-8.15,0.087202,0.997945,0.160389,0.087186,1840687,19267628,3791
VV+VH,3,-8.10,0.087135,0.998031,0.160277,0.087120,1840847,19285476,3631
VV+VH,3,-8.05,0.087071,0.998109,0.160169,0.087056,1840990,19302670,3488
VV+VH,3,-8.00,0.087009,0.998176,0.160066,0.086995,1841114,19318890,3364
VV+VH,3,-7.95,0.086949,0.998248,0.159965,0.086936,1841246,19334834,3232
VV+VH,3,-7.90,0.086891,0.998301,0.159867,0.086878,1841344,19350147,3134
VV+VH,3,-7.85,0.086835,0.998347,0.159773,0.086822,1841430,19364733,3048
VV+VH,3,-7.80,0.086781,0.998405,0.159683,0.086769,1841536,19378900,2942
VV+VH,3,-7.75,0.086731,0.998459,0.159599,0.086720,1841636,19392188,2842
VV+VH,3,-7.70,0.086682,0.998520,0.159516,0.086670,1841749,19405558,2729
VV+VH,3,-7.65,0.086634,0.998564,0.159436,0.086623,1841829,19418064,2649
VV+VH,3,-7.60,0.086587,0.998606,0.159357,0.086577,1841906,19430328,2572
VV+VH,3,-7.55,0.086542,0.998635,0.159281,0.086532,1841961,19442071,2517
VV+VH,3,-7.50,0.086499,0.998678,0.159208,0.086489,1842039,19453498,2439
VV+VH,3,-7.45,0.086456,0.998712,0.159136,0.086446,1842102,19464769,2376
VV+VH,3,-7.40,0.086414,0.998742,0.159065,0.086405,1842157,19475627,2321
VV+VH,3,-7.35,0.086373,0.998765,0.158996,0.086364,1842200,19486272,2278
VV+VH,3,-7.30,0.086334,0.998792,0.158930,0.086325,1842249,19496381,2229
VV+VH,3,-7.25,0.086299,0.998833,0.158872,0.086290,1842326,19505827,2152
VV+VH,3,-7.20,0.086264,0.998859,0.158812,0.086255,1842374,19515063,2104
VV+VH,3,-7.15,0.086228,0.998880,0.158751,0.086219,1842412,19524441,2066
VV+VH,3,-7.10,0.086194,0.998920,0.158695,0.086186,1842486,19533430,1992
VV+VH,3,-7.05,0.086160,0.998948,0.158638,0.086152,1842537,19542466,1941
VV+VH,3,-7.00,0.086129,0.998970,0.158584,0.086121,1842578,19550768,1900
VV+VH,3,-6.95,0.086097,0.998992,0.158532,0.086090,1842618,19558963,1860
VV+VH,3,-6.90,0.086067,0.999009,0.158481,0.086060,1842651,19566761,1827
VV+VH,3,-6.85,0.086038,0.999031,0.158432,0.086031,1842691,19574426,1787
VV+VH,3,-6.80,0.086010,0.999054,0.158385,0.086003,1842733,19581787,1745
VV+VH,3,-6.75,0.085984,0.999084,0.158340,0.085977,1842789,19589057,1689
VV+VH,3,-6.70,0.085957,0.999102,0.158295,0.085950,1842822,19596140,1656
VV+VH,3,-6.65,0.085931,0.999120,0.158251,0.085924,1842855,19602964,1623
VV+VH,3,-6.60,0.085906,0.999144,0.158209,0.085900,1842899,19609646,1579
VV+VH,3,-6.55,0.085881,0.999162,0.158167,0.085875,1842932,19616207,1546
VV+VH,3,-6.50,0.085857,0.999182,0.158126,0.085851,1842969,19622708,1509
VV+VH,3,-6.45,0.085834,0.999199,0.158087,0.085828,1843001,19628758,1477
VV+VH,3,-6.40,0.085811,0.999214,0.158050,0.085806,1843028,19634614,1450
VV+VH,3,-6.35,0.085789,0.999229,0.158012,0.085784,1843056,19640474,1422
VV+VH,3,-6.30,0.085769,0.999241,0.157977,0.085763,1843078,19645904,1400
VV+VH,3,-6.25,0.085748,0.999257,0.157942,0.085742,1843107,19651444,1371
VV+VH,3,-6.20,0.085728,0.999279,0.157909,0.085723,1843149,19656776,1329
VV+VH,3,-6.15,0.085708,0.999290,0.157875,0.085703,1843169,19662095,1309
VV+VH,3,-6.10,0.085688,0.999308,0.157842,0.085683,1843202,19667364,1276
VV+VH,3,-6.05,0.085670,0.999320,0.157811,0.085665,1843224,19672259,1254
VV+VH,3,-6.00,0.085652,0.999334,0.157781,0.085647,1843249,19676872,1229
VV+VH,3,-5.95,0.085635,0.999348,0.157751,0.085630,1843275,19681614,1203
VV+VH,3,-5.90,0.085617,0.999361,0.157722,0.085612,1843299,19686262,1179
VV+VH,3,-5.85,0.085601,0.999375,0.157694,0.085596,1843326,19690659,1152
VV+VH,3,-5.80,0.085584,0.999387,0.157667,0.085580,1843347,19694991,1131
VV+VH,3,-5.75,0.085569,0.999400,0.157641,0.085565,1843371,19699072,1107
VV+VH,3,-5.70,0.085554,0.999411,0.157615,0.085549,1843391,19703248,1087
VV+VH,3,-5.65,0.085539,0.999426,0.157590,0.085535,1843420,19707275,1058
VV+VH,3,-5.60,0.085524,0.999439,0.157565,0.085520,1843443,19711278,1035
VV+VH,3,-5.55,0.085510,0.999445,0.157542,0.085506,1843455,19714820,1023
VV+VH,3,-5.50,0.085497,0.999463,0.157519,0.085493,1843487,19718517,991
VV+VH,3,-5.45,0.085484,0.999482,0.157498,0.085480,1843523,19722164,955
VV+VH,3,-5.40,0.085470,0.999489,0.157474,0.085466,1843536,19725845,942
VV+VH,3,-5.35,0.085457,0.999497,0.157451,0.085453,1843551,19729408,927
VV+VH,3,-5.30,0.085444,0.999507,0.157430,0.085440,1843568,19732746,910
VV+VH,3,-5.25,0.085432,0.999519,0.157409,0.085428,1843591,19736123,887
VV+VH,3,-5.20,0.085420,0.999529,0.157389,0.085416,1843610,19739291,868
VV+VH,3,-5.15,0.085408,0.999539,0.157369,0.085405,1843627,19742485,851
VV+VH,3,-5.10,0.085397,0.999547,0.157351,0.085394,1843642,19745374,836
VV+VH,3,-5.05,0.085386,0.999557,0.157333,0.085383,1843660,19748318,818
VV+VH,3,-5.00,0.085376,0.999562,0.157314,0.085372,1843671,19751155,807
VV+VH,3,-4.95,0.085365,0.999570,0.157297,0.085362,1843684,19753971,794
VV+VH,3,-4.90,0.085355,0.999577,0.157280,0.085352,1843697,19756660,781
VV+VH,3,-4.85,0.085346,0.999590,0.157264,0.085343,1843721,19759257,757
VV+VH,3,-4.80,0.085336,0.999598,0.157248,0.085333,1843737,19761858,741
VV+VH,3,-4.75,0.085327,0.999607,0.157233,0.085324,1843754,19764304,724
VV+VH,3,-4.70,0.085319,0.999618,0.157219,0.085316,1843773,19766652,705
VV+VH,3,-4.65,0.085310,0.999629,0.157204,0.085307,1843793,19769024,685
VV+VH,3,-4.60,0.085301,0.999634,0.157189,0.085299,1843803,19771387,675
VV+VH,3,-4.55,0.085293,0.999641,0.157175,0.085290,1843815,19773680,663
VV+VH,3,-4.50,0.085284,0.999646,0.157160,0.085281,1843825,19775991,653
VV+VH,3,-4.45,0.085276,0.999656,0.157147,0.085274,1843843,19778167,635
VV+VH,3,-4.40,0.085268,0.999658,0.157133,0.085265,1843847,19780342,631
VV+VH,3,-4.35,0.085260,0.999665,0.157119,0.085257,1843860,19782487,618
VV+VH,3,-4.30,0.085253,0.999670,0.157107,0.085250,1843869,19784414,609
VV+VH,3,-4.25,0.085246,0.999677,0.157095,0.085243,1843882,19786371,596
VV+VH,3,-4.20,0.085238,0.999686,0.157083,0.085236,1843899,19788416,579
VV+VH,3,-4.15,0.085231,0.999692,0.157070,0.085229,1843909,19790377,569
VV+VH,3,-4.10,0.085225,0.999703,0.157060,0.085222,1843930,19792212,548
VV+VH,3,-4.05,0.085218,0.999707,0.157048,0.085216,1843937,19793975,541
VV+VH,3,-4.00,0.085211,0.999712,0.157037,0.085209,1843947,19795843,531
VV+VH,3,-3.95,0.085205,0.999718,0.157027,0.085203,1843958,19797496,520
VV+VH,3,-3.90,0.085199,0.999723,0.157017,0.085197,1843968,19799097,510
VV+VH,3,-3.85,0.085193,0.999733,0.157007,0.085191,1843985,19800724,493
VV+VH,3,-3.80,0.085188,0.999739,0.156998,0.085186,1843996,19802286,482
VV+VH,3,-3.75,0.085182,0.999742,0.156988,0.085180,1844002,19803768,476
VV+VH,3,-3.70,0.085177,0.999747,0.156979,0.085175,1844011,19805246,467
VV+VH,3,-3.65,0.085171,0.999753,0.156970,0.085169,1844022,19806757,456
VV+VH,3,-3.60,0.085166,0.999756,0.156961,0.085164,1844028,19808177,450
VV+VH,3,-3.55,0.085160,0.999760,0.156952,0.085159,1844035,19809610,443
VV+VH,3,-3.50,0.085156,0.999767,0.156944,0.085154,1844049,19810984,429
VV+VH,3,-3.45,0.085151,0.999769,0.156935,0.085149,1844052,19812286,426
VV+VH,3,-3.40,0.085146,0.999773,0.156928,0.085145,1844059,19813477,419
VV+VH,3,-3.35,0.085142,0.999778,0.156920,0.085140,1844069,19814781,409
VV+VH,3,-3.30,0.085137,0.999781,0.156912,0.085136,1844074,19815974,404
VV+VH,3,-3.25,0.085133,0.999786,0.156905,0.085131,1844083,19817190,395
VV+VH,3,-3.20,0.085128,0.999791,0.156897,0.085127,1844092,19818401,386
VV+VH,3,-3.15,0.085124,0.999796,0.156890,0.085123,1844102,19819587,376
VV+VH,3,-3.10,0.085120,0.999799,0.156883,0.085118,1844107,19820760,371
VV+VH,3,-3.05,0.085116,0.999800,0.156876,0.085114,1844109,19821816,369
VV+VH,3,-3.00,0.085112,0.999805,0.156870,0.085111,1844118,19822773,360
VV+VH,3,-2.95,0.085109,0.999810,0.156864,0.085107,1844127,19823814,351
VV+VH,3,-2.90,0.085105,0.999810,0.156858,0.085103,1844127,19824753,351
VV+VH,3,-2.85,0.085102,0.999814,0.156852,0.085100,1844135,19825679,343
VV+VH,3,-2.80,0.085098,0.999820,0.156847,0.085097,1844146,19826606,332
VV+VH,3,-2.75,0.085095,0.999822,0.156841,0.085093,1844149,19827572,329
VV+VH,3,-2.70,0.085091,0.999824,0.156835,0.085090,1844153,19828535,325
VV+VH,3,-2.65,0.085088,0.999829,0.156829,0.085087,1844162,19829468,316
VV+VH,3,-2.60,0.085085,0.999836,0.156824,0.085084,1844176,19830338,302
VV+VH,3,-2.55,0.085082,0.999838,0.156819,0.085081,1844179,19831189,299
VV+VH,3,-2.50,0.085079,0.999839,0.156814,0.085077,1844181,19832008,297
VV+VH,3,-2.45,0.085076,0.999841,0.156809,0.085074,1844184,19832818,294
VV+VH,3,-2.40,0.085073,0.999847,0.156804,0.085072,1844196,19833628,282
VV+VH,3,-2.35,0.085070,0.999849,0.156799,0.085069,1844199,19834396,279
VV+VH,3,-2.30,0.085067,0.999850,0.156794,0.085066,1844201,19835221,277
VV+VH,3,-2.25,0.085064,0.999851,0.156789,0.085063,1844204,19835994,274
VV+VH,3,-2.20,0.085062,0.999860,0.156785,0.085061,1844220,19836779,258
VV+VH,3,-2.15,0.085059,0.999861,0.156780,0.085058,1844221,19837572,257
VV+VH,3,-2.10,0.085056,0.999863,0.156775,0.085055,1844225,19838297,253
VV+VH,3,-2.05,0.085053,0.999867,0.156771,0.085052,1844232,19839019,246
VV+VH,3,-2.00,0.085051,0.999871,0.156767,0.085050,1844240,19839692,238
VV+VH,3,-1.95,0.085048,0.999873,0.156763,0.085047,1844244,19840409,234
VV+VH,3,-1.90,0.085046,0.999873,0.156758,0.085045,1844244,19841068,234
VV+VH,3,-1.85,0.085044,0.999877,0.156755,0.085043,1844251,19841647,227
VV+VH,3,-1.80,0.085041,0.999877,0.156751,0.085041,1844251,19842255,227
VV+VH,3,-1.75,0.085039,0.999877,0.156747,0.085038,1844252,19842859,226
VV+VH,3,-1.70,0.085037,0.999880,0.156743,0.085036,1844256,19843487,222
VV+VH,3,-1.65,0.085034,0.999881,0.156739,0.085033,1844259,19844152,219
VV+VH,3,-1.60,0.085032,0.999882,0.156735,0.085031,1844261,19844694,217
VV+VH,3,-1.55,0.085030,0.999886,0.156732,0.085029,1844267,19845269,211
VV+VH,3,-1.50,0.085028,0.999889,0.156729,0.085028,1844274,19845795,204
VV+VH,3,-1.45,0.085027,0.999890,0.156726,0.085026,1844275,19846285,203
VV+VH,3,-1.40,0.085025,0.999892,0.156723,0.085024,1844279,19846776,199
VV+VH,3,-1.35,0.085023,0.999895,0.156721,0.085023,1844285,19847198,193
VV+VH,3,-1.30,0.085022,0.999896,0.156718,0.085021,1844286,19847658,192
VV+VH,3,-1.25,0.085020,0.999896,0.156714,0.085019,1844286,19848138,192
VV+VH,3,-1.20,0.085018,0.999897,0.156712,0.085017,1844288,19848574,190
VV+VH,3,-1.15,0.085017,0.999900,0.156709,0.085016,1844294,19849013,184
VV+VH,3,-1.10,0.085015,0.999901,0.156706,0.085014,1844295,19849468,183
VV+VH,3,-1.05,0.085013,0.999903,0.156704,0.085013,1844299,19849899,179
VV+VH,3,-1.00,0.085012,0.999904,0.156701,0.085011,1844301,19850331,177
VV+VH,3,-0.95,0.085010,0.999906,0.156698,0.085009,1844304,19850792,174
VV+VH,3,-0.90,0.085009,0.999908,0.156696,0.085008,1844308,19851170,170
VV+VH,3,-0.85,0.085007,0.999908,0.156693,0.085007,1844308,19851591,170
VV+VH,3,-0.80,0.085006,0.999908,0.156691,0.085005,1844308,19851987,170
VV+VH,3,-0.75,0.085004,0.999908,0.156688,0.085004,1844309,19852344,169
VV+VH,3,-0.70,0.085003,0.999909,0.156686,0.085003,1844310,19852645,168
VV+VH,3,-0.65,0.085002,0.999909,0.156684,0.085001,1844311,19852955,167
VV+VH,3,-0.60,0.085001,0.999910,0.156682,0.085000,1844312,19853271,166
VV+VH,3,-0.55,0.085000,0.999911,0.156680,0.084999,1844314,19853590,164
VV+VH,3,-0.50,0.084998,0.999912,0.156678,0.084998,1844316,19853939,162
VV+VH,3,-0.45,0.084997,0.999914,0.156677,0.084997,1844320,19854228,158
VV+VH,3,-0.40,0.084996,0.999914,0.156674,0.084995,1844320,19854570,158
VV+VH,3,-0.35,0.084995,0.999915,0.156672,0.084994,1844322,19854863,156
VV+VH,3,-0.30,0.084994,0.999918,0.156671,0.084993,1844326,19855150,152
VV+VH,3,-0.25,0.084993,0.999918,0.156669,0.084992,1844326,19855418,152
VV+VH,3,-0.20,0.084992,0.999922,0.156668,0.084992,1844335,19855719,143
VV+VH,3,-0.15,0.084991,0.999925,0.156667,0.084991,1844340,19855968,138
VV+VH,3,-0.10,0.084991,0.999926,0.156665,0.084990,1844341,19856200,137
VV+VH,3,-0.05,0.084990,0.999926,0.156663,0.084989,1844341,19856450,137
VV+VH,3,-0.00,0.084989,0.999926,0.156662,0.084988,1844342,19856732,136
VV+VH,3,0.05,0.084988,0.999929,0.156660,0.084987,1844347,19856960,131
VV+VH,3,0.10,0.084987,0.999930,0.156659,0.084986,1844348,19857218,130
VV+VH,3,0.15,0.084986,0.999930,0.156657,0.084985,1844348,19857437,130
VV+VH,3,0.20,0.084985,0.999930,0.156656,0.084985,1844349,19857673,129
VV+VH,3,0.25,0.084984,0.999931,0.156655,0.084984,1844350,19857861,128
VV+VH,3,0.30,0.084984,0.999932,0.156654,0.084983,1844353,19858061,125
VV+VH,3,0.35,0.084983,0.999932,0.156652,0.084983,1844353,19858246,125
VV+VH,3,0.40,0.084982,0.999933,0.156651,0.084982,1844355,19858438,123
VV+VH,3,0.45,0.084982,0.999933,0.156650,0.084981,1844355,19858627,123
VV+VH,3,0.50,0.084981,0.999936,0.156649,0.084981,1844360,19858789,118
VV+VH,3,0.55,0.084981,0.999938,0.156648,0.084980,1844363,19859000,115
VV+VH,3,0.60,0.084980,0.999940,0.156647,0.084980,1844367,19859174,111
VV+VH,3,0.65,0.084979,0.999941,0.156646,0.084979,1844369,19859347,109
VV+VH,3,0.70,0.084979,0.999941,0.156645,0.084978,1844370,19859510,108
VV+VH,3,0.75,0.084978,0.999943,0.156644,0.084978,1844372,19859662,106
VV+VH,3,0.80,0.084978,0.999944,0.156644,0.084977,1844375,19859819,103
VV+VH,3,0.85,0.084977,0.999946,0.156643,0.084977,1844379,19859987,99
VV+VH,3,0.90,0.084977,0.999946,0.156642,0.084976,1844379,19860172,99
VV+VH,3,0.95,0.084976,0.999946,0.156641,0.084976,1844379,19860325,99
VV+VH,3,1.00,0.084976,0.999948,0.156640,0.084975,1844382,19860481,96
VV+VH,3,1.05,0.084975,0.999951,0.156639,0.084975,1844387,19860653,91
VV+VH,3,1.10,0.084975,0.999953,0.156638,0.084974,1844391,19860786,87
VV+VH,3,1.15,0.084974,0.999954,0.156638,0.084974,1844394,19860912,84
VV+VH,3,1.20,0.084974,0.999958,0.156637,0.084974,1844400,19861071,78
VV+VH,3,1.25,0.084974,0.999959,0.156637,0.084973,1844402,19861174,76
VV+VH,3,1.30,0.084973,0.999959,0.156636,0.084973,1844403,19861296,75
VV+VH,3,1.35,0.084973,0.999959,0.156635,0.084972,1844403,19861407,75
VV+VH,3,1.40,0.084972,0.999959,0.156635,0.084972,1844403,19861516,75
VV+VH,3,1.45,0.084972,0.999961,0.156634,0.084972,1844406,19861621,72
VV+VH,3,1.50,0.084972,0.999961,0.156633,0.084971,1844406,19861735,72
VV+VH,3,1.55,0.084971,0.999961,0.156633,0.084971,1844406,19861837,72
VV+VH,3,1.60,0.084971,0.999962,0.156632,0.084971,1844407,19861929,71
VV+VH,3,1.65,0.084971,0.999962,0.156632,0.084970,1844407,19862022,71
VV+VH,3,1.70,0.084970,0.999963,0.156631,0.084970,1844410,19862124,68
VV+VH,3,1.75,0.084970,0.999964,0.156631,0.084970,1844412,19862207,66
VV+VH,3,1.80,0.084970,0.999965,0.156630,0.084969,1844414,19862310,64
VV+VH,3,1.85,0.084969,0.999966,0.156630,0.084969,1844416,19862400,62
VV+VH,3,1.90,0.084969,0.999967,0.156629,0.084969,1844418,19862489,60
VV+VH,3,1.95,0.084969,0.999967,0.156629,0.084969,1844418,19862567,60
VV+VH,3,2.00,0.084969,0.999967,0.156628,0.084968,1844418,19862652,60
VV+VH,3,2.05,0.084968,0.999969,0.156628,0.084968,1844421,19862723,57
VV+VH,3,2.10,0.084968,0.999969,0.156627,0.084968,1844421,19862799,57
VV+VH,3,2.15,0.084968,0.999969,0.156627,0.084967,1844421,19862895,57
VV+VH,3,2.20,0.084967,0.999970,0.156626,0.084967,1844423,19863017,55
VV+VH,3,2.25,0.084967,0.999971,0.156626,0.084967,1844424,19863114,54
VV+VH,3,2.30,0.084967,0.999971,0.156625,0.084967,1844425,19863190,53
VV+VH,3,2.35,0.084967,0.999972,0.156625,0.084966,1844427,19863258,51
VV+VH,3,2.40,0.084966,0.999973,0.156625,0.084966,1844428,19863321,50
VV+VH,3,2.45,0.084966,0.999973,0.156624,0.084966,1844429,19863385,49
VV+VH,3,2.50,0.084966,0.999973,0.156624,0.084966,1844429,19863470,49
VV+VH,3,2.55,0.084966,0.999973,0.156623,0.084965,1844429,19863540,49
VV+VH,3,2.60,0.084965,0.999975,0.156623,0.084965,1844432,19863593,46
VV+VH,3,2.65,0.084965,0.999976,0.156623,0.084965,1844433,19863651,45
VV+VH,3,2.70,0.084965,0.999976,0.156622,0.084965,1844433,19863723,45
VV+VH,3,2.75,0.084965,0.999976,0.156622,0.084965,1844433,19863786,45
VV+VH,3,2.80,0.084965,0.999977,0.156622,0.084964,1844435,19863849,43
VV+VH,3,2.85,0.084964,0.999978,0.156621,0.084964,1844437,19863912,41
VV+VH,3,2.90,0.084964,0.999978,0.156621,0.084964,1844437,19863982,41
VV+VH,3,2.95,0.084964,0.999978,0.156620,0.084964,1844437,19864044,41
VV+VH,3,3.00,0.084964,0.999979,0.156620,0.084964,1844440,19864108,38
VV+VH,3,3.05,0.084964,0.999982,0.156620,0.084964,1844444,19864169,34
VV+VH,3,3.10,0.084963,0.999982,0.156620,0.084963,1844444,19864244,34
VV+VH,3,3.15,0.084963,0.999983,0.156619,0.084963,1844446,19864304,32
VV+VH,3,3.20,0.084963,0.999983,0.156619,0.084963,1844447,19864352,31
VV+VH,3,3.25,0.084963,0.999983,0.156619,0.084963,1844447,19864397,31
VV+VH,3,3.30,0.084963,0.999984,0.156619,0.084963,1844448,19864456,30
VV+VH,3,3.35,0.084963,0.999984,0.156618,0.084962,1844448,19864498,30
VV+VH,3,3.40,0.084962,0.999984,0.156618,0.084962,1844448,19864549,30
VV+VH,3,3.45,0.084962,0.999984,0.156618,0.084962,1844449,19864597,29
VV+VH,3,3.50,0.084962,0.999984,0.156617,0.084962,1844449,19864645,29
VV+VH,3,3.55,0.084962,0.999984,0.156617,0.084962,1844449,19864686,29
VV+VH,3,3.60,0.084962,0.999984,0.156617,0.084962,1844449,19864724,29
VV+VH,3,3.65,0.084962,0.999984,0.156617,0.084961,1844449,19864764,29
VV+VH,3,3.70,0.084961,0.999984,0.156616,0.084961,1844449,19864794,29
VV+VH,3,3.75,0.084961,0.999984,0.156616,0.084961,1844449,19864822,29
VV+VH,3,3.80,0.084961,0.999984,0.156616,0.084961,1844449,19864869,29
VV+VH,3,3.85,0.084961,0.999987,0.156616,0.084961,1844454,19864909,24
VV+VH,3,3.90,0.084961,0.999988,0.156616,0.084961,1844455,19864943,23
VV+VH,3,3.95,0.084961,0.999988,0.156616,0.084961,1844455,19864972,23
VV+VH,3,4.00,0.084961,0.999988,0.156615,0.084961,1844456,19865012,22
VV+VH,3,4.05,0.084961,0.999988,0.156615,0.084961,1844456,19865048,22
VV+VH,3,4.10,0.084961,0.999989,0.156615,0.084961,1844458,19865073,20
VV+VH,3,4.15,0.084961,0.999990,0.156615,0.084961,1844459,19865114,19
VV+VH,3,4.20,0.084960,0.999990,0.156615,0.084960,1844459,19865150,19
VV+VH,3,4.25,0.084960,0.999990,0.156615,0.084960,1844460,19865176,18
VV+VH,3,4.30,0.084960,0.999991,0.156615,0.084960,1844462,19865206,16
VV+VH,3,4.35,0.084960,0.999991,0.156614,0.084960,1844462,19865241,16
VV+VH,3,4.40,0.084960,0.999991,0.156614,0.084960,1844462,19865285,16
VV+VH,3,4.45,0.084960,0.999992,0.156614,0.084960,1844464,19865303,14
VV+VH,3,4.50,0.084960,0.999992,0.156614,0.084960,1844464,19865357,14
VV+VH,3,4.55,0.084960,0.999992,0.156614,0.084960,1844464,19865388,14
VV+VH,3,4.60,0.084960,0.999994,0.156614,0.084960,1844467,19865419,11
VV+VH,3,4.65,0.084960,0.999995,0.156614,0.084960,1844469,19865450,9
VV+VH,3,4.70,0.084960,0.999996,0.156613,0.084960,1844470,19865485,8
VV+VH,3,4.75,0.084960,0.999996,0.156613,0.084959,1844470,19865516,8
VV+VH,3,4.80,0.084959,0.999996,0.156613,0.084959,1844470,19865525,8
VV+VH,3,4.85,0.084960,0.999998,0.156613,0.084960,1844475,19865545,3
VV+VH,3,4.90,0.084959,0.999998,0.156613,0.084959,1844475,19865578,3
VV+VH,3,4.95,0.084959,1.000000,0.156613,0.084959,1844478,19865620,0
VV+VH,3,5.00,0.084959,1.000000,0.156613,0.084959,1844478,19865647,0
VV+VH,5,-44.95,nan,0.000000,0.000000,0.000000,0,0,1844493
VV+VH,5,-44.90,nan,0.000000,0.000000,0.000000,0,0,1844493
VV+VH,5,-44.85,nan,0.000000,0.000000,0.000000,0,0,1844493
VV+VH,5,-44.80,nan,0.000000,0.000000,0.000000,0,0,1844493
VV+VH,5,-44.75,nan,0.000000,0.000000,0.000000,0,0,1844493
VV+VH,5,-44.70,nan,0.000000,0.000000,0.000000,0,0,1844493
VV+VH,5,-44.65,nan,0.000000,0.000000,0.000000,0,0,1844493
VV+VH,5,-44.60,nan,0.000000,0.000000,0.000000,0,0,1844493
VV+VH,5,-44.55,nan,0.000000,0.000000,0.000000,0,0,1844493
VV+VH,5,-44.50,nan,0.000000,0.000000,0.000000,0,0,1844493
VV+VH,5,-44.45,nan,0.000000,0.000000,0.000000,0,0,1844493
VV+VH,5,-44.40,nan,0.000000,0.000000,0.000000,0,0,1844493
VV+VH,5,-44.35,nan,0.000000,0.000000,0.000000,0,0,1844493
VV+VH,5,-44.30,nan,0.000000,0.000000,0.000000,0,0,1844493
VV+VH,5,-44.25,nan,0.000000,0.000000,0.000000,0,0,1844493
VV+VH,5,-44.20,nan,0.000000,0.000000,0.000000,0,0,1844493
VV+VH,5,-44.15,nan,0.000000,0.000000,0.000000,0,0,1844493
VV+VH,5,-44.10,nan,0.000000,0.000000,0.000000,0,0,1844493
VV+VH,5,-44.05,nan,0.000000,0.000000,0.000000,0,0,1844493
VV+VH,5,-44.00,nan,0.000000,0.000000,0.000000,0,0,1844493
VV+VH,5,-43.95,nan,0.000000,0.000000,0.000000,0,0,1844493
VV+VH,5,-43.90,nan,0.000000,0.000000,0.000000,0,0,1844493
VV+VH,5,-43.85,nan,0.000000,0.000000,0.000000,0,0,1844493
VV+VH,5,-43.80,nan,0.000000,0.000000,0.000000,0,0,1844493
VV+VH,5,-43.75,nan,0.000000,0.000000,0.000000,0,0,1844493
VV+VH,5,-43.70,nan,0.000000,0.000000,0.000000,0,0,1844493
VV+VH,5,-43.65,nan,0.000000,0.000000,0.000000,0,0,1844493
VV+VH,5,-43.60,nan,0.000000,0.000000,0.000000,0,0,1844493
VV+VH,5,-43.55,nan,0.000000,0.000000,0.000000,0,0,1844493
VV+VH,5,-43.50,nan,0.000000,0.000000,0.000000,0,0,1844493
VV+VH,5,-43.45,nan,0.000000,0.000000,0.000000,0,0,1844493
VV+VH,5,-43.40,nan,0.000000,0.000000,0.000000,0,0,1844493
VV+VH,5,-43.35,nan,0.000000,0.000000,0.000000,0,0,1844493
VV+VH,5,-43.30,nan,0.000000,0.000000,0.000000,0,0,1844493
VV+VH,5,-43.25,nan,0.000000,0.000000,0.000000,0,0,1844493
VV+VH,5,-43.20,nan,0.000000,0.000000,0.000000,0,0,1844493
VV+VH,5,-43.15,nan,0.000000,0.000000,0.000000,0,0,1844493
VV+VH,5,-43.10,nan,0.000000,0.000000,0.000000,0,0,1844493
VV+VH,5,-43.05,nan,0.000000,0.000000,0.000000,0,0,1844493
VV+VH,5,-43.00,nan,0.000000,0.000000,0.000000,0,0,1844493
VV+VH,5,-42.95,nan,0.000000,0.000000,0.000000,0,0,1844493
VV+VH,5,-42.90,nan,0.000000,0.000000,0.000000,0,0,1844493
VV+VH,5,-42.85,nan,0.000000,0.000000,0.000000,0,0,1844493
VV+VH,5,-42.80,nan,0.000000,0.000000,0.000000,0,0,1844493
VV+VH,5,-42.75,nan,0.000000,0.000000,0.000000,0,0,1844493
VV+VH,5,-42.70,nan,0.000000,0.000000,0.000000,0,0,1844493
VV+VH,5,-42.65,nan,0.000000,0.000000,0.000000,0,0,1844493
VV+VH,5,-42.60,nan,0.000000,0.000000,0.000000,0,0,1844493
VV+VH,5,-42.55,nan,0.000000,0.000000,0.000000,0,0,1844493
VV+VH,5,-42.50,nan,0.000000,0.000000,0.000000,0,0,1844493
VV+VH,5,-42.45,nan,0.000000,0.000000,0.000000,0,0,1844493
VV+VH,5,-42.40,nan,0.000000,0.000000,0.000000,0,0,1844493
VV+VH,5,-42.35,nan,0.000000,0.000000,0.000000,0,0,1844493
VV+VH,5,-42.30,nan,0.000000,0.000000,0.000000,0,0,1844493
VV+VH,5,-42.25,nan,0.000000,0.000000,0.000000,0,0,1844493
VV+VH,5,-42.20,nan,0.000000,0.000000,0.000000,0,0,1844493
VV+VH,5,-42.15,nan,0.000000,0.000000,0.000000,0,0,1844493
VV+VH,5,-42.10,nan,0.000000,0.000000,0.000000,0,0,1844493
VV+VH,5,-42.05,nan,0.000000,0.000000,0.000000,0,0,1844493
VV+VH,5,-42.00,nan,0.000000,0.000000,0.000000,0,0,1844493
VV+VH,5,-41.95,nan,0.000000,0.000000,0.000000,0,0,1844493
VV+VH,5,-41.90,nan,0.000000,0.000000,0.000000,0,0,1844493
VV+VH,5,-41.85,nan,0.000000,0.000000,0.000000,0,0,1844493
VV+VH,5,-41.80,nan,0.000000,0.000000,0.000000,0,0,1844493
VV+VH,5,-41.75,nan,0.000000,0.000000,0.000000,0,0,1844493
VV+VH,5,-41.70,nan,0.000000,0.000000,0.000000,0,0,1844493
VV+VH,5,-41.65,0.000000,0.000000,0.000000,0.000000,0,2,1844493
VV+VH,5,-41.60,0.000000,0.000000,0.000000,0.000000,0,2,1844493
VV+VH,5,-41.55,0.000000,0.000000,0.000000,0.000000,0,2,1844493
VV+VH,5,-41.50,0.000000,0.000000,0.000000,0.000000,0,3,1844493
VV+VH,5,-41.45,0.000000,0.000000,0.000000,0.000000,0,3,1844493
VV+VH,5,-41.40,0.000000,0.000000,0.000000,0.000000,0,3,1844493
VV+VH,5,-41.35,0.000000,0.000000,0.000000,0.000000,0,3,1844493
VV+VH,5,-41.30,0.000000,0.000000,0.000000,0.000000,0,6,1844493
VV+VH,5,-41.25,0.000000,0.000000,0.000000,0.000000,0,6,1844493
VV+VH,5,-41.20,0.000000,0.000000,0.000000,0.000000,0,8,1844493
VV+VH,5,-41.15,0.000000,0.000000,0.000000,0.000000,0,8,1844493
VV+VH,5,-41.10,0.000000,0.000000,0.000000,0.000000,0,10,1844493
VV+VH,5,-41.05,0.000000,0.000000,0.000000,0.000000,0,10,1844493
VV+VH,5,-41.00,0.000000,0.000000,0.000000,0.000000,0,11,1844493
VV+VH,5,-40.95,0.000000,0.000000,0.000000,0.000000,0,11,1844493
VV+VH,5,-40.90,0.000000,0.000000,0.000000,0.000000,0,11,1844493
VV+VH,5,-40.85,0.000000,0.000000,0.000000,0.000000,0,11,1844493
VV+VH,5,-40.80,0.000000,0.000000,0.000000,0.000000,0,11,1844493
VV+VH,5,-40.75,0.000000,0.000000,0.000000,0.000000,0,14,1844493
VV+VH,5,-40.70,0.000000,0.000000,0.000000,0.000000,0,15,1844493
VV+VH,5,-40.65,0.000000,0.000000,0.000000,0.000000,0,15,1844493
VV+VH,5,-40.60,0.000000,0.000000,0.000000,0.000000,0,15,1844493
VV+VH,5,-40.55,0.000000,0.000000,0.000000,0.000000,0,15,1844493
VV+VH,5,-40.50,0.000000,0.000000,0.000000,0.000000,0,15,1844493
VV+VH,5,-40.45,0.000000,0.000000,0.000000,0.000000,0,15,1844493
VV+VH,5,-40.40,0.000000,0.000000,0.000000,0.000000,0,15,1844493
VV+VH,5,-40.35,0.000000,0.000000,0.000000,0.000000,0,16,1844493
VV+VH,5,-40.30,0.000000,0.000000,0.000000,0.000000,0,20,1844493
VV+VH,5,-40.25,0.000000,0.000000,0.000000,0.000000,0,20,1844493
VV+VH,5,-40.20,0.000000,0.000000,0.000000,0.000000,0,20,1844493
VV+VH,5,-40.15,0.000000,0.000000,0.000000,0.000000,0,20,1844493
VV+VH,5,-40.10,0.000000,0.000000,0.000000,0.000000,0,20,1844493
VV+VH,5,-40.05,0.000000,0.000000,0.000000,0.000000,0,20,1844493
VV+VH,5,-40.00,0.000000,0.000000,0.000000,0.000000,0,23,1844493
VV+VH,5,-39.95,0.000000,0.000000,0.000000,0.000000,0,23,1844493
VV+VH,5,-39.90,0.000000,0.000000,0.000000,0.000000,0,23,1844493
VV+VH,5,-39.85,0.000000,0.000000,0.000000,0.000000,0,25,1844493
VV+VH,5,-39.80,0.000000,0.000000,0.000000,0.000000,0,25,1844493
VV+VH,5,-39.75,0.000000,0.000000,0.000000,0.000000,0,25,1844493
VV+VH,5,-39.70,0.000000,0.000000,0.000000,0.000000,0,26,1844493
VV+VH,5,-39.65,0.000000,0.000000,0.000000,0.000000,0,28,1844493
VV+VH,5,-39.60,0.000000,0.000000,0.000000,0.000000,0,28,1844493
VV+VH,5,-39.55,0.000000,0.000000,0.000000,0.000000,0,29,1844493
VV+VH,5,-39.50,0.000000,0.000000,0.000000,0.000000,0,33,1844493
VV+VH,5,-39.45,0.000000,0.000000,0.000000,0.000000,0,33,1844493
VV+VH,5,-39.40,0.000000,0.000000,0.000000,0.000000,0,37,1844493
VV+VH,5,-39.35,0.000000,0.000000,0.000000,0.000000,0,40,1844493
VV+VH,5,-39.30,0.000000,0.000000,0.000000,0.000000,0,40,1844493
VV+VH,5,-39.25,0.000000,0.000000,0.000000,0.000000,0,46,1844493
VV+VH,5,-39.20,0.000000,0.000000,0.000000,0.000000,0,48,1844493
VV+VH,5,-39.15,0.000000,0.000000,0.000000,0.000000,0,52,1844493
VV+VH,5,-39.10,0.000000,0.000000,0.000000,0.000000,0,57,1844493
VV+VH,5,-39.05,0.000000,0.000000,0.000000,0.000000,0,63,1844493
VV+VH,5,-39.00,0.000000,0.000000,0.000000,0.000000,0,65,1844493
VV+VH,5,-38.95,0.000000,0.000000,0.000000,0.000000,0,70,1844493
VV+VH,5,-38.90,0.000000,0.000000,0.000000,0.000000,0,70,1844493
VV+VH,5,-38.85,0.000000,0.000000,0.000000,0.000000,0,72,1844493
VV+VH,5,-38.80,0.000000,0.000000,0.000000,0.000000,0,88,1844493
VV+VH,5,-38.75,0.000000,0.000000,0.000000,0.000000,0,98,1844493
VV+VH,5,-38.70,0.000000,0.000000,0.000000,0.000000,0,108,1844493
VV+VH,5,-38.65,0.000000,0.000000,0.000000,0.000000,0,118,1844493
VV+VH,5,-38.60,0.000000,0.000000,0.000000,0.000000,0,121,1844493
VV+VH,5,-38.55,0.000000,0.000000,0.000000,0.000000,0,132,1844493
VV+VH,5,-38.50,0.000000,0.000000,0.000000,0.000000,0,147,1844493
VV+VH,5,-38.45,0.000000,0.000000,0.000000,0.000000,0,156,1844493
VV+VH,5,-38.40,0.000000,0.000000,0.000000,0.000000,0,164,1844493
VV+VH,5,-38.35,0.000000,0.000000,0.000000,0.000000,0,179,1844493
VV+VH,5,-38.30,0.000000,0.000000,0.000000,0.000000,0,200,1844493
VV+VH,5,-38.25,0.000000,0.000000,0.000000,0.000000,0,211,1844493
VV+VH,5,-38.20,0.000000,0.000000,0.000000,0.000000,0,241,1844493
VV+VH,5,-38.15,0.000000,0.000000,0.000000,0.000000,0,264,1844493
VV+VH,5,-38.10,0.000000,0.000000,0.000000,0.000000,0,296,1844493
VV+VH,5,-38.05,0.000000,0.000000,0.000000,0.000000,0,323,1844493
VV+VH,5,-38.00,0.000000,0.000000,0.000000,0.000000,0,341,1844493
VV+VH,5,-37.95,0.000000,0.000000,0.000000,0.000000,0,379,1844493
VV+VH,5,-37.90,0.000000,0.000000,0.000000,0.000000,0,408,1844493
VV+VH,5,-37.85,0.000000,0.000000,0.000000,0.000000,0,435,1844493
VV+VH,5,-37.80,0.000000,0.000000,0.000000,0.000000,0,487,1844493
VV+VH,5,-37.75,0.000000,0.000000,0.000000,0.000000,0,529,1844493
VV+VH,5,-37.70,0.000000,0.000000,0.000000,0.000000,0,573,1844493
VV+VH,5,-37.65,0.000000,0.000000,0.000000,0.000000,0,620,1844493
VV+VH,5,-37.60,0.000000,0.000000,0.000000,0.000000,0,675,1844493
VV+VH,5,-37.55,0.000000,0.000000,0.000000,0.000000,0,729,1844493
VV+VH,5,-37.50,0.000000,0.000000,0.000000,0.000000,0,779,1844493
VV+VH,5,-37.45,0.000000,0.000000,0.000000,0.000000,0,839,1844493
VV+VH,5,-37.40,0.000000,0.000000,0.000000,0.000000,0,896,1844493
VV+VH,5,-37.35,0.000000,0.000000,0.000000,0.000000,0,978,1844493
VV+VH,5,-37.30,0.000000,0.000000,0.000000,0.000000,0,1068,1844493
VV+VH,5,-37.25,0.000000,0.000000,0.000000,0.000000,0,1149,1844493
VV+VH,5,-37.20,0.000000,0.000000,0.000000,0.000000,0,1262,1844493
VV+VH,5,-37.15,0.000000,0.000000,0.000000,0.000000,0,1352,1844493
VV+VH,5,-37.10,0.000000,0.000000,0.000000,0.000000,0,1468,1844493
VV+VH,5,-37.05,0.000000,0.000000,0.000000,0.000000,0,1547,1844493
VV+VH,5,-37.00,0.000000,0.000000,0.000000,0.000000,0,1653,1844493
VV+VH,5,-36.95,0.000000,0.000000,0.000000,0.000000,0,1763,1844493
VV+VH,5,-36.90,0.000000,0.000000,0.000000,0.000000,0,1893,1844493
VV+VH,5,-36.85,0.000000,0.000000,0.000000,0.000000,0,2026,1844493
VV+VH,5,-36.80,0.000000,0.000000,0.000000,0.000000,0,2130,1844493
VV+VH,5,-36.75,0.001761,0.000002,0.000004,0.000002,4,2267,1844489
VV+VH,5,-36.70,0.001640,0.000002,0.000004,0.000002,4,2435,1844489
VV+VH,5,-36.65,0.001544,0.000002,0.000004,0.000002,4,2587,1844489
VV+VH,5,-36.60,0.001430,0.000002,0.000004,0.000002,4,2793,1844489
VV+VH,5,-36.55,0.001630,0.000003,0.000005,0.000003,5,3062,1844488
VV+VH,5,-36.50,0.001529,0.000003,0.000005,0.000003,5,3265,1844488
VV+VH,5,-36.45,0.001437,0.000003,0.000005,0.000003,5,3474,1844488
VV+VH,5,-36.40,0.001333,0.000003,0.000005,0.000003,5,3746,1844488
VV+VH,5,-36.35,0.002243,0.000005,0.000010,0.000005,9,4003,1844484
VV+VH,5,-36.30,0.003276,0.000008,0.000015,0.000008,14,4259,1844479
VV+VH,5,-36.25,0.003101,0.000008,0.000015,0.000008,14,4501,1844479
VV+VH,5,-36.20,0.003348,0.000009,0.000017,0.000009,16,4763,1844477
VV+VH,5,-36.15,0.003181,0.000009,0.000017,0.000009,16,5014,1844477
VV+VH,5,-36.10,0.002993,0.000009,0.000017,0.000009,16,5329,1844477
VV+VH,5,-36.05,0.002836,0.000009,0.000017,0.000009,16,5626,1844477
VV+VH,5,-36.00,0.003214,0.000010,0.000021,0.000010,19,5892,1844474
VV+VH,5,-35.95,0.003038,0.000010,0.000021,0.000010,19,6235,1844474
VV+VH,5,-35.90,0.002871,0.000010,0.000021,0.000010,19,6600,1844474
VV+VH,5,-35.85,0.002704,0.000010,0.000021,0.000010,19,7008,1844474
VV+VH,5,-35.80,0.002561,0.000010,0.000021,0.000010,19,7401,1844474
VV+VH,5,-35.75,0.002573,0.000011,0.000022,0.000011,20,7752,1844473
VV+VH,5,-35.70,0.002440,0.000011,0.000022,0.000011,20,8176,1844473
VV+VH,5,-35.65,0.002448,0.000011,0.000023,0.000011,21,8559,1844472
VV+VH,5,-35.60,0.002983,0.000015,0.000029,0.000015,27,9025,1844466
VV+VH,5,-35.55,0.003592,0.000018,0.000037,0.000018,34,9432,1844459
VV+VH,5,-35.50,0.003715,0.000020,0.000040,0.000020,37,9922,1844456
VV+VH,5,-35.45,0.003567,0.000020,0.000040,0.000020,37,10335,1844456
VV+VH,5,-35.40,0.003506,0.000021,0.000041,0.000020,38,10800,1844455
VV+VH,5,-35.35,0.003626,0.000022,0.000044,0.000022,41,11267,1844452
VV+VH,5,-35.30,0.003504,0.000022,0.000044,0.000022,41,11661,1844452
VV+VH,5,-35.25,0.003366,0.000022,0.000044,0.000022,41,12140,1844452
VV+VH,5,-35.20,0.003303,0.000023,0.000045,0.000023,42,12675,1844451
VV+VH,5,-35.15,0.003540,0.000025,0.000051,0.000025,47,13228,1844446
VV+VH,5,-35.10,0.003472,0.000026,0.000052,0.000026,48,13777,1844445
VV+VH,5,-35.05,0.003493,0.000027,0.000054,0.000027,50,14263,1844443
VV+VH,5,-35.00,0.003550,0.000029,0.000057,0.000029,53,14875,1844440
VV+VH,5,-34.95,0.003477,0.000029,0.000058,0.000029,54,15476,1844439
VV+VH,5,-34.90,0.003339,0.000029,0.000058,0.000029,54,16120,1844439
VV+VH,5,-34.85,0.003384,0.000031,0.000061,0.000031,57,16785,1844436
VV+VH,5,-34.80,0.003255,0.000031,0.000061,0.000031,57,17455,1844436
VV+VH,5,-34.75,0.003297,0.000033,0.000064,0.000032,60,18140,1844433
VV+VH,5,-34.70,0.003298,0.000034,0.000067,0.000033,62,18739,1844431
VV+VH,5,-34.65,0.003497,0.000037,0.000073,0.000036,68,19378,1844425
VV+VH,5,-34.60,0.003687,0.000040,0.000079,0.000040,74,19996,1844419
VV+VH,5,-34.55,0.003958,0.000044,0.000088,0.000044,82,20636,1844411
VV+VH,5,-34.50,0.004163,0.000048,0.000095,0.000048,89,21289,1844404
VV+VH,5,-34.45,0.004133,0.000049,0.000098,0.000049,91,21929,1844402
VV+VH,5,-34.40,0.004466,0.000055,0.000108,0.000054,101,22515,1844392
VV+VH,5,-34.35,0.005098,0.000065,0.000127,0.000064,119,23223,1844374
VV+VH,5,-34.30,0.005577,0.000073,0.000144,0.000072,135,24072,1844358
VV+VH,5,-34.25,0.006050,0.000082,0.000162,0.000081,151,24806,1844342
VV+VH,5,-34.20,0.006606,0.000092,0.000182,0.000091,170,25563,1844323
VV+VH,5,-34.15,0.006622,0.000095,0.000188,0.000094,176,26402,1844317
VV+VH,5,-34.10,0.006720,0.000100,0.000197,0.000098,184,27198,1844309
VV+VH,5,-34.05,0.007280,0.000111,0.000219,0.000109,205,27954,1844288
VV+VH,5,-34.00,0.007296,0.000115,0.000226,0.000113,212,28847,1844281
VV+VH,5,-33.95,0.008217,0.000133,0.000262,0.000131,246,29693,1844247
VV+VH,5,-33.90,0.008574,0.000143,0.000282,0.000141,264,30527,1844229
VV+VH,5,-33.85,0.009196,0.000158,0.000310,0.000155,291,31352,1844202
VV+VH,5,-33.80,0.009706,0.000171,0.000337,0.000168,316,32241,1844177
VV+VH,5,-33.75,0.009701,0.000177,0.000347,0.000174,326,33280,1844167
VV+VH,5,-33.70,0.010207,0.000191,0.000376,0.000188,353,34231,1844140
VV+VH,5,-33.65,0.010772,0.000208,0.000407,0.000204,383,35171,1844110
VV+VH,5,-33.60,0.011083,0.000220,0.000432,0.000216,406,36228,1844087
VV+VH,5,-33.55,0.011130,0.000227,0.000444,0.000222,418,37139,1844075
VV+VH,5,-33.50,0.011730,0.000245,0.000480,0.000240,452,38082,1844041
VV+VH,5,-33.45,0.012055,0.000259,0.000506,0.000253,477,39092,1844016
VV+VH,5,-33.40,0.012103,0.000267,0.000522,0.000261,492,40160,1844001
VV+VH,5,-33.35,0.012396,0.000281,0.000549,0.000275,518,41268,1843975
VV+VH,5,-33.30,0.012798,0.000297,0.000581,0.000290,548,42271,1843945
VV+VH,5,-33.25,0.013089,0.000312,0.000610,0.000305,576,43430,1843917
VV+VH,5,-33.20,0.013409,0.000329,0.000641,0.000321,606,44587,1843887
VV+VH,5,-33.15,0.014221,0.000358,0.000699,0.000350,661,45819,1843832
VV+VH,5,-33.10,0.014329,0.000371,0.000724,0.000362,685,47120,1843808
VV+VH,5,-33.05,0.014597,0.000388,0.000756,0.000378,716,48335,1843777
VV+VH,5,-33.00,0.014533,0.000397,0.000773,0.000386,732,49637,1843761
VV+VH,5,-32.95,0.014842,0.000415,0.000808,0.000404,766,50844,1843727
VV+VH,5,-32.90,0.015372,0.000441,0.000858,0.000429,814,52141,1843679
VV+VH,5,-32.85,0.015780,0.000465,0.000903,0.000452,857,53451,1843636
VV+VH,5,-32.80,0.016061,0.000485,0.000942,0.000471,895,54831,1843598
VV+VH,5,-32.75,0.016621,0.000515,0.000998,0.000499,949,56147,1843544
VV+VH,5,-32.70,0.016818,0.000533,0.001034,0.000517,984,57524,1843509
VV+VH,5,-32.65,0.017743,0.000577,0.001117,0.000559,1064,58903,1843429
VV+VH,5,-32.60,0.018009,0.000602,0.001165,0.000583,1110,60525,1843383
VV+VH,5,-32.55,0.018121,0.000621,0.001200,0.000601,1145,62043,1843348
VV+VH,5,-32.50,0.018442,0.000647,0.001251,0.000626,1194,63551,1843299
VV+VH,5,-32.45,0.019033,0.000685,0.001322,0.000661,1263,65097,1843230
VV+VH,5,-32.40,0.019391,0.000716,0.001381,0.000691,1321,66804,1843172
VV+VH,5,-32.35,0.019709,0.000744,0.001435,0.000718,1373,68291,1843120
VV+VH,5,-32.30,0.020123,0.000777,0.001497,0.000749,1434,69829,1843059
VV+VH,5,-32.25,0.020806,0.000822,0.001582,0.000792,1517,71396,1842976
VV+VH,5,-32.20,0.021050,0.000850,0.001634,0.000818,1568,72920,1842925
VV+VH,5,-32.15,0.021376,0.000883,0.001695,0.000848,1628,74533,1842865
VV+VH,5,-32.10,0.021975,0.000929,0.001783,0.000892,1714,76283,1842779
VV+VH,5,-32.05,0.022393,0.000970,0.001859,0.000931,1789,78102,1842704
VV+VH,5,-32.00,0.022687,0.001008,0.001930,0.000966,1859,80084,1842634
VV+VH,5,-31.95,0.023508,0.001070,0.002047,0.001025,1974,81997,1842519
VV+VH,5,-31.90,0.024297,0.001130,0.002160,0.001081,2085,83729,1842408
VV+VH,5,-31.85,0.025352,0.001206,0.002303,0.001153,2225,85541,1842268
VV+VH,5,-31.80,0.026115,0.001273,0.002428,0.001215,2348,87561,1842145
VV+VH,5,-31.75,0.027005,0.001346,0.002564,0.001283,2482,89427,1842011
VV+VH,5,-31.70,0.027594,0.001406,0.002675,0.001339,2593,91378,1841900
VV+VH,5,-31.65,0.028283,0.001475,0.002803,0.001404,2720,93450,1841773
VV+VH,5,-31.60,0.028884,0.001538,0.002920,0.001462,2836,95350,1841657
VV+VH,5,-31.55,0.029824,0.001622,0.003077,0.001541,2992,97331,1841501
VV+VH,5,-31.50,0.030794,0.001714,0.003247,0.001626,3161,99489,1841332
VV+VH,5,-31.45,0.031287,0.001780,0.003369,0.001687,3284,101681,1841209
VV+VH,5,-31.40,0.031806,0.001846,0.003490,0.001748,3405,103650,1841088
VV+VH,5,-31.35,0.032896,0.001952,0.003686,0.001846,3601,105865,1840892
VV+VH,5,-31.30,0.033844,0.002053,0.003871,0.001939,3787,108109,1840706
VV+VH,5,-31.25,0.035064,0.002175,0.004096,0.002052,4012,110407,1840481
VV+VH,5,-31.20,0.036170,0.002292,0.004310,0.002160,4227,112638,1840266
VV+VH,5,-31.15,0.037151,0.002405,0.004518,0.002264,4436,114969,1840057
VV+VH,5,-31.10,0.038280,0.002525,0.004738,0.002375,4658,117025,1839835
VV+VH,5,-31.05,0.039608,0.002665,0.004994,0.002503,4916,119199,1839577
VV+VH,5,-31.00,0.040435,0.002776,0.005196,0.002605,5121,121528,1839372
VV+VH,5,-30.95,0.041568,0.002913,0.005444,0.002730,5373,123886,1839120
VV+VH,5,-30.90,0.042548,0.003040,0.005675,0.002846,5608,126196,1838885
VV+VH,5,-30.85,0.043504,0.003168,0.005906,0.002962,5843,128468,1838650
VV+VH,5,-30.80,0.044796,0.003328,0.006196,0.003108,6139,130905,1838354
VV+VH,5,-30.75,0.046013,0.003485,0.006479,0.003250,6428,133272,1838065
VV+VH,5,-30.70,0.047188,0.003646,0.006769,0.003396,6725,135791,1837768
VV+VH,5,-30.65,0.048646,0.003840,0.007117,0.003571,7082,138500,1837411
VV+VH,5,-30.60,0.050496,0.004061,0.007518,0.003773,7491,140857,1837002
VV+VH,5,-30.55,0.051520,0.004222,0.007804,0.003917,7787,143359,1836706
VV+VH,5,-30.50,0.053278,0.004450,0.008214,0.004124,8208,145852,1836285
VV+VH,5,-30.45,0.054618,0.004646,0.008564,0.004300,8570,148337,1835923
VV+VH,5,-30.40,0.056513,0.004897,0.009013,0.004527,9033,150805,1835460
VV+VH,5,-30.35,0.058251,0.005145,0.009455,0.004750,9490,153425,1835003
VV+VH,5,-30.30,0.059730,0.005375,0.009862,0.004956,9914,156067,1834579
VV+VH,5,-30.25,0.061269,0.005619,0.010294,0.005174,10364,158791,1834129
VV+VH,5,-30.20,0.063116,0.005892,0.010778,0.005418,10868,161322,1833625
VV+VH,5,-30.15,0.065249,0.006202,0.011328,0.005696,11440,163889,1833053
VV+VH,5,-30.10,0.067196,0.006502,0.011857,0.005964,11993,166486,1832500
VV+VH,5,-30.05,0.069499,0.006854,0.012478,0.006278,12643,169272,1831850
VV+VH,5,-30.00,0.071556,0.007195,0.013076,0.006581,13272,172205,1831221
VV+VH,5,-29.95,0.073492,0.007519,0.013642,0.006868,13868,174833,1830625
VV+VH,5,-29.90,0.075364,0.007847,0.014214,0.007158,14474,177580,1830019
VV+VH,5,-29.85,0.077262,0.008184,0.014800,0.007455,15095,180280,1829398
VV+VH,5,-29.80,0.079680,0.008583,0.015496,0.007809,15831,182852,1828662
VV+VH,5,-29.75,0.082114,0.008997,0.016217,0.008175,16595,185501,1827898
VV+VH,5,-29.70,0.084067,0.009366,0.016854,0.008499,17275,188217,1827218
VV+VH,5,-29.65,0.086378,0.009781,0.017572,0.008864,18041,190821,1826452
VV+VH,5,-29.60,0.089142,0.010269,0.018417,0.009294,18942,193550,1825551
VV+VH,5,-29.55,0.092009,0.010781,0.019300,0.009744,19885,196235,1824608
VV+VH,5,-29.50,0.094520,0.011265,0.020131,0.010168,20778,199048,1823715
VV+VH,5,-29.45,0.097463,0.011815,0.021075,0.010650,21793,201809,1822700
VV+VH,5,-29.40,0.100372,0.012367,0.022020,0.011133,22810,204444,1821683
VV+VH,5,-29.35,0.103736,0.012997,0.023099,0.011684,23972,207114,1820521
VV+VH,5,-29.30,0.106765,0.013604,0.024133,0.012214,25092,209929,1819401
VV+VH,5,-29.25,0.109866,0.014242,0.025216,0.012769,26270,212840,1818223
VV+VH,5,-29.20,0.113195,0.014923,0.026370,0.013361,27526,215648,1816967
VV+VH,5,-29.15,0.116385,0.015602,0.027515,0.013949,28777,218479,1815716
VV+VH,5,-29.10,0.119809,0.016336,0.028751,0.014585,30131,221361,1814362
VV+VH,5,-29.05,0.123640,0.017138,0.030103,0.015282,31611,224059,1812882
VV+VH,5,-29.00,0.127131,0.017910,0.031397,0.015949,33035,226815,1811458
VV+VH,5,-28.95,0.131102,0.018770,0.032838,0.016693,34621,229456,1809872
VV+VH,5,-28.90,0.135365,0.019710,0.034410,0.017506,36355,232216,1808138
VV+VH,5,-28.85,0.138662,0.020524,0.035755,0.018203,37856,235154,1806637
VV+VH,5,-28.80,0.142405,0.021418,0.037235,0.018971,39505,237908,1804988
VV+VH,5,-28.75,0.146226,0.022350,0.038773,0.019770,41224,240696,1803269
VV+VH,5,-28.70,0.150307,0.023356,0.040430,0.020632,43080,243533,1801413
VV+VH,5,-28.65,0.154660,0.024439,0.042208,0.021559,45077,246382,1799416
VV+VH,5,-28.60,0.158806,0.025502,0.043947,0.022467,47038,249159,1797455
VV+VH,5,-28.55,0.162944,0.026604,0.045739,0.023405,49070,252076,1795423
VV+VH,5,-28.50,0.167217,0.027779,0.047644,0.024403,51239,255183,1793254
VV+VH,5,-28.45,0.171599,0.029000,0.049615,0.025439,53490,258225,1791003
VV+VH,5,-28.40,0.175984,0.030228,0.051594,0.026480,55756,261069,1788737
VV+VH,5,-28.35,0.180277,0.031501,0.053631,0.027555,58104,264200,1786389
VV+VH,5,-28.30,0.184546,0.032790,0.055686,0.028640,60481,267247,1784012
VV+VH,5,-28.25,0.189033,0.034167,0.057874,0.029799,63021,270365,1781472
VV+VH,5,-28.20,0.193680,0.035576,0.060111,0.030987,65620,273186,1778873
VV+VH,5,-28.15,0.198123,0.037045,0.062419,0.032215,68329,276552,1776164
VV+VH,5,-28.10,0.202665,0.038526,0.064744,0.033455,71061,279572,1773432
VV+VH,5,-28.05,0.207210,0.040043,0.067116,0.034723,73859,282586,1770634
VV+VH,5,-28.00,0.211584,0.041541,0.069448,0.035973,76623,285517,1767870
VV+VH,5,-27.95,0.216265,0.043158,0.071956,0.037321,79604,288482,1764889
VV+VH,5,-27.90,0.221077,0.044865,0.074593,0.038741,82754,291568,1761739
VV+VH,5,-27.85,0.225414,0.046485,0.077075,0.040082,85741,294631,1758752
VV+VH,5,-27.80,0.229984,0.048184,0.079675,0.041490,88875,297565,1755618
VV+VH,5,-27.75,0.234929,0.050044,0.082512,0.043031,92306,300604,1752187
VV+VH,5,-27.70,0.239960,0.051984,0.085455,0.044635,95884,303699,1748609
VV+VH,5,-27.65,0.244237,0.053787,0.088159,0.046112,99210,306994,1745283
VV+VH,5,-27.60,0.249069,0.055756,0.091115,0.047732,102841,310061,1741652
VV+VH,5,-27.55,0.254047,0.057809,0.094186,0.049420,106628,313090,1737865
VV+VH,5,-27.50,0.258955,0.059898,0.097291,0.051133,110481,316161,1734012
VV+VH,5,-27.45,0.263668,0.061986,0.100374,0.052839,114332,319289,1730161
VV+VH,5,-27.40,0.267880,0.063986,0.103298,0.054462,118021,322553,1726472
VV+VH,5,-27.35,0.272322,0.066103,0.106382,0.056179,121926,325801,1722567
VV+VH,5,-27.30,0.277171,0.068402,0.109725,0.058047,126167,329028,1718326
VV+VH,5,-27.25,0.281987,0.070701,0.113056,0.059915,130407,332051,1714086
VV+VH,5,-27.20,0.286498,0.072925,0.116257,0.061716,134509,334985,1709984
VV+VH,5,-27.15,0.291681,0.075465,0.119907,0.063777,139195,338021,1705298
VV+VH,5,-27.10,0.296463,0.077901,0.123381,0.065747,143688,340987,1700805
VV+VH,5,-27.05,0.301274,0.080416,0.126947,0.067776,148327,344005,1696166
VV+VH,5,-27.00,0.305672,0.082921,0.130454,0.069778,152948,347418,1691545
VV+VH,5,-26.95,0.310177,0.085447,0.133984,0.071802,157606,350511,1686887
VV+VH,5,-26.90,0.315067,0.088187,0.137804,0.074001,162661,353613,1681832
VV+VH,5,-26.85,0.319677,0.090884,0.141530,0.076154,167634,356752,1676859
VV+VH,5,-26.80,0.324170,0.093589,0.145245,0.078310,172624,359886,1671869
VV+VH,5,-26.75,0.328481,0.096277,0.148910,0.080444,177583,363036,1666910
VV+VH,5,-26.70,0.332800,0.098976,0.152575,0.082588,182560,365998,1661933
VV+VH,5,-26.65,0.336929,0.101680,0.156216,0.084726,187548,369091,1656945
VV+VH,5,-26.60,0.341282,0.104492,0.159996,0.086954,192734,372001,1651759
VV+VH,5,-26.55,0.345687,0.107401,0.163885,0.089257,198101,374963,1646392
VV+VH,5,-26.50,0.349903,0.110247,0.167666,0.091504,203349,377809,1641144
VV+VH,5,-26.45,0.354170,0.113177,0.171538,0.093815,208754,380663,1635739
VV+VH,5,-26.40,0.358307,0.116132,0.175411,0.096137,214205,383621,1630288
VV+VH,5,-26.35,0.362318,0.119066,0.179233,0.098438,219617,386527,1624876
VV+VH,5,-26.30,0.366613,0.122227,0.183331,0.100916,225446,389497,1619047
VV+VH,5,-26.25,0.370696,0.125272,0.187261,0.103303,231063,392259,1613430
VV+VH,5,-26.20,0.374725,0.128351,0.191209,0.105711,236742,395033,1607751
VV+VH,5,-26.15,0.378593,0.131366,0.195052,0.108065,242303,397706,1602190
VV+VH,5,-26.10,0.382298,0.134360,0.198838,0.110394,247826,400428,1596667
VV+VH,5,-26.05,0.386118,0.137474,0.202758,0.112816,253570,403146,1590923
VV+VH,5,-26.00,0.389944,0.140666,0.206750,0.115294,259458,405915,1585035
VV+VH,5,-25.95,0.393820,0.143907,0.210789,0.117811,265435,408565,1579058
VV+VH,5,-25.90,0.397497,0.147059,0.214690,0.120254,271249,411143,1573244
VV+VH,5,-25.85,0.401178,0.150280,0.218654,0.122746,277191,413751,1567302
VV+VH,5,-25.80,0.404784,0.153556,0.222649,0.125270,283233,416481,1561260
VV+VH,5,-25.75,0.408413,0.156838,0.226642,0.127804,289287,419033,1555206
VV+VH,5,-25.70,0.412055,0.160173,0.230678,0.130376,295438,421548,1549055
VV+VH,5,-25.65,0.415598,0.163445,0.234620,0.132900,301473,423922,1543020
VV+VH,5,-25.60,0.419045,0.166722,0.238539,0.135421,307518,426336,1536975
VV+VH,5,-25.55,0.422396,0.169941,0.242370,0.137896,313455,428633,1531038
VV+VH,5,-25.50,0.425885,0.173374,0.246429,0.140530,319787,431089,1524706
VV+VH,5,-25.45,0.429211,0.176716,0.250355,0.143089,325952,433470,1518541
VV+VH,5,-25.40,0.432530,0.180025,0.254234,0.145629,332055,435649,1512438
VV+VH,5,-25.35,0.435864,0.183480,0.258249,0.148270,338428,438025,1506065
VV+VH,5,-25.30,0.439105,0.186880,0.262179,0.150866,344699,440305,1499794
VV+VH,5,-25.25,0.442163,0.190223,0.266007,0.153407,350865,442655,1493628
VV+VH,5,-25.20,0.445345,0.193596,0.269874,0.155985,357086,444733,1487407
VV+VH,5,-25.15,0.448267,0.196922,0.273637,0.158505,363222,447059,1481271
VV+VH,5,-25.10,0.451132,0.200212,0.277341,0.160996,369290,449296,1475203
VV+VH,5,-25.05,0.453710,0.203269,0.280755,0.163302,374928,451432,1469565
VV+VH,5,-25.00,0.456258,0.206397,0.284221,0.165651,380698,453694,1463795
VV+VH,5,-24.95,0.458780,0.209632,0.287771,0.168068,386664,456145,1457829
VV+VH,5,-24.90,0.461428,0.212920,0.291385,0.170538,392730,458389,1451763
VV+VH,5,-24.85,0.463818,0.216016,0.294755,0.172852,398440,460604,1446053
VV+VH,5,-24.80,0.466242,0.219188,0.298191,0.175220,404290,462835,1440203
VV+VH,5,-24.75,0.468591,0.222359,0.301600,0.177579,410139,465122,1434354
VV+VH,5,-24.70,0.470795,0.225493,0.304934,0.179895,415920,467522,1428573
VV+VH,5,-24.65,0.473076,0.228677,0.308318,0.182255,421793,469804,1422700
VV+VH,5,-24.60,0.475212,0.231807,0.311611,0.184561,427567,472173,1416926
VV+VH,5,-24.55,0.477468,0.234985,0.314962,0.186917,433428,474336,1411065
VV+VH,5,-24.50,0.479581,0.238050,0.318170,0.189181,439081,476470,1405412
VV+VH,5,-24.45,0.481665,0.241161,0.321401,0.191470,444819,478684,1399674
VV+VH,5,-24.40,0.483755,0.244250,0.324606,0.193749,450518,480775,1393975
VV+VH,5,-24.35,0.485745,0.247329,0.327767,0.196006,456196,482971,1388297
VV+VH,5,-24.30,0.487645,0.250422,0.330910,0.198258,461901,485306,1382592
VV+VH,5,-24.25,0.489601,0.253594,0.334125,0.200570,467753,487623,1376740
VV+VH,5,-24.20,0.491349,0.256582,0.337120,0.202732,473263,489929,1371230
VV+VH,5,-24.15,0.493120,0.259585,0.340124,0.204909,478803,492163,1365690
VV+VH,5,-24.10,0.494639,0.262443,0.342934,0.206953,484075,494568,1360418
VV+VH,5,-24.05,0.496295,0.265436,0.345882,0.209103,489594,496904,1354899
VV+VH,5,-24.00,0.497859,0.268304,0.348692,0.211161,494885,499141,1349608
VV+VH,5,-23.95,0.499308,0.271155,0.351450,0.213188,500143,501530,1344350
VV+VH,5,-23.90,0.500671,0.274016,0.354186,0.215204,505420,504066,1339073
VV+VH,5,-23.85,0.502179,0.276975,0.357031,0.217308,510878,506445,1333615
VV+VH,5,-23.80,0.503490,0.279785,0.359693,0.219284,516062,508907,1328431
VV+VH,5,-23.75,0.504752,0.282565,0.362307,0.221230,521190,511376,1323303
VV+VH,5,-23.70,0.506071,0.285395,0.364969,0.223218,526410,513780,1318083
VV+VH,5,-23.65,0.507221,0.288137,0.367505,0.225119,531466,516334,1313027
VV+VH,5,-23.60,0.508434,0.290934,0.370094,0.227065,536626,518823,1307867
VV+VH,5,-23.55,0.509647,0.293746,0.372686,0.229019,541812,521301,1302681
VV+VH,5,-23.50,0.510731,0.296528,0.375210,0.230928,546943,523960,1297550
VV+VH,5,-23.45,0.511754,0.299243,0.377655,0.232784,551951,526597,1292542
VV+VH,5,-23.40,0.512784,0.301965,0.380099,0.234644,556972,529201,1287521
VV+VH,5,-23.35,0.513773,0.304683,0.382520,0.236491,561986,531856,1282507
VV+VH,5,-23.30,0.514661,0.307333,0.384850,0.238275,566873,534576,1277620
VV+VH,5,-23.25,0.515604,0.310000,0.387200,0.240080,571792,537183,1272701
VV+VH,5,-23.20,0.516399,0.312656,0.389492,0.241845,576692,540064,1267801
VV+VH,5,-23.15,0.517256,0.315385,0.391849,0.243664,581725,542912,1262768
VV+VH,5,-23.10,0.517895,0.317937,0.393998,0.245328,586433,545906,1258060
VV+VH,5,-23.05,0.518564,0.320495,0.396151,0.247000,591150,548826,1253343
VV+VH,5,-23.00,0.519165,0.323016,0.398249,0.248633,595801,551812,1248692
VV+VH,5,-22.95,0.519824,0.325566,0.400377,0.250294,600505,554703,1243988
VV+VH,5,-22.90,0.520448,0.328208,0.402555,0.251999,605377,557807,1239116
VV+VH,5,-22.85,0.520953,0.330683,0.404563,0.253575,609943,560879,1234550
VV+VH,5,-22.80,0.521407,0.333270,0.406632,0.255202,614714,564238,1229779
VV+VH,5,-22.75,0.521946,0.335841,0.408705,0.256838,619457,567364,1225036
VV+VH,5,-22.70,0.522397,0.338389,0.410726,0.258436,624156,570636,1220337
VV+VH,5,-22.65,0.522752,0.340870,0.412659,0.259968,628733,574004,1215760
VV+VH,5,-22.60,0.523053,0.343291,0.414522,0.261449,633197,577382,1211296
VV+VH,5,-22.55,0.523431,0.345820,0.416480,0.263009,637862,580756,1206631
VV+VH,5,-22.50,0.523656,0.348362,0.418390,0.264534,642551,584496,1201942
VV+VH,5,-22.45,0.523913,0.350952,0.420335,0.266091,647328,588237,1197165
VV+VH,5,-22.40,0.524072,0.353459,0.422180,0.267571,651952,592061,1192541
VV+VH,5,-22.35,0.524245,0.356102,0.424116,0.269129,656828,596074,1187665
VV+VH,5,-22.30,0.524306,0.358629,0.425923,0.270586,661488,600157,1183005
VV+VH,5,-22.25,0.524424,0.361177,0.427754,0.272066,666188,604136,1178305
VV+VH,5,-22.20,0.524459,0.363745,0.429562,0.273530,670925,608345,1173568
VV+VH,5,-22.15,0.524363,0.366251,0.431272,0.274918,675547,612773,1168946
VV+VH,5,-22.10,0.524317,0.368830,0.433039,0.276356,680305,617203,1164188
VV+VH,5,-22.05,0.524132,0.371357,0.434712,0.277720,684965,621892,1159528
VV+VH,5,-22.00,0.524083,0.374052,0.436537,0.279211,689937,626528,1154556
VV+VH,5,-21.95,0.523969,0.376638,0.438252,0.280617,694706,631148,1149787
VV+VH,5,-21.90,0.523786,0.379155,0.439887,0.281958,699348,635830,1145145
VV+VH,5,-21.85,0.523556,0.381731,0.441534,0.283313,704101,640744,1140392
VV+VH,5,-21.80,0.523358,0.384373,0.443226,0.284708,708974,645689,1135519
VV+VH,5,-21.75,0.522967,0.386891,0.444753,0.285969,713617,650938,1130876
VV+VH,5,-21.70,0.522615,0.389501,0.446345,0.287287,718431,656253,1126062
VV+VH,5,-21.65,0.522405,0.392307,0.448104,0.288746,723608,661540,1120885
VV+VH,5,-21.60,0.522104,0.394984,0.449734,0.290101,728545,666856,1115948
VV+VH,5,-21.55,0.521679,0.397677,0.451315,0.291418,733512,672547,1110981
VV+VH,5,-21.50,0.521265,0.400327,0.452861,0.292709,738401,678155,1106092
VV+VH,5,-21.45,0.520697,0.402932,0.454307,0.293918,743206,684124,1101287
VV+VH,5,-21.40,0.520051,0.405562,0.455726,0.295107,748056,690371,1096437
VV+VH,5,-21.35,0.519403,0.408308,0.457204,0.296348,753122,696854,1091371
VV+VH,5,-21.30,0.518717,0.411001,0.458619,0.297538,758088,703380,1086405
VV+VH,5,-21.25,0.517999,0.413680,0.459999,0.298701,763030,710003,1081463
VV+VH,5,-21.20,0.517389,0.416409,0.461439,0.299916,768063,716434,1076430
VV+VH,5,-21.15,0.516624,0.419102,0.462781,0.301051,773030,723281,1071463
VV+VH,5,-21.10,0.515912,0.421922,0.464207,0.302259,778232,730227,1066261
VV+VH,5,-21.05,0.515081,0.424781,0.465593,0.303435,783506,737627,1060987
VV+VH,5,-21.00,0.514162,0.427528,0.466860,0.304512,788572,745132,1055921
VV+VH,5,-20.95,0.513223,0.430242,0.468083,0.305554,793578,752686,1050915
VV+VH,5,-20.90,0.512226,0.433013,0.469300,0.306592,798689,760561,1045804
VV+VH,5,-20.85,0.511235,0.435708,0.470459,0.307582,803660,768337,1040833
VV+VH,5,-20.80,0.510173,0.438491,0.471624,0.308579,808794,776538,1035699
VV+VH,5,-20.75,0.508997,0.441324,0.472751,0.309544,814019,785243,1030474
VV+VH,5,-20.70,0.507845,0.444030,0.473798,0.310443,819010,793708,1025483
VV+VH,5,-20.65,0.506605,0.446833,0.474845,0.311343,824180,802688,1020313
VV+VH,5,-20.60,0.505349,0.449714,0.475911,0.312259,829494,811933,1014999
VV+VH,5,-20.55,0.503996,0.452460,0.476839,0.313059,834559,821325,1009934
VV+VH,5,-20.50,0.502730,0.455264,0.477821,0.313906,839731,830610,1004762
VV+VH,5,-20.45,0.501355,0.458034,0.478716,0.314679,844841,840275,999652
VV+VH,5,-20.40,0.499924,0.460900,0.479619,0.315460,850126,850384,994367
VV+VH,5,-20.35,0.498387,0.463701,0.480419,0.316152,855293,860829,989200
VV+VH,5,-20.30,0.496738,0.466527,0.481158,0.316793,860505,871807,983988
VV+VH,5,-20.25,0.495083,0.469343,0.481869,0.317410,865699,882895,978794
VV+VH,5,-20.20,0.493311,0.472083,0.482463,0.317925,870753,894366,973740
VV+VH,5,-20.15,0.491567,0.474903,0.483091,0.318471,875956,906011,968537
VV+VH,5,-20.10,0.489822,0.477797,0.483735,0.319031,881294,917917,963199
VV+VH,5,-20.05,0.487975,0.480640,0.484280,0.319505,886538,930231,957955
VV+VH,5,-20.00,0.485988,0.483476,0.484729,0.319896,891768,943192,952725
VV+VH,5,-19.95,0.483935,0.486312,0.485121,0.320237,896999,956554,947494
VV+VH,5,-19.90,0.481879,0.489131,0.485478,0.320549,902198,970051,942295
VV+VH,5,-19.85,0.479711,0.491963,0.485760,0.320794,907423,984182,937070
VV+VH,5,-19.80,0.477483,0.494720,0.485949,0.320959,912508,998571,931985
VV+VH,5,-19.75,0.475225,0.497536,0.486125,0.321113,917702,1013386,926791
VV+VH,5,-19.70,0.472960,0.500288,0.486240,0.321214,922777,1028290,921716
VV+VH,5,-19.65,0.470671,0.503177,0.486382,0.321337,928107,1043774,916386
VV+VH,5,-19.60,0.468222,0.505914,0.486339,0.321299,933154,1059820,911339
VV+VH,5,-19.55,0.465930,0.508740,0.486395,0.321348,938367,1075600,906126
VV+VH,5,-19.50,0.463379,0.511454,0.486231,0.321206,943374,1092486,901119
VV+VH,5,-19.45,0.460839,0.514242,0.486078,0.321072,948515,1109720,895978
VV+VH,5,-19.40,0.458295,0.517038,0.485897,0.320914,953673,1127244,890820
VV+VH,5,-19.35,0.455759,0.519906,0.485724,0.320763,958963,1145136,885530
VV+VH,5,-19.30,0.453222,0.522704,0.485489,0.320559,964123,1163142,880370
VV+VH,5,-19.25,0.450771,0.525577,0.485309,0.320401,969424,1181165,875069
VV+VH,5,-19.20,0.448152,0.528345,0.484956,0.320093,974528,1200018,869965
VV+VH,5,-19.15,0.445665,0.531180,0.484679,0.319853,979758,1218662,864735
VV+VH,5,-19.10,0.443000,0.533857,0.484203,0.319438,984696,1238095,859797
VV+VH,5,-19.05,0.440449,0.536615,0.483800,0.319087,989783,1257429,854710
VV+VH,5,-19.00,0.437880,0.539461,0.483392,0.318732,995032,1277351,849461
VV+VH,5,-18.95,0.435194,0.542138,0.482815,0.318231,999969,1297785,844524
VV+VH,5,-18.90,0.432630,0.544937,0.482332,0.317811,1005132,1318176,839361
VV+VH,5,-18.85,0.430048,0.547784,0.481828,0.317374,1010383,1339082,834110
VV+VH,5,-18.80,0.427415,0.550647,0.481267,0.316888,1015664,1360631,828829
VV+VH,5,-18.75,0.424978,0.553439,0.480776,0.316461,1020815,1381225,823678
VV+VH,5,-18.70,0.422572,0.556297,0.480301,0.316050,1026086,1402104,818407
VV+VH,5,-18.65,0.420053,0.559096,0.479702,0.315532,1031248,1423793,813245
VV+VH,5,-18.60,0.417645,0.561933,0.479163,0.315065,1036481,1445244,808012
VV+VH,5,-18.55,0.415260,0.564776,0.478613,0.314589,1041725,1466886,802768
VV+VH,5,-18.50,0.412871,0.567742,0.478077,0.314127,1047197,1489183,797296
VV+VH,5,-18.45,0.410498,0.570544,0.477466,0.313600,1052364,1511263,792129
VV+VH,5,-18.40,0.408136,0.573386,0.476850,0.313068,1057606,1533701,786887
VV+VH,5,-18.35,0.405870,0.576143,0.476244,0.312546,1062691,1555616,781802
VV+VH,5,-18.30,0.403674,0.579082,0.475724,0.312098,1068113,1577866,776380
VV+VH,5,-18.25,0.401459,0.581987,0.475153,0.311607,1073471,1600455,771022
VV+VH,5,-18.20,0.399326,0.584879,0.474612,0.311142,1078806,1622759,765687
VV+VH,5,-18.15,0.397222,0.587819,0.474081,0.310685,1084228,1645300,760265
VV+VH,5,-18.10,0.395209,0.590806,0.473607,0.310279,1089738,1667634,754755
VV+VH,5,-18.05,0.393199,0.593777,0.473107,0.309850,1095218,1690183,749275
VV+VH,5,-18.00,0.391248,0.596788,0.472639,0.309448,1100772,1712716,743721
VV+VH,5,-17.95,0.389261,0.599802,0.472122,0.309005,1106330,1735801,738163
VV+VH,5,-17.90,0.387344,0.602835,0.471641,0.308593,1111925,1758711,732568
VV+VH,5,-17.85,0.385460,0.605929,0.471180,0.308199,1117631,1781840,726862
VV+VH,5,-17.80,0.383547,0.608900,0.470639,0.307735,1123112,1805110,721381
VV+VH,5,-17.75,0.381600,0.611842,0.470041,0.307224,1128539,1828847,715954
VV+VH,5,-17.70,0.379758,0.614927,0.469542,0.306799,1134229,1852488,710264
VV+VH,5,-17.65,0.377912,0.617963,0.469006,0.306341,1139828,1876294,704665
VV+VH,5,-17.60,0.376040,0.620976,0.468421,0.305842,1145386,1900530,699107
VV+VH,5,-17.55,0.374182,0.623958,0.467818,0.305328,1150887,1924854,693606
VV+VH,5,-17.50,0.372318,0.626979,0.467200,0.304802,1156459,1949645,688034
VV+VH,5,-17.45,0.370548,0.630101,0.466662,0.304344,1162217,1974265,682276
VV+VH,5,-17.40,0.368761,0.633300,0.466112,0.303877,1168118,1999562,676375
VV+VH,5,-17.35,0.366938,0.636421,0.465490,0.303348,1173874,2025234,670619
VV+VH,5,-17.30,0.365055,0.639453,0.464776,0.302742,1179467,2051460,665026
VV+VH,5,-17.25,0.363181,0.642541,0.464062,0.302136,1185162,2078122,659331
VV+VH,5,-17.20,0.361367,0.645773,0.463413,0.301586,1191124,2105041,653369
VV+VH,5,-17.15,0.359575,0.649040,0.462770,0.301042,1197150,2132198,647343
VV+VH,5,-17.10,0.357680,0.652277,0.462013,0.300401,1203121,2160556,641372
VV+VH,5,-17.05,0.355829,0.655530,0.461274,0.299776,1209121,2188917,635372
VV+VH,5,-17.00,0.353891,0.658773,0.460437,0.299070,1215103,2218450,629390
VV+VH,5,-16.95,0.351976,0.661905,0.459570,0.298339,1220879,2247764,623614
VV+VH,5,-16.90,0.350015,0.665130,0.458664,0.297576,1226827,2278246,617666
VV+VH,5,-16.85,0.348080,0.668349,0.457757,0.296813,1232765,2308850,611728
VV+VH,5,-16.80,0.346143,0.671653,0.456846,0.296047,1238860,2340181,605633
VV+VH,5,-16.75,0.344097,0.674745,0.455768,0.295142,1244563,2372336,599930
VV+VH,5,-16.70,0.342066,0.678048,0.454728,0.294270,1250655,2405527,593838
VV+VH,5,-16.65,0.339985,0.681326,0.453614,0.293338,1256701,2439643,587792
VV+VH,5,-16.60,0.337918,0.684623,0.452493,0.292401,1262782,2474171,581711
VV+VH,5,-16.55,0.335868,0.687992,0.451379,0.291471,1268996,2509264,575497
VV+VH,5,-16.50,0.333692,0.691272,0.450108,0.290412,1275047,2545982,569446
VV+VH,5,-16.45,0.331529,0.694661,0.448845,0.289362,1281297,2583520,563196
VV+VH,5,-16.40,0.329259,0.697894,0.447427,0.288184,1287260,2622301,557233
VV+VH,5,-16.35,0.326975,0.701127,0.445969,0.286976,1293223,2661887,551270
VV+VH,5,-16.30,0.324754,0.704520,0.444577,0.285824,1299483,2701953,545010
VV+VH,5,-16.25,0.322454,0.707898,0.443080,0.284588,1305712,2743591,538781
VV+VH,5,-16.20,0.320212,0.711298,0.441617,0.283382,1311985,2785249,532508
VV+VH,5,-16.15,0.317885,0.714763,0.440058,0.282099,1318375,2828954,526118
VV+VH,5,-16.10,0.315520,0.718190,0.438427,0.280760,1324697,2873763,519796
VV+VH,5,-16.05,0.313130,0.721549,0.436732,0.279371,1330892,2919389,513601
VV+VH,5,-16.00,0.310729,0.724979,0.435010,0.277964,1337219,2966275,507274
VV+VH,5,-15.95,0.308287,0.728434,0.433225,0.276507,1343592,3014660,500901
VV+VH,5,-15.90,0.305761,0.731760,0.431304,0.274945,1349726,3064590,494767
VV+VH,5,-15.85,0.303241,0.735277,0.429393,0.273393,1356213,3116174,488280
VV+VH,5,-15.80,0.300678,0.738769,0.427404,0.271782,1362655,3169283,481838
VV+VH,5,-15.75,0.298089,0.742254,0.425356,0.270128,1369082,3223778,475411
VV+VH,5,-15.70,0.295532,0.745810,0.423320,0.268488,1375641,3279158,468852
VV+VH,5,-15.65,0.292911,0.749302,0.421179,0.266768,1382083,3336356,462410
VV+VH,5,-15.60,0.290260,0.752885,0.418988,0.265013,1388692,3395605,455801
VV+VH,5,-15.55,0.287627,0.756494,0.416787,0.263254,1395347,3455897,449146
VV+VH,5,-15.50,0.284878,0.760013,0.414419,0.261367,1401839,3518994,442654
VV+VH,5,-15.45,0.282188,0.763534,0.412079,0.259509,1408334,3582435,436159
VV+VH,5,-15.40,0.279497,0.767074,0.409709,0.257631,1414863,3647322,429630
VV+VH,5,-15.35,0.276752,0.770535,0.407237,0.255680,1421247,3714208,423246
VV+VH,5,-15.30,0.274005,0.774044,0.404736,0.253711,1427718,3782839,416775
VV+VH,5,-15.25,0.271218,0.777523,0.402155,0.251686,1434135,3853614,410358
VV+VH,5,-15.20,0.268401,0.781024,0.399510,0.249617,1440593,3926716,403900
VV+VH,5,-15.15,0.265598,0.784491,0.396842,0.247537,1446988,4001040,397505
VV+VH,5,-15.10,0.262806,0.788015,0.394158,0.245453,1453488,4077169,391005
VV+VH,5,-15.05,0.260011,0.791480,0.391431,0.243341,1459879,4154813,384614
VV+VH,5,-15.00,0.257202,0.794999,0.388663,0.241205,1466371,4234865,378122
VV+VH,5,-14.95,0.254376,0.798476,0.385835,0.239030,1472783,4316994,371710
VV+VH,5,-14.90,0.251504,0.801941,0.382918,0.236795,1479175,4402144,365318
VV+VH,5,-14.85,0.248670,0.805438,0.380014,0.234579,1485624,4488662,358869
VV+VH,5,-14.80,0.245821,0.808801,0.377045,0.232320,1491828,4576937,352665
VV+VH,5,-14.75,0.242962,0.812210,0.374036,0.230039,1498115,4667940,346378
VV+VH,5,-14.70,0.240160,0.815680,0.371067,0.227797,1504516,4760130,339977
VV+VH,5,-14.65,0.237306,0.818968,0.367985,0.225479,1510581,4854951,333912
VV+VH,5,-14.60,0.234438,0.822333,0.364859,0.223136,1516787,4953094,327706
VV+VH,5,-14.55,0.231574,0.825730,0.361708,0.220783,1523054,5053914,321439
VV+VH,5,-14.50,0.228705,0.828905,0.358497,0.218395,1528910,5156155,315583
VV+VH,5,-14.45,0.225913,0.832191,0.355358,0.216070,1534970,5259543,309523
VV+VH,5,-14.40,0.223087,0.835477,0.352144,0.213699,1541031,5366742,303462
VV+VH,5,-14.35,0.220307,0.838676,0.348950,0.211350,1546932,5474782,297561
VV+VH,5,-14.30,0.217462,0.841768,0.345634,0.208922,1552636,5587153,291857
VV+VH,5,-14.25,0.214684,0.844931,0.342376,0.206546,1558469,5700889,286024
VV+VH,5,-14.20,0.211893,0.847985,0.339062,0.204139,1564102,5817468,280391
VV+VH,5,-14.15,0.209164,0.851189,0.335809,0.201785,1570012,5936130,274481
VV+VH,5,-14.10,0.206467,0.854292,0.332560,0.199444,1575735,6056156,268758
VV+VH,5,-14.05,0.203759,0.857402,0.329269,0.197081,1581472,6179995,263021
VV+VH,5,-14.00,0.201080,0.860517,0.325986,0.194733,1587217,6306235,257276
VV+VH,5,-13.95,0.198437,0.863549,0.322716,0.192404,1592811,6433971,251682
VV+VH,5,-13.90,0.195842,0.866588,0.319483,0.190110,1598415,6563348,246078
VV+VH,5,-13.85,0.193292,0.869704,0.316289,0.187852,1604163,6694997,240330
VV+VH,5,-13.80,0.190786,0.872724,0.313120,0.185621,1609733,6827652,234760
VV+VH,5,-13.75,0.188261,0.875656,0.309896,0.183359,1615142,6964141,229351
VV+VH,5,-13.70,0.185788,0.878526,0.306713,0.181135,1620435,7101513,224058
VV+VH,5,-13.65,0.183349,0.881328,0.303548,0.178931,1625604,7240574,218889
VV+VH,5,-13.60,0.180942,0.884120,0.300404,0.176750,1630753,7381821,213740
VV+VH,5,-13.55,0.178563,0.886923,0.297275,0.174588,1635923,7525697,208570
VV+VH,5,-13.50,0.176207,0.889654,0.294153,0.172438,1640960,7671723,203533
VV+VH,5,-13.45,0.173900,0.892283,0.291072,0.170324,1645809,7818318,198684
VV+VH,5,-13.40,0.171641,0.895068,0.288046,0.168256,1650947,7967641,193546
VV+VH,5,-13.35,0.169421,0.897722,0.285047,0.166213,1655842,8117701,188651
VV+VH,5,-13.30,0.167222,0.900369,0.282059,0.164184,1660725,8270512,183768
VV+VH,5,-13.25,0.165070,0.902871,0.279111,0.162190,1665339,8423354,179154
VV+VH,5,-13.20,0.162965,0.905371,0.276212,0.160236,1669951,8577358,174542
VV+VH,5,-13.15,0.160914,0.907944,0.273377,0.158330,1674696,8732731,169797
VV+VH,5,-13.10,0.158876,0.910420,0.270540,0.156430,1679263,8890399,165230
VV+VH,5,-13.05,0.156880,0.912928,0.267749,0.154567,1683889,9049751,160604
VV+VH,5,-13.00,0.154901,0.915307,0.264961,0.152712,1688278,9210827,156215
VV+VH,5,-12.95,0.152966,0.917604,0.262220,0.150893,1692515,9372127,151978
VV+VH,5,-12.90,0.151065,0.919922,0.259514,0.149104,1696790,9535412,147703
VV+VH,5,-12.85,0.149218,0.922316,0.256876,0.147366,1701206,9699626,143287
VV+VH,5,-12.80,0.147398,0.924568,0.254261,0.145647,1705360,9864398,139133
VV+VH,5,-12.75,0.145606,0.926770,0.251671,0.143950,1709421,10030628,135072
VV+VH,5,-12.70,0.143853,0.929010,0.249130,0.142289,1713553,10198250,130940
VV+VH,5,-12.65,0.142113,0.931099,0.246589,0.140634,1717406,10367417,127087
VV+VH,5,-12.60,0.140417,0.933098,0.244101,0.139018,1721093,10535886,123400
VV+VH,5,-12.55,0.138765,0.935106,0.241667,0.137441,1724796,10704844,119697
VV+VH,5,-12.50,0.137151,0.937120,0.239282,0.135901,1728512,10874456,115981
VV+VH,5,-12.45,0.135553,0.939049,0.236909,0.134371,1732069,11045693,112424
VV+VH,5,-12.40,0.134005,0.940990,0.234601,0.132889,1735650,11216444,108843
VV+VH,5,-12.35,0.132482,0.942920,0.232323,0.131428,1739210,11388647,105283
VV+VH,5,-12.30,0.130997,0.944743,0.230090,0.130001,1742572,11559779,101921
VV+VH,5,-12.25,0.129531,0.946511,0.227877,0.128590,1745833,11732294,98660
VV+VH,5,-12.20,0.128102,0.948312,0.225714,0.127214,1749155,11905235,95338
VV+VH,5,-12.15,0.126700,0.949996,0.223581,0.125860,1752261,12077788,92232
VV+VH,5,-12.10,0.125336,0.951646,0.221499,0.124543,1755305,12249494,89188
VV+VH,5,-12.05,0.123993,0.953276,0.219443,0.123244,1758311,12422381,86182
VV+VH,5,-12.00,0.122689,0.954904,0.217441,0.121982,1761314,12594611,83179
VV+VH,5,-11.95,0.121408,0.956442,0.215465,0.120740,1764151,12766635,80342
VV+VH,5,-11.90,0.120165,0.957987,0.213544,0.119535,1767000,12937797,77493
VV+VH,5,-11.85,0.118953,0.959543,0.211666,0.118359,1769871,13108887,74622
VV+VH,5,-11.80,0.117764,0.960962,0.209815,0.117203,1772488,13278724,72005
VV+VH,5,-11.75,0.116598,0.962340,0.207996,0.116069,1775029,13448431,69464
VV+VH,5,-11.70,0.115452,0.963717,0.206201,0.114952,1777569,13619046,66924
VV+VH,5,-11.65,0.114351,0.965086,0.204475,0.113880,1780094,13786805,64399
VV+VH,5,-11.60,0.113278,0.966410,0.202787,0.112834,1782537,13953349,61956
VV+VH,5,-11.55,0.112236,0.967704,0.201143,0.111817,1784924,14118419,59569
VV+VH,5,-11.50,0.111221,0.969016,0.199539,0.110827,1787344,14282860,57149
VV+VH,5,-11.45,0.110221,0.970152,0.197953,0.109849,1789439,14445512,55054
VV+VH,5,-11.40,0.109253,0.971373,0.196415,0.108902,1791691,14607757,52802
VV+VH,5,-11.35,0.108306,0.972442,0.194904,0.107974,1793662,14767456,50831
VV+VH,5,-11.30,0.107395,0.973595,0.193450,0.107083,1795790,14925623,48703
VV+VH,5,-11.25,0.106505,0.974688,0.192028,0.106212,1797806,15082160,46687
VV+VH,5,-11.20,0.105630,0.975727,0.190624,0.105353,1799722,15238253,44771
VV+VH,5,-11.15,0.104794,0.976683,0.189279,0.104532,1801485,15389287,43008
VV+VH,5,-11.10,0.103983,0.977751,0.187976,0.103738,1803454,15540225,41039
VV+VH,5,-11.05,0.103191,0.978703,0.186698,0.102960,1805210,15688629,39283
VV+VH,5,-11.00,0.102428,0.979625,0.185464,0.102210,1806912,15833875,37581
VV+VH,5,-10.95,0.101685,0.980495,0.184260,0.101479,1808517,15977054,35976
VV+VH,5,-10.90,0.100968,0.981360,0.183097,0.100774,1810112,16117527,34381
VV+VH,5,-10.85,0.100274,0.982200,0.181971,0.100092,1811661,16255383,32832
VV+VH,5,-10.80,0.099608,0.983029,0.180887,0.099437,1813191,16390093,31302
VV+VH,5,-10.75,0.098966,0.983784,0.179841,0.098805,1814582,16520793,29911
VV+VH,5,-10.70,0.098350,0.984549,0.178836,0.098199,1815994,16648579,28499
VV+VH,5,-10.65,0.097756,0.985284,0.177865,0.097613,1817349,16773341,27144
VV+VH,5,-10.60,0.097180,0.985996,0.176922,0.097046,1818663,16895743,25830
VV+VH,5,-10.55,0.096630,0.986669,0.176021,0.096504,1819904,17013817,24589
VV+VH,5,-10.50,0.096111,0.987404,0.175172,0.095993,1821260,17128253,23233
VV+VH,5,-10.45,0.095603,0.988024,0.174336,0.095492,1822404,17239854,22089
VV+VH,5,-10.40,0.095120,0.988663,0.173543,0.095016,1823582,17347885,20911
VV+VH,5,-10.35,0.094652,0.989216,0.172772,0.094554,1824602,17452368,19891
VV+VH,5,-10.30,0.094209,0.989778,0.172042,0.094117,1825638,17553034,18855
VV+VH,5,-10.25,0.093786,0.990326,0.171345,0.093700,1826650,17650207,17843
VV+VH,5,-10.20,0.093382,0.990837,0.170679,0.093302,1827591,17743444,16902
VV+VH,5,-10.15,0.092997,0.991339,0.170043,0.092922,1828518,17833522,15975
VV+VH,5,-10.10,0.092629,0.991805,0.169435,0.092559,1829377,17920028,15116
VV+VH,5,-10.05,0.092280,0.992241,0.168855,0.092213,1830182,18002832,14311
VV+VH,5,-10.00,0.091951,0.992643,0.168311,0.091888,1830923,18081038,13570
VV+VH,5,-9.95,0.091635,0.993034,0.167788,0.091576,1831644,18156761,12849
VV+VH,5,-9.90,0.091335,0.993400,0.167289,0.091280,1832320,18229183,12173
VV+VH,5,-9.85,0.091050,0.993720,0.166815,0.090997,1832909,18297972,11584
VV+VH,5,-9.80,0.090783,0.994063,0.166373,0.090734,1833542,18363362,10951
VV+VH,5,-9.75,0.090528,0.994369,0.165947,0.090481,1834106,18426088,10387
VV+VH,5,-9.70,0.090288,0.994671,0.165549,0.090245,1834664,18485402,9829
VV+VH,5,-9.65,0.090067,0.995000,0.165182,0.090026,1835270,18541397,9223
VV+VH,5,-9.60,0.089851,0.995265,0.164822,0.089813,1835760,18595351,8733
VV+VH,5,-9.55,0.089646,0.995511,0.164481,0.089610,1836213,18646624,8280
VV+VH,5,-9.50,0.089453,0.995754,0.164159,0.089419,1836661,18695524,7832
VV+VH,5,-9.45,0.089272,0.995995,0.163858,0.089240,1837105,18741574,7388
VV+VH,5,-9.40,0.089103,0.996209,0.163575,0.089073,1837500,18784747,6993
VV+VH,5,-9.35,0.088941,0.996414,0.163305,0.088912,1837879,18826206,6614
VV+VH,5,-9.30,0.088787,0.996614,0.163048,0.088760,1838248,18865795,6245
VV+VH,5,-9.25,0.088640,0.996782,0.162802,0.088614,1838557,18903380,5936
VV+VH,5,-9.20,0.088502,0.996940,0.162572,0.088478,1838848,18938652,5645
VV+VH,5,-9.15,0.088369,0.997104,0.162350,0.088347,1839152,18972961,5341
VV+VH,5,-9.10,0.088249,0.997289,0.162149,0.088228,1839492,19004890,5001
VV+VH,5,-9.05,0.088132,0.997430,0.161953,0.088112,1839753,19035307,4740
VV+VH,5,-9.00,0.088018,0.997554,0.161764,0.087999,1839981,19064520,4512
VV+VH,5,-8.95,0.087911,0.997668,0.161584,0.087893,1840192,19092213,4301
VV+VH,5,-8.90,0.087809,0.997784,0.161413,0.087792,1840405,19118756,4088
VV+VH,5,-8.85,0.087715,0.997896,0.161255,0.087699,1840613,19143461,3880
VV+VH,5,-8.80,0.087623,0.998004,0.161102,0.087608,1840811,19167428,3682
VV+VH,5,-8.75,0.087534,0.998085,0.160953,0.087520,1840961,19190325,3532
VV+VH,5,-8.70,0.087449,0.998173,0.160809,0.087435,1841124,19212638,3369
VV+VH,5,-8.65,0.087370,0.998267,0.160677,0.087357,1841297,19233442,3196
VV+VH,5,-8.60,0.087294,0.998339,0.160550,0.087281,1841429,19253140,3064
VV+VH,5,-8.55,0.087219,0.998409,0.160423,0.087207,1841558,19272716,2935
VV+VH,5,-8.50,0.087148,0.998490,0.160305,0.087137,1841708,19291282,2785
VV+VH,5,-8.45,0.087080,0.998550,0.160190,0.087069,1841818,19309169,2675
VV+VH,5,-8.40,0.087012,0.998598,0.160076,0.087002,1841907,19326459,2586
VV+VH,5,-8.35,0.086950,0.998651,0.159971,0.086939,1842005,19342748,2488
VV+VH,5,-8.30,0.086891,0.998708,0.159873,0.086881,1842109,19358117,2384
VV+VH,5,-8.25,0.086832,0.998760,0.159773,0.086822,1842206,19373619,2287
VV+VH,5,-8.20,0.086775,0.998813,0.159678,0.086766,1842303,19388402,2190
VV+VH,5,-8.15,0.086721,0.998847,0.159587,0.086712,1842367,19402363,2126
VV+VH,5,-8.10,0.086669,0.998898,0.159499,0.086661,1842460,19416148,2033
VV+VH,5,-8.05,0.086617,0.998925,0.159411,0.086608,1842510,19429526,1983
VV+VH,5,-8.00,0.086567,0.998960,0.159328,0.086560,1842575,19442267,1918
VV+VH,5,-7.95,0.086520,0.998998,0.159248,0.086513,1842645,19454674,1848
VV+VH,5,-7.90,0.086474,0.999029,0.159171,0.086467,1842702,19466569,1791
VV+VH,5,-7.85,0.086430,0.999059,0.159097,0.086423,1842758,19477999,1735
VV+VH,5,-7.80,0.086387,0.999082,0.159023,0.086380,1842800,19489173,1693
VV+VH,5,-7.75,0.086346,0.999108,0.158954,0.086339,1842848,19499872,1645
VV+VH,5,-7.70,0.086304,0.999128,0.158884,0.086298,1842884,19510500,1609
VV+VH,5,-7.65,0.086266,0.999153,0.158819,0.086260,1842931,19520457,1562
VV+VH,5,-7.60,0.086228,0.999172,0.158756,0.086222,1842966,19530131,1527
VV+VH,5,-7.55,0.086191,0.999190,0.158693,0.086185,1842999,19539682,1494
VV+VH,5,-7.50,0.086156,0.999216,0.158634,0.086150,1843047,19548981,1446
VV+VH,5,-7.45,0.086121,0.999242,0.158575,0.086116,1843094,19558076,1399
VV+VH,5,-7.40,0.086087,0.999261,0.158518,0.086082,1843130,19566844,1363
VV+VH,5,-7.35,0.086055,0.999275,0.158463,0.086049,1843156,19575302,1337
VV+VH,5,-7.30,0.086023,0.999292,0.158409,0.086017,1843188,19583592,1305
VV+VH,5,-7.25,0.085994,0.999317,0.158360,0.085989,1843234,19591248,1259
VV+VH,5,-7.20,0.085965,0.999330,0.158311,0.085960,1843257,19598734,1236
VV+VH,5,-7.15,0.085937,0.999351,0.158264,0.085932,1843296,19606085,1197
VV+VH,5,-7.10,0.085911,0.999381,0.158221,0.085907,1843351,19613075,1142
VV+VH,5,-7.05,0.085882,0.999392,0.158172,0.085878,1843372,19620579,1121
VV+VH,5,-7.00,0.085857,0.999415,0.158129,0.085853,1843414,19627357,1079
VV+VH,5,-6.95,0.085831,0.999430,0.158085,0.085827,1843441,19634192,1052
VV+VH,5,-6.90,0.085807,0.999444,0.158045,0.085803,1843468,19640459,1025
VV+VH,5,-6.85,0.085784,0.999457,0.158006,0.085780,1843491,19646416,1002
VV+VH,5,-6.80,0.085761,0.999471,0.157968,0.085757,1843517,19652372,976
VV+VH,5,-6.75,0.085739,0.999495,0.157930,0.085735,1843561,19658476,932
VV+VH,5,-6.70,0.085717,0.999510,0.157893,0.085713,1843590,19664299,903
VV+VH,5,-6.65,0.085695,0.999519,0.157856,0.085692,1843606,19669924,887
VV+VH,5,-6.60,0.085673,0.999533,0.157820,0.085670,1843631,19675663,862
VV+VH,5,-6.55,0.085653,0.999544,0.157785,0.085650,1843652,19681016,841
VV+VH,5,-6.50,0.085633,0.999551,0.157752,0.085630,1843664,19686078,829
VV+VH,5,-6.45,0.085615,0.999561,0.157721,0.085612,1843684,19690948,809
VV+VH,5,-6.40,0.085596,0.999568,0.157689,0.085593,1843696,19695802,797
VV+VH,5,-6.35,0.085578,0.999573,0.157658,0.085575,1843705,19700486,788
VV+VH,5,-6.30,0.085561,0.999580,0.157630,0.085558,1843718,19704793,775
VV+VH,5,-6.25,0.085544,0.999589,0.157601,0.085541,1843735,19709224,758
VV+VH,5,-6.20,0.085528,0.999599,0.157574,0.085525,1843754,19713463,739
VV+VH,5,-6.15,0.085513,0.999602,0.157548,0.085510,1843759,19717490,734
VV+VH,5,-6.10,0.085497,0.999612,0.157521,0.085494,1843777,19721709,716
VV+VH,5,-6.05,0.085482,0.999617,0.157496,0.085479,1843787,19725546,706
VV+VH,5,-6.00,0.085467,0.999625,0.157471,0.085465,1843801,19729369,692
VV+VH,5,-5.95,0.085453,0.999638,0.157447,0.085451,1843825,19733196,668
VV+VH,5,-5.90,0.085439,0.999644,0.157424,0.085437,1843837,19736849,656
VV+VH,5,-5.85,0.085426,0.999654,0.157401,0.085423,1843855,19740396,638
VV+VH,5,-5.80,0.085413,0.999659,0.157379,0.085410,1843864,19743824,629
VV+VH,5,-5.75,0.085400,0.999668,0.157358,0.085398,1843880,19747114,613
VV+VH,5,-5.70,0.085388,0.999672,0.157337,0.085386,1843888,19750361,605
VV+VH,5,-5.65,0.085376,0.999679,0.157316,0.085374,1843901,19753547,592
VV+VH,5,-5.60,0.085364,0.999682,0.157296,0.085361,1843907,19756676,586
VV+VH,5,-5.55,0.085353,0.999690,0.157277,0.085351,1843922,19759616,571
VV+VH,5,-5.50,0.085342,0.999702,0.157259,0.085340,1843943,19762529,550
VV+VH,5,-5.45,0.085332,0.999716,0.157242,0.085330,1843969,19765368,524
VV+VH,5,-5.40,0.085321,0.999720,0.157224,0.085319,1843977,19768260,516
VV+VH,5,-5.35,0.085311,0.999727,0.157206,0.085309,1843990,19771009,503
VV+VH,5,-5.30,0.085301,0.999736,0.157190,0.085299,1844006,19773681,487
VV+VH,5,-5.25,0.085291,0.999744,0.157174,0.085290,1844021,19776216,472
VV+VH,5,-5.20,0.085282,0.999747,0.157159,0.085281,1844027,19778562,466
VV+VH,5,-5.15,0.085273,0.999754,0.157143,0.085271,1844040,19781077,453
VV+VH,5,-5.10,0.085265,0.999763,0.157129,0.085263,1844055,19783261,438
VV+VH,5,-5.05,0.085256,0.999765,0.157114,0.085254,1844059,19785586,434
VV+VH,5,-5.00,0.085248,0.999769,0.157101,0.085247,1844066,19787663,427
VV+VH,5,-4.95,0.085240,0.999772,0.157087,0.085239,1844073,19789765,420
VV+VH,5,-4.90,0.085233,0.999777,0.157075,0.085231,1844082,19791736,411
VV+VH,5,-4.85,0.085225,0.999781,0.157062,0.085224,1844089,19793720,404
VV+VH,5,-4.80,0.085218,0.999784,0.157050,0.085216,1844095,19795649,398
VV+VH,5,-4.75,0.085211,0.999789,0.157038,0.085210,1844104,19797430,389
VV+VH,5,-4.70,0.085205,0.999795,0.157028,0.085203,1844115,19799169,378
VV+VH,5,-4.65,0.085199,0.999800,0.157017,0.085197,1844125,19800900,368
VV+VH,5,-4.60,0.085192,0.999803,0.157005,0.085190,1844130,19802699,363
VV+VH,5,-4.55,0.085186,0.999806,0.156995,0.085184,1844136,19804299,357
VV+VH,5,-4.50,0.085179,0.999809,0.156984,0.085178,1844141,19806010,352
VV+VH,5,-4.45,0.085173,0.999815,0.156974,0.085172,1844151,19807556,342
VV+VH,5,-4.40,0.085168,0.999816,0.156965,0.085166,1844153,19809036,340
VV+VH,5,-4.35,0.085162,0.999820,0.156955,0.085161,1844161,19810571,332
VV+VH,5,-4.30,0.085157,0.999827,0.156946,0.085156,1844173,19811994,320
VV+VH,5,-4.25,0.085152,0.999829,0.156937,0.085150,1844177,19813413,316
VV+VH,5,-4.20,0.085146,0.999835,0.156929,0.085145,1844188,19814850,305
VV+VH,5,-4.15,0.085141,0.999837,0.156919,0.085140,1844192,19816274,301
VV+VH,5,-4.10,0.085136,0.999841,0.156911,0.085135,1844199,19817657,294
VV+VH,5,-4.05,0.085131,0.999842,0.156902,0.085130,1844201,19818967,292
VV+VH,5,-4.00,0.085126,0.999845,0.156894,0.085125,1844208,19820223,285
VV+VH,5,-3.95,0.085121,0.999846,0.156886,0.085120,1844209,19821462,284
VV+VH,5,-3.90,0.085117,0.999848,0.156878,0.085115,1844212,19822686,281
VV+VH,5,-3.85,0.085112,0.999854,0.156871,0.085111,1844223,19823849,270
VV+VH,5,-3.80,0.085108,0.999857,0.156864,0.085107,1844229,19825039,264
VV+VH,5,-3.75,0.085104,0.999860,0.156857,0.085103,1844234,19826150,259
VV+VH,5,-3.70,0.085100,0.999863,0.156850,0.085099,1844240,19827273,253
VV+VH,5,-3.65,0.085096,0.999867,0.156843,0.085095,1844247,19828390,246
VV+VH,5,-3.60,0.085092,0.999869,0.156836,0.085091,1844251,19829469,242
VV+VH,5,-3.55,0.085088,0.999869,0.156829,0.085087,1844252,19830474,241
VV+VH,5,-3.50,0.085084,0.999874,0.156824,0.085084,1844260,19831373,233
VV+VH,5,-3.45,0.085081,0.999875,0.156818,0.085080,1844263,19832319,230
VV+VH,5,-3.40,0.085078,0.999878,0.156813,0.085077,1844268,19833176,225
VV+VH,5,-3.35,0.085075,0.999880,0.156807,0.085074,1844271,19833991,222
VV+VH,5,-3.30,0.085072,0.999880,0.156802,0.085071,1844271,19834736,222
VV+VH,5,-3.25,0.085069,0.999881,0.156797,0.085068,1844274,19835574,219
VV+VH,5,-3.20,0.085066,0.999887,0.156792,0.085065,1844284,19836399,209
VV+VH,5,-3.15,0.085063,0.999891,0.156788,0.085062,1844292,19837173,201
VV+VH,5,-3.10,0.085060,0.999891,0.156783,0.085059,1844292,19837963,201
VV+VH,5,-3.05,0.085057,0.999893,0.156778,0.085057,1844295,19838662,198
VV+VH,5,-3.00,0.085055,0.999893,0.156774,0.085054,1844296,19839371,197
VV+VH,5,-2.95,0.085052,0.999897,0.156770,0.085052,1844303,19840049,190
VV+VH,5,-2.90,0.085050,0.999897,0.156765,0.085049,1844303,19840709,190
VV+VH,5,-2.85,0.085047,0.999899,0.156761,0.085046,1844307,19841413,186
VV+VH,5,-2.80,0.085044,0.999901,0.156756,0.085044,1844310,19842148,183
VV+VH,5,-2.75,0.085042,0.999903,0.156752,0.085041,1844315,19842770,178
VV+VH,5,-2.70,0.085040,0.999903,0.156748,0.085039,1844315,19843419,178
VV+VH,5,-2.65,0.085037,0.999905,0.156744,0.085037,1844317,19844020,176
VV+VH,5,-2.60,0.085035,0.999910,0.156741,0.085035,1844327,19844641,166
VV+VH,5,-2.55,0.085033,0.999912,0.156737,0.085032,1844330,19845238,163
VV+VH,5,-2.50,0.085031,0.999913,0.156733,0.085030,1844333,19845830,160
VV+VH,5,-2.45,0.085029,0.999914,0.156730,0.085028,1844334,19846423,159
VV+VH,5,-2.40,0.085027,0.999915,0.156726,0.085026,1844336,19846939,157
VV+VH,5,-2.35,0.085025,0.999916,0.156723,0.085024,1844338,19847486,155
VV+VH,5,-2.30,0.085022,0.999917,0.156719,0.085022,1844339,19848039,154
VV+VH,5,-2.25,0.085020,0.999917,0.156716,0.085020,1844340,19848572,153
VV+VH,5,-2.20,0.085019,0.999921,0.156713,0.085018,1844347,19849127,146
VV+VH,5,-2.15,0.085017,0.999923,0.156709,0.085016,1844351,19849680,142
VV+VH,5,-2.10,0.085014,0.999925,0.156706,0.085014,1844354,19850232,139
VV+VH,5,-2.05,0.085013,0.999927,0.156703,0.085012,1844358,19850756,135
VV+VH,5,-2.00,0.085011,0.999927,0.156700,0.085010,1844358,19851195,135
VV+VH,5,-1.95,0.085009,0.999928,0.156697,0.085009,1844361,19851669,132
VV+VH,5,-1.90,0.085007,0.999928,0.156694,0.085007,1844361,19852102,132
VV+VH,5,-1.85,0.085006,0.999931,0.156691,0.085005,1844365,19852519,128
VV+VH,5,-1.80,0.085004,0.999932,0.156688,0.085004,1844367,19852987,126
VV+VH,5,-1.75,0.085002,0.999932,0.156685,0.085002,1844368,19853442,125
VV+VH,5,-1.70,0.085001,0.999932,0.156683,0.085000,1844368,19853837,125
VV+VH,5,-1.65,0.084999,0.999934,0.156680,0.084999,1844372,19854321,121
VV+VH,5,-1.60,0.084998,0.999935,0.156678,0.084997,1844374,19854686,119
VV+VH,5,-1.55,0.084996,0.999937,0.156675,0.084996,1844377,19855108,116
VV+VH,5,-1.50,0.084995,0.999941,0.156673,0.084995,1844384,19855474,109
VV+VH,5,-1.45,0.084994,0.999942,0.156671,0.084993,1844386,19855836,107
VV+VH,5,-1.40,0.084993,0.999943,0.156669,0.084992,1844387,19856146,106
VV+VH,5,-1.35,0.084992,0.999945,0.156668,0.084991,1844392,19856418,101
VV+VH,5,-1.30,0.084991,0.999946,0.156666,0.084990,1844394,19856716,99
VV+VH,5,-1.25,0.084990,0.999947,0.156664,0.084989,1844396,19856991,97
VV+VH,5,-1.20,0.084989,0.999947,0.156662,0.084988,1844396,19857258,97
VV+VH,5,-1.15,0.084988,0.999949,0.156660,0.084987,1844399,19857558,94
VV+VH,5,-1.10,0.084987,0.999949,0.156659,0.084986,1844399,19857821,94
VV+VH,5,-1.05,0.084986,0.999949,0.156657,0.084985,1844399,19858107,94
VV+VH,5,-1.00,0.084985,0.999950,0.156655,0.084984,1844401,19858391,92
VV+VH,5,-0.95,0.084984,0.999951,0.156654,0.084983,1844403,19858636,90
VV+VH,5,-0.90,0.084983,0.999954,0.156653,0.084983,1844408,19858812,85
VV+VH,5,-0.85,0.084982,0.999954,0.156651,0.084982,1844408,19859035,85
VV+VH,5,-0.80,0.084981,0.999954,0.156650,0.084981,1844409,19859292,84
VV+VH,5,-0.75,0.084980,0.999956,0.156648,0.084980,1844411,19859525,82
VV+VH,5,-0.70,0.084980,0.999956,0.156647,0.084979,1844412,19859721,81
VV+VH,5,-0.65,0.084979,0.999957,0.156646,0.084979,1844413,19859885,80
VV+VH,5,-0.60,0.084978,0.999958,0.156645,0.084978,1844415,19860104,78
VV+VH,5,-0.55,0.084978,0.999958,0.156643,0.084977,1844416,19860313,77
VV+VH,5,-0.50,0.084977,0.999960,0.156642,0.084977,1844419,19860497,74
VV+VH,5,-0.45,0.084976,0.999961,0.156641,0.084976,1844421,19860676,72
VV+VH,5,-0.40,0.084976,0.999961,0.156640,0.084975,1844421,19860886,72
VV+VH,5,-0.35,0.084975,0.999962,0.156639,0.084975,1844423,19861040,70
VV+VH,5,-0.30,0.084974,0.999962,0.156638,0.084974,1844423,19861221,70
VV+VH,5,-0.25,0.084974,0.999963,0.156637,0.084973,1844424,19861388,69
VV+VH,5,-0.20,0.084973,0.999964,0.156636,0.084973,1844427,19861534,66
VV+VH,5,-0.15,0.084973,0.999965,0.156635,0.084973,1844428,19861663,65
VV+VH,5,-0.10,0.084972,0.999965,0.156635,0.084972,1844429,19861809,64
VV+VH,5,-0.05,0.084972,0.999965,0.156634,0.084971,1844429,19861950,64
VV+VH,5,-0.00,0.084971,0.999965,0.156633,0.084971,1844429,19862068,64
VV+VH,5,0.05,0.084971,0.999966,0.156632,0.084971,1844431,19862185,62
VV+VH,5,0.10,0.084970,0.999967,0.156631,0.084970,1844432,19862305,61
VV+VH,5,0.15,0.084970,0.999967,0.156631,0.084970,1844432,19862425,61
VV+VH,5,0.20,0.084970,0.999967,0.156630,0.084969,1844432,19862548,61
VV+VH,5,0.25,0.084969,0.999967,0.156629,0.084969,1844432,19862689,61
VV+VH,5,0.30,0.084969,0.999967,0.156628,0.084968,1844433,19862797,60
VV+VH,5,0.35,0.084968,0.999967,0.156627,0.084968,1844433,19862937,60
VV+VH,5,0.40,0.084968,0.999969,0.156627,0.084967,1844435,19863044,58
VV+VH,5,0.45,0.084968,0.999970,0.156627,0.084967,1844438,19863104,55
VV+VH,5,0.50,0.084967,0.999971,0.156626,0.084967,1844440,19863187,53
VV+VH,5,0.55,0.084967,0.999972,0.156626,0.084967,1844442,19863302,51
VV+VH,5,0.60,0.084967,0.999975,0.156626,0.084967,1844447,19863379,46
VV+VH,5,0.65,0.084967,0.999976,0.156625,0.084966,1844449,19863476,44
VV+VH,5,0.70,0.084966,0.999976,0.156624,0.084966,1844449,19863561,44
VV+VH,5,0.75,0.084966,0.999976,0.156624,0.084966,1844449,19863640,44
VV+VH,5,0.80,0.084966,0.999977,0.156624,0.084966,1844451,19863719,42
VV+VH,5,0.85,0.084966,0.999979,0.156623,0.084965,1844455,19863821,38
VV+VH,5,0.90,0.084965,0.999979,0.156623,0.084965,1844455,19863924,38
VV+VH,5,0.95,0.084965,0.999980,0.156622,0.084965,1844456,19864000,37
VV+VH,5,1.00,0.084965,0.999980,0.156622,0.084964,1844456,19864078,37
VV+VH,5,1.05,0.084964,0.999980,0.156621,0.084964,1844456,19864181,37
VV+VH,5,1.10,0.084964,0.999981,0.156621,0.084964,1844458,19864244,35
VV+VH,5,1.15,0.084964,0.999982,0.156620,0.084964,1844459,19864309,34
VV+VH,5,1.20,0.084964,0.999983,0.156620,0.084964,1844462,19864380,31
VV+VH,5,1.25,0.084963,0.999983,0.156620,0.084963,1844462,19864420,31
VV+VH,5,1.30,0.084963,0.999983,0.156619,0.084963,1844462,19864466,31
VV+VH,5,1.35,0.084963,0.999983,0.156619,0.084963,1844462,19864522,31
VV+VH,5,1.40,0.084963,0.999984,0.156619,0.084963,1844463,19864572,30
VV+VH,5,1.45,0.084963,0.999984,0.156618,0.084963,1844463,19864630,30
VV+VH,5,1.50,0.084962,0.999984,0.156618,0.084962,1844463,19864695,30
VV+VH,5,1.55,0.084962,0.999984,0.156618,0.084962,1844463,19864748,30
VV+VH,5,1.60,0.084962,0.999984,0.156617,0.084962,1844463,19864809,30
VV+VH,5,1.65,0.084962,0.999984,0.156617,0.084962,1844463,19864867,30
VV+VH,5,1.70,0.084962,0.999984,0.156617,0.084962,1844464,19864905,29
VV+VH,5,1.75,0.084961,0.999984,0.156616,0.084961,1844464,19864961,29
VV+VH,5,1.80,0.084961,0.999984,0.156616,0.084961,1844464,19865027,29
VV+VH,5,1.85,0.084961,0.999985,0.156616,0.084961,1844466,19865082,27
VV+VH,5,1.90,0.084961,0.999986,0.156616,0.084961,1844468,19865122,25
VV+VH,5,1.95,0.084961,0.999986,0.156615,0.084961,1844468,19865147,25
VV+VH,5,2.00,0.084961,0.999986,0.156615,0.084961,1844468,19865181,25
VV+VH,5,2.05,0.084961,0.999988,0.156615,0.084961,1844470,19865219,23
VV+VH,5,2.10,0.084961,0.999988,0.156615,0.084960,1844470,19865247,23
VV+VH,5,2.15,0.084960,0.999988,0.156615,0.084960,1844470,19865296,23
VV+VH,5,2.20,0.084960,0.999989,0.156614,0.084960,1844472,19865343,21
VV+VH,5,2.25,0.084960,0.999989,0.156614,0.084960,1844472,19865390,21
VV+VH,5,2.30,0.084960,0.999989,0.156614,0.084960,1844472,19865430,21
VV+VH,5,2.35,0.084960,0.999989,0.156614,0.084960,1844472,19865464,21
VV+VH,5,2.40,0.084960,0.999989,0.156613,0.084960,1844472,19865485,21
VV+VH,5,2.45,0.084960,0.999989,0.156613,0.084960,1844472,19865510,21
VV+VH,5,2.50,0.084960,0.999989,0.156613,0.084959,1844473,19865539,20
VV+VH,5,2.55,0.084959,0.999990,0.156613,0.084959,1844474,19865569,19
VV+VH,5,2.60,0.084959,0.999990,0.156613,0.084959,1844475,19865596,18
VV+VH,5,2.65,0.084959,0.999990,0.156613,0.084959,1844475,19865635,18
VV+VH,5,2.70,0.084959,0.999990,0.156612,0.084959,1844475,19865674,18
VV+VH,5,2.75,0.084959,0.999990,0.156612,0.084959,1844475,19865704,18
VV+VH,5,2.80,0.084959,0.999991,0.156612,0.084959,1844476,19865733,17
VV+VH,5,2.85,0.084959,0.999991,0.156612,0.084959,1844476,19865746,17
VV+VH,5,2.90,0.084959,0.999992,0.156612,0.084959,1844478,19865782,15
VV+VH,5,2.95,0.084959,0.999992,0.156612,0.084959,1844478,19865817,15
VV+VH,5,3.00,0.084959,0.999992,0.156612,0.084959,1844478,19865837,15
VV+VH,5,3.05,0.084958,0.999992,0.156611,0.084958,1844478,19865864,15
VV+VH,5,3.10,0.084958,0.999992,0.156611,0.084958,1844478,19865886,15
VV+VH,5,3.15,0.084958,0.999992,0.156611,0.084958,1844478,19865918,15
VV+VH,5,3.20,0.084958,0.999992,0.156611,0.084958,1844478,19865931,15
VV+VH,5,3.25,0.084958,0.999992,0.156611,0.084958,1844478,19865943,15
VV+VH,5,3.30,0.084958,0.999993,0.156611,0.084958,1844480,19865965,13
VV+VH,5,3.35,0.084958,0.999993,0.156611,0.084958,1844480,19865988,13
VV+VH,5,3.40,0.084958,0.999993,0.156611,0.084958,1844480,19865998,13
VV+VH,5,3.45,0.084958,0.999993,0.156611,0.084958,1844480,19866022,13
VV+VH,5,3.50,0.084958,0.999993,0.156610,0.084958,1844480,19866036,13
VV+VH,5,3.55,0.084958,0.999993,0.156610,0.084958,1844480,19866050,13
VV+VH,5,3.60,0.084958,0.999993,0.156610,0.084958,1844480,19866067,13
VV+VH,5,3.65,0.084958,0.999993,0.156610,0.084958,1844480,19866090,13
VV+VH,5,3.70,0.084958,0.999993,0.156610,0.084958,1844480,19866098,13
VV+VH,5,3.75,0.084958,0.999993,0.156610,0.084958,1844480,19866117,13
VV+VH,5,3.80,0.084958,0.999993,0.156610,0.084957,1844480,19866137,13
VV+VH,5,3.85,0.084958,0.999995,0.156610,0.084958,1844483,19866154,10
VV+VH,5,3.90,0.084958,0.999995,0.156610,0.084958,1844484,19866168,9
VV+VH,5,3.95,0.084958,0.999995,0.156610,0.084957,1844484,19866180,9
VV+VH,5,4.00,0.084957,0.999995,0.156610,0.084957,1844484,19866198,9
VV+VH,5,4.05,0.084957,0.999995,0.156610,0.084957,1844484,19866216,9
VV+VH,5,4.10,0.084957,0.999996,0.156610,0.084957,1844485,19866222,8
VV+VH,5,4.15,0.084957,0.999996,0.156610,0.084957,1844486,19866240,7
VV+VH,5,4.20,0.084957,0.999996,0.156609,0.084957,1844486,19866266,7
VV+VH,5,4.25,0.084957,0.999998,0.156609,0.084957,1844489,19866288,4
VV+VH,5,4.30,0.084957,0.999998,0.156609,0.084957,1844490,19866305,3
VV+VH,5,4.35,0.084957,0.999998,0.156609,0.084957,1844490,19866311,3
VV+VH,5,4.40,0.084957,0.999998,0.156609,0.084957,1844490,19866322,3
VV+VH,5,4.45,0.084957,0.999998,0.156609,0.084957,1844490,19866330,3
VV+VH,5,4.50,0.084957,0.999998,0.156609,0.084957,1844490,19866364,3
VV+VH,5,4.55,0.084957,0.999998,0.156609,0.084957,1844490,19866377,3
VV+VH,5,4.60,0.084957,0.999998,0.156609,0.084957,1844490,19866385,3
VV+VH,5,4.65,0.084957,0.999998,0.156609,0.084957,1844490,19866400,3
VV+VH,5,4.70,0.084957,0.999998,0.156609,0.084957,1844490,19866411,3
VV+VH,5,4.75,0.084957,0.999998,0.156609,0.084957,1844490,19866428,3
VV+VH,5,4.80,0.084957,0.999998,0.156609,0.084957,1844490,19866432,3
VV+VH,5,4.85,0.084957,0.999998,0.156609,0.084957,1844490,19866437,3
VV+VH,5,4.90,0.084957,0.999998,0.156608,0.084957,1844490,19866451,3
VV+VH,5,4.95,0.084957,1.000000,0.156609,0.084957,1844493,19866477,0
VV+VH,5,5.00,0.084957,1.000000,0.156608,0.084957,1844493,19866486,0
