chip_id,event,part,pixels,valid_px,valid_share,nodata_share,invalid_label_share,water_share,permanent_share,flood_share,permanent_of_water,vv_min,vv_max,vv_mean,vh_min,vh_max,vh_mean
Bolivia_103757,Bolivia,holdout,262144,88077,0.3359870910644531,0.6123390197753906,0.6640129089355469,0.4014896056859339,0.0,0.4014896056859339,0.0,-40.821441650390625,-0.6905989646911621,-13.010354042053223,-48.24835968017578,-6.994661331176758,-19.286884307861328
Bolivia_129334,Bolivia,holdout,262144,237065,0.9043312072753906,0.002857208251953125,0.09281158447265625,0.6583299938835341,0.017514183873621157,0.6414822938856432,0.025591572850122063,-36.82529830932617,0.4744816720485687,-14.148340225219727,-54.34866714477539,-6.3170928955078125,-22.668455123901367
Bolivia_195474,Bolivia,holdout,262144,261335,0.9969139099121094,0.0,0.003086090087890625,0.005934911129393307,0.0,0.005934911129393307,0.0,-23.107797622680664,7.00493049621582,-7.890311241149902,-35.958290100097656,0.08897902816534042,-14.069745063781738
Bolivia_23014,Bolivia,holdout,262144,182995,0.6980705261230469,0.26163482666015625,0.20090103149414062,0.04251482280936637,0.042339954643569495,0.0023661848684390285,0.9443444730077121,-66.51229858398438,0.17055276036262512,-8.365778923034668,-68.47930145263672,-6.397890090942383,-14.458171844482422
Bolivia_233925,Bolivia,holdout,262144,146294,0.5580673217773438,0.2460784912109375,0.4257469177246094,6.835550330157081e-06,0.0,6.835550330157081e-06,0.0,-89.78575897216797,-1.1250704526901245,-9.433744430541992,-103.87602996826172,-6.185252666473389,-14.914525032043457
Bolivia_242570,Bolivia,holdout,262144,175507,0.6695060729980469,0.0,0.3304939270019531,0.15581144911598968,0.0,0.15581144911598968,0.0,-38.02528762817383,-1.0283496379852295,-11.874886512756348,-54.61154556274414,-6.917205333709717,-18.593170166015625
Bolivia_290290,Bolivia,holdout,262144,204633,0.7806129455566406,0.0,0.21938705444335938,0.09626502079332268,0.007408384766875333,0.08901301354131542,0.07533377328798416,-40.59314727783203,1.619675874710083,-9.22034740447998,-47.65573501586914,-4.674552917480469,-15.589996337890625
Bolivia_294583,Bolivia,holdout,262144,130472,0.497711181640625,0.0,0.502288818359375,0.11502851186461463,0.09583665460788522,0.03130939971794715,0.7278118336886994,-40.45533752441406,2.5029430389404297,-9.509017944335938,-48.29588317871094,-5.808106899261475,-15.142971992492676
Bolivia_312675,Bolivia,holdout,262144,158008,0.602752685546875,0.031219482421875,0.397247314453125,0.060598197559617234,0.0,0.060598197559617234,0.0,-30.476381301879883,1.1514215469360352,-8.245465278625488,-44.518531799316406,-5.498597621917725,-14.914450645446777
Bolivia_314919,Bolivia,holdout,262144,188845,0.7203865051269531,0.0,0.2796134948730469,0.4431041330191427,0.003034234425057587,0.4402075776430406,0.006536963120533474,-48.3681640625,8.278704643249512,-13.104927062988281,-48.38965606689453,3.168764114379883,-20.477741241455078
Bolivia_360519,Bolivia,holdout,262144,243678,0.9295578002929688,0.043567657470703125,0.030719757080078125,0.0016989633861078965,0.0,0.0016989633861078965,0.0,-60.1744270324707,0.6965633034706116,-8.286070823669434,-73.74602508544922,-5.23923397064209,-14.082038879394531
Bolivia_379434,Bolivia,holdout,262144,262144,1.0,0.0,0.0,0.04116058349609375,0.0,0.04116058349609375,0.0,-36.919776916503906,0.5694412589073181,-7.389987468719482,-46.358943939208984,-6.112007141113281,-14.716201782226562
Bolivia_432776,Bolivia,holdout,262144,155397,0.5927925109863281,0.19615554809570312,0.4015159606933594,0.46426250185010004,0.01391918762910481,0.45034331422099527,0.02998128768452422,-68.3624267578125,1.2049789428710938,-12.288257598876953,-82.45033264160156,-7.053070545196533,-20.166587829589844
Bolivia_60373,Bolivia,holdout,262144,199019,0.7591972351074219,0.15569305419921875,0.24080276489257812,0.06270758068325134,0.05115089514066496,0.04515649259618428,0.2798878205128205,-35.225833892822266,-0.14513804018497467,-9.509954452514648,-47.97657775878906,-6.573159694671631,-14.97451114654541
Bolivia_76104,Bolivia,holdout,262144,190965,0.7284736633300781,0.0,0.2715263366699219,2.6182808368025554e-05,0.0,2.6182808368025554e-05,0.0,-21.967544555664062,0.31533199548721313,-9.232943534851074,-34.948543548583984,-6.090136528015137,-14.743095397949219
Ghana_103272,Ghana,train,262144,259269,0.9890327453613281,0.0,0.010967254638671875,0.006009202797094909,0.0016662231119030813,0.004562828568012373,0.24069319640564826,-39.31133270263672,8.586925506591797,-9.208066940307617,-47.37702941894531,-1.3846466541290283,-15.214208602905273
Ghana_1033830,Ghana,train,262144,233229,0.8896980285644531,0.0,0.11030197143554688,0.4150898901937581,0.010478971311457837,0.40462806940817825,0.025203747508031112,-36.25850296020508,-1.369239330291748,-11.234260559082031,-47.46397399902344,-7.660024642944336,-17.636310577392578
Ghana_1078550,Ghana,train,262144,262144,1.0,0.0,0.0,0.005367279052734375,0.0,0.005367279052734375,0.0,-21.302204132080078,-0.6199936270713806,-9.804059982299805,-33.612953186035156,-6.918473720550537,-16.405696868896484
Ghana_1089161,Ghana,train,262144,236164,0.9008941650390625,0.0,0.0991058349609375,0.012309242729628564,0.0,0.012309242729628564,0.0,-47.30429458618164,14.499911308288574,-9.73398494720459,-47.39408874511719,4.60711145401001,-15.530671119689941
Ghana_11745,Ghana,train,262144,262144,1.0,0.0,0.0,0.0,0.0,0.0,,-22.41020393371582,-1.5771209001541138,-9.181268692016602,-30.262853622436523,-7.6068902015686035,-15.3925199508667
Ghana_124834,Ghana,train,262144,262144,1.0,0.0,0.0,0.0,0.0,0.0,,-20.214859008789062,-0.8555722832679749,-9.315675735473633,-30.869009017944336,-8.633987426757812,-15.778768539428711
Ghana_128663,Ghana,train,262144,168848,0.64410400390625,0.00281524658203125,0.3540611267089844,0.0,0.00021320951388230835,0.0,,-33.372314453125,7.974895477294922,-8.53822135925293,-47.39174270629883,-6.1559648513793945,-14.799585342407227
Ghana_132163,Ghana,train,262144,55761,0.21271133422851562,0.0,0.7872886657714844,0.0,0.0,0.0,,-32.040138244628906,22.991493225097656,-8.342558860778809,-46.01615524291992,11.744241714477539,-14.73102855682373
Ghana_134751,Ghana,train,262144,37663,0.14367294311523438,0.8563270568847656,0.835906982421875,0.0,0.0,0.0,,-19.562410354614258,-1.6273949146270752,-8.56779670715332,-27.34563636779785,-7.688567638397217,-14.560405731201172
Ghana_135389,Ghana,train,262144,24624,0.09393310546875,0.90606689453125,0.90606689453125,0.01023391812865497,0.0,0.01023391812865497,0.0,-18.329784393310547,-1.0667792558670044,-8.643798828125,-30.259918212890625,-7.998263359069824,-15.310807228088379
Ghana_141271,Ghana,train,262144,262144,1.0,0.0,0.0,0.0062408447265625,0.0,0.0062408447265625,0.0,-21.823841094970703,4.748376369476318,-9.331010818481445,-30.93682289123535,-7.106031894683838,-16.137447357177734
Ghana_141910,Ghana,train,262144,262144,1.0,0.0,0.0,0.26950836181640625,0.008342742919921875,0.26303863525390625,0.024005661712668082,-47.00370407104492,1.2820369005203247,-13.331740379333496,-52.01399230957031,-7.835407733917236,-21.393936157226562
Ghana_142312,Ghana,train,262144,262144,1.0,0.0,0.0,0.0,0.0,0.0,,-24.167490005493164,-1.3450714349746704,-9.727821350097656,-41.9868278503418,-8.663284301757812,-16.405099868774414
Ghana_144050,Ghana,train,262144,23551,0.08983993530273438,0.0,0.9101600646972656,0.0,0.0,0.0,,-22.17821502685547,1.352729320526123,-10.278541564941406,-33.035343170166016,-8.136757850646973,-16.662235260009766
Ghana_146222,Ghana,train,262144,181656,0.692962646484375,0.0,0.307037353515625,0.0,0.0,0.0,,-18.969100952148438,-0.34680506587028503,-8.730420112609863,-25.991682052612305,-6.960108757019043,-14.748420715332031
Ghana_147015,Ghana,train,262144,262144,1.0,0.0,0.0,0.01346588134765625,0.0,0.01346588134765625,0.0,-24.409690856933594,5.363552570343018,-9.22171688079834,-40.818878173828125,-7.601754665374756,-16.07476806640625
Ghana_154838,Ghana,train,262144,42107,0.16062545776367188,0.0,0.8393745422363281,0.0,0.0,0.0,,-21.893796920776367,-0.7746400237083435,-9.333635330200195,-33.114044189453125,-7.571880340576172,-15.181062698364258
Ghana_156478,Ghana,train,262144,262144,1.0,0.0,0.0,0.0,0.0,0.0,,-19.7031192779541,0.6663958430290222,-9.180355072021484,-28.585163116455078,-7.053567886352539,-15.210952758789062
Ghana_161233,Ghana,train,262144,1892,0.0072174072265625,0.3794708251953125,0.9927825927734375,0.0,0.0,0.0,,-41.0362434387207,-1.133704662322998,-10.164978981018066,-49.955928802490234,-8.468496322631836,-16.428714752197266
Ghana_167233,Ghana,train,262144,262144,1.0,0.0,0.0,0.0,0.0,0.0,,-19.406476974487305,-1.4234942197799683,-9.353737831115723,-31.703296661376953,-7.901623249053955,-15.69881534576416
Ghana_168875,Ghana,train,262144,41796,0.1594390869140625,0.0,0.8405609130859375,0.0,0.0,0.0,,-18.17755889892578,-0.33255019783973694,-8.037050247192383,-27.50217056274414,-6.669896602630615,-14.10666275024414
Ghana_187318,Ghana,train,262144,262144,1.0,0.0,0.0,0.0,0.0,0.0,,-24.8123836517334,-0.4809912145137787,-9.152618408203125,-28.88812828063965,-7.278665065765381,-15.346023559570312
Ghana_194723,Ghana,train,262144,47408,0.18084716796875,0.0,0.81915283203125,0.0,0.0001898413769827877,0.0,,-31.465248107910156,1.7929918766021729,-8.890314102172852,-37.3897705078125,-7.1728363037109375,-14.904197692871094
Ghana_234935,Ghana,train,262144,0,0.0,0.000736236572265625,1.0,,,,,-25.92315101623535,0.01705431565642357,-8.807188987731934,-37.710731506347656,-6.759596824645996,-14.944891929626465
Ghana_247288,Ghana,train,262144,40174,0.15325164794921875,0.001979827880859375,0.8467483520507812,0.663364365012197,0.05008214267934485,0.6150744262458306,0.07279549718574109,-41.867149353027344,10.29537296295166,-10.116082191467285,-47.50373077392578,1.4361077547073364,-15.993132591247559
Ghana_24858,Ghana,train,262144,262144,1.0,0.0,0.0,0.0018463134765625,0.0,0.0018463134765625,0.0,-21.869802474975586,2.3687150478363037,-9.102898597717285,-27.676944732666016,-5.7996625900268555,-15.185302734375
Ghana_26376,Ghana,train,262144,0,0.0,0.0,1.0,,,,,-21.57434844970703,-0.9177781939506531,-8.7864351272583,-31.11555290222168,-7.330989837646484,-14.852348327636719
Ghana_264787,Ghana,train,262144,181975,0.6941795349121094,0.0,0.3058204650878906,0.0,0.0,0.0,,-21.75059700012207,-0.7550718784332275,-8.946460723876953,-27.1519718170166,-6.6780009269714355,-14.974971771240234
Ghana_277,Ghana,train,262144,0,0.0,0.0,1.0,,,,,-37.25895309448242,-1.0735124349594116,-12.530070304870605,-50.29744338989258,-6.512228012084961,-18.428163528442383
Ghana_308249,Ghana,train,262144,262144,1.0,0.0,0.0,0.03063201904296875,0.001384735107421875,0.02925872802734375,0.0448318804483188,-31.606164932250977,-0.6949998140335083,-9.588916778564453,-43.23710250854492,-7.647477626800537,-15.754707336425781
Ghana_313799,Ghana,train,262144,244464,0.93255615234375,0.0,0.06744384765625,0.06108465868185091,0.0,0.06108465868185091,0.0,-26.14348030090332,-0.2598145604133606,-8.639304161071777,-37.855064392089844,-6.627669334411621,-14.553845405578613
Ghana_319168,Ghana,train,262144,171624,0.654693603515625,0.0,0.345306396484375,0.2302766512842027,0.0,0.2302766512842027,0.0,-33.995445251464844,0.48615479469299316,-10.382734298706055,-47.36772918701172,-0.6350928544998169,-17.090988159179688
Ghana_359826,Ghana,train,262144,262144,1.0,0.0,0.0,0.013336181640625,0.0,0.013336181640625,0.0,-32.1573600769043,1.7683868408203125,-9.214927673339844,-49.14693832397461,-7.016384601593018,-16.427188873291016
Ghana_362274,Ghana,train,262144,259407,0.9895591735839844,0.0,0.010440826416015625,0.07079222997066387,0.0,0.07079222997066387,0.0,-38.66444396972656,1.060044288635254,-9.98459243774414,-49.38657760620117,-8.033466339111328,-16.631832122802734
Ghana_406026,Ghana,train,262144,262144,1.0,0.0,0.0,0.016422271728515625,3.4332275390625e-05,0.016387939453125,0.0020905923344947735,-46.683616638183594,2.211312770843506,-10.519256591796875,-47.640995025634766,-8.382214546203613,-17.068378448486328
Ghana_45911,Ghana,train,262144,29269,0.11165237426757812,0.0,0.8883476257324219,0.0,0.0,0.0,,-18.769611358642578,-0.43767839670181274,-8.218114852905273,-25.849567413330078,-5.88416862487793,-13.985597610473633
Ghana_495107,Ghana,train,262144,262144,1.0,0.0,0.0,0.015102386474609375,0.0,0.015102386474609375,0.0,-22.456378936767578,0.8427680134773254,-9.500617980957031,-35.89622497558594,-7.3843488693237305,-16.542400360107422
Ghana_49890,Ghana,train,262144,262144,1.0,0.0,0.0,0.0,0.0,0.0,,-20.357154846191406,-1.0393366813659668,-9.66520881652832,-33.13071823120117,-8.277268409729004,-16.151782989501953
Ghana_5079,Ghana,train,262144,0,0.0,0.0,1.0,,,,,-19.357038497924805,-0.011350544169545174,-8.219123840332031,-32.19017791748047,-6.597295761108398,-14.38720417022705
Ghana_53713,Ghana,train,262144,262144,1.0,0.0,0.0,0.0,0.0,0.0,,-20.834808349609375,-0.36368072032928467,-9.879926681518555,-31.463926315307617,-8.686059951782227,-16.748865127563477
Ghana_597288,Ghana,train,262144,262144,1.0,0.0,0.0,0.02170562744140625,0.0001373291015625,0.02156829833984375,0.00632688927943761,-30.958139419555664,4.02759313583374,-9.309233665466309,-47.094303131103516,-5.914017677307129,-15.791728973388672
Ghana_61925,Ghana,train,262144,262144,1.0,0.0,0.0,0.002483367919921875,0.00089263916015625,0.001590728759765625,0.35944700460829493,-35.04561996459961,-1.0659159421920776,-8.986480712890625,-51.49372863769531,-6.789277076721191,-14.789855003356934
Ghana_7496,Ghana,train,262144,262144,1.0,0.0,0.0,0.0,0.0,0.0,,-19.681922912597656,-1.176804542541504,-9.02631664276123,-30.300926208496094,-6.545165061950684,-14.956783294677734
Ghana_8090,Ghana,train,262144,194666,0.7425918579101562,0.0,0.25740814208984375,2.0548015575395805e-05,0.0,2.0548015575395805e-05,0.0,-19.748449325561523,-0.8957521915435791,-9.13876724243164,-28.558345794677734,-7.834022045135498,-15.025970458984375
Ghana_83200,Ghana,train,262144,98215,0.3746604919433594,0.0,0.6253395080566406,0.00542686962276638,0.0,0.00542686962276638,0.0,-22.962343215942383,-0.4719741940498352,-8.746578216552734,-41.793609619140625,-8.266036987304688,-15.711743354797363
Ghana_83483,Ghana,train,262144,0,0.0,0.0,1.0,,,,,-19.468196868896484,-1.4886407852172852,-8.662405967712402,-26.499563217163086,-7.506401538848877,-14.10535717010498
Ghana_866994,Ghana,train,262144,117511,0.4482688903808594,0.0,0.5517311096191406,0.901796427568483,0.5910085013317902,0.3998944779637651,0.5565579262250994,-47.27793884277344,7.897639751434326,-16.517040252685547,-56.69415283203125,-7.8792266845703125,-27.775728225708008
Ghana_868803,Ghana,train,262144,262144,1.0,0.0,0.0,0.5495109558105469,0.024250030517578125,0.5252723693847656,0.04410937792865027,-42.78726577758789,1.5702232122421265,-12.963577270507812,-53.264976501464844,-7.458230972290039,-20.15088653564453
Ghana_887131,Ghana,train,262144,262144,1.0,0.0,0.0,0.038433074951171875,0.0,0.038433074951171875,0.0,-28.248119354248047,0.5559736490249634,-9.355619430541992,-47.41618347167969,-7.493337631225586,-15.486353874206543
Ghana_895194,Ghana,train,262144,252706,0.9639968872070312,0.0,0.03600311279296875,0.03441548677118866,0.0,0.03441548677118866,0.0,-30.22317886352539,1.5611845254898071,-8.65170955657959,-47.43441390991211,-6.866971492767334,-14.751070022583008
Ghana_953791,Ghana,train,262144,262144,1.0,0.0,0.0,0.0105743408203125,0.0,0.0105743408203125,0.0,-29.255308151245117,1.6661620140075684,-10.145381927490234,-44.252525329589844,-8.281761169433594,-16.53156280517578
Ghana_97059,Ghana,train,262144,27394,0.10449981689453125,0.0,0.8955001831054688,0.0,0.0,0.0,,-26.313440322875977,-0.7885403633117676,-8.111555099487305,-44.361087799072266,-6.3158769607543945,-14.094407081604004
Ghana_97516,Ghana,train,262144,187555,0.7154655456542969,0.0,0.2845344543457031,0.004110794167044333,0.0009117325584495215,0.003199061608594812,0.22178988326848248,-32.78690719604492,0.6991075873374939,-10.76539421081543,-47.023780822753906,-7.449826717376709,-17.131805419921875
India_1017769,India,train,262144,172971,0.6598320007324219,0.0,0.3401679992675781,0.5673956906070959,0.10856733209613172,0.4613316683143417,0.18693131451045922,-50.74601745605469,1.4039870500564575,-15.863530158996582,-53.53538131713867,-6.851314067840576,-23.19388198852539
India_1018317,India,train,262144,196977,0.7514076232910156,0.0,0.24859237670898438,0.7651147088238729,0.24201302690161797,0.5254775938307518,0.3132041669431358,-47.723121643066406,8.057482719421387,-18.74233055114746,-56.850257873535156,-0.7512606382369995,-25.56049346923828
India_1018327,India,train,262144,262142,0.9999923706054688,0.0,7.62939453125e-06,0.1398059067223108,0.010276872839911194,0.1295976989570538,0.07301699909956616,-48.30550003051758,21.734254837036133,-9.113834381103516,-48.32838821411133,7.1483941078186035,-15.635553359985352
India_103447,India,train,262144,163567,0.6239585876464844,0.0,0.3760414123535156,0.1649293561659748,0.05487048120953493,0.1134275251120336,0.31226600437409646,-35.024864196777344,12.600322723388672,-10.408669471740723,-48.52445983886719,7.414898872375488,-17.75279998779297
India_1050276,India,train,262144,255185,0.9734535217285156,0.0,0.026546478271484375,0.19203714951897644,0.01803005662558536,0.1756255265787566,0.0854606672788491,-30.722150802612305,16.914295196533203,-9.835447311401367,-48.08401107788086,4.926021575927734,-16.910785675048828
India_1068117,India,train,262144,229712,0.87628173828125,0.0,0.12371826171875,0.20878317197186042,0.0312739430243087,0.18004283624712683,0.13765638031693078,-48.23322677612305,17.87894630432129,-9.619064331054688,-49.90521240234375,10.780976295471191,-16.333587646484375
India_1072277,India,train,262144,262142,0.9999923706054688,0.0,7.62939453125e-06,0.08600682073074899,3.4332537327097526e-05,0.08600682073074899,0.0,-27.218896865844727,14.217148780822754,-8.862981796264648,-47.85340881347656,6.320088863372803,-16.080387115478516
India_118868,India,train,262144,159275,0.6075859069824219,0.3924140930175781,0.3814544677734375,0.06708522994820279,0.0,0.06708522994820279,0.0,-72.6576919555664,16.25044822692871,-7.735340595245361,-78.15071105957031,6.3122358322143555,-14.431830406188965
India_135434,India,train,262144,117150,0.44689178466796875,0.01250457763671875,0.5531082153320312,0.08802390098164746,0.0017498932991890739,0.08635936833119932,0.018910007757951902,-34.53193664550781,18.142297744750977,-9.66602611541748,-47.474037170410156,3.9573569297790527,-16.658185958862305
India_136196,India,train,262144,211744,0.8077392578125,0.0,0.1922607421875,0.0,0.0,0.0,,-31.234445571899414,8.933173179626465,-8.07149887084961,-47.74314498901367,0.11700110137462616,-14.709855079650879
India_164336,India,train,262144,259101,0.9883918762207031,0.0,0.011608123779296875,0.00725971725311751,0.0,0.00725971725311751,0.0,-23.524127960205078,13.94088077545166,-8.03361701965332,-43.072853088378906,7.236952781677246,-14.825428009033203
India_166709,India,train,262144,256894,0.9799728393554688,0.0,0.02002716064453125,0.034407187400250686,0.0,0.034407187400250686,0.0,-23.38611602783203,4.845066070556641,-8.598705291748047,-48.0546760559082,-2.8133862018585205,-15.563533782958984
India_177319,India,train,262144,256490,0.9784317016601562,0.002803802490234375,0.018764495849609375,0.006152286638855316,0.0,0.006152286638855316,0.0,-22.91071891784668,10.506058692932129,-7.703703880310059,-36.461116790771484,4.103365898132324,-14.047301292419434
India_179238,India,train,262144,192482,0.7342605590820312,0.0,0.26573944091796875,0.060223813135773734,0.0,0.060223813135773734,0.0,-23.72027015686035,13.025178909301758,-9.142166137695312,-45.91145706176758,4.6203742027282715,-16.34528350830078
India_180633,India,train,262144,164555,0.6277275085449219,0.0,0.3722724914550781,0.46041141259761176,0.20686700495275137,0.2537206405153292,0.44892625688000737,-47.91963195800781,10.842442512512207,-12.972335815429688,-47.92287063598633,4.501889228820801,-19.96225929260254
India_207862,India,train,262144,200115,0.7633781433105469,0.0,0.23662185668945312,0.10507957924193588,0.0,0.10507957924193588,0.0,-30.213293075561523,18.246971130371094,-9.026313781738281,-47.67412185668945,9.74384593963623,-15.737085342407227
India_244057,India,train,262144,160537,0.6124000549316406,0.0,0.3875999450683594,3.114546802294798e-05,0.0,3.114546802294798e-05,0.0,-33.47003173828125,9.394251823425293,-5.926623821258545,-47.95560836791992,1.8859844207763672,-12.812427520751953
India_25540,India,train,262144,188625,0.7195472717285156,0.0,0.2804527282714844,0.06128031809145129,0.0,0.06128031809145129,0.0,-25.536182403564453,14.669412612915039,-8.100974082946777,-46.631187438964844,4.855196952819824,-15.00474739074707
India_265762,India,train,262144,147296,0.5618896484375,0.0,0.4381103515625,0.057930968933304364,0.0,0.057930968933304364,0.0,-25.01263427734375,19.41176986694336,-8.669768333435059,-48.338504791259766,12.405827522277832,-15.996465682983398
India_273873,India,train,262144,155608,0.593597412109375,0.0,0.406402587890625,0.03499820060665262,0.00023135057323530925,0.034766850033417306,0.006610356224752111,-34.578773498535156,9.03127384185791,-6.9828338623046875,-48.247684478759766,1.251583456993103,-13.519569396972656
India_285297,India,train,262144,245042,0.9347610473632812,0.0,0.06523895263671875,0.14693807592167873,0.0,0.14693807592167873,0.0,-40.93282699584961,19.613025665283203,-9.770485877990723,-47.662391662597656,12.022953987121582,-16.860261917114258
India_287642,India,train,262144,115377,0.4401283264160156,0.0,0.5598716735839844,0.15526491415100063,0.0,0.15526491415100063,0.0,-29.61748695373535,9.789983749389648,-10.550055503845215,-47.56338882446289,-3.32016658782959,-18.342004776000977
India_324254,India,train,262144,262144,1.0,0.0,0.0,0.014812469482421875,0.0,0.014812469482421875,0.0,-25.558988571166992,16.531782150268555,-7.124773979187012,-34.89799118041992,9.225789070129395,-13.758966445922852
India_373039,India,train,262144,242783,0.9261436462402344,0.0,0.07385635375976562,0.006215426945049694,3.707014082534609e-05,0.006178356804224349,0.005964214711729622,-28.684608459472656,8.62438678741455,-8.260323524475098,-47.620601654052734,2.1634349822998047,-14.704532623291016
India_383430,India,train,262144,251271,0.9585227966308594,0.0,0.041477203369140625,0.1561182945903029,0.004970728814706034,0.15205893238774074,0.026001835423676966,-44.11168670654297,15.132442474365234,-8.815080642700195,-48.09110641479492,7.660780429840088,-14.821039199829102
India_391908,India,train,262144,211832,0.808074951171875,0.0,0.191925048828125,0.12268684617999169,0.02212602439669172,0.1020950564598361,0.16784024010158144,-31.256975173950195,10.478002548217773,-9.233144760131836,-48.20242691040039,1.5298054218292236,-16.028884887695312
India_399883,India,train,262144,262119,0.9999046325683594,0.0,9.5367431640625e-05,0.5199623071963497,0.1293954272677677,0.3965450806694669,0.23735802541601855,-48.932979583740234,0.924241840839386,-15.446122169494629,-56.64678192138672,-4.948674201965332,-21.868240356445312
India_44475,India,train,262144,260175,0.9924888610839844,0.0,0.007511138916015625,0.0,0.0,0.0,,-24.184703826904297,5.990004062652588,-6.971157073974609,-45.035789489746094,0.3613256812095642,-13.324892044067383
India_500266,India,train,262144,262141,0.9999885559082031,0.0,1.1444091796875e-05,0.1456506231379296,0.00010299800489049786,0.14557432831949219,0.0005238207485398497,-27.738290786743164,13.66256332397461,-9.254982948303223,-46.984840393066406,5.407844543457031,-16.799856185913086
India_533192,India,train,262144,120661,0.4602851867675781,0.40155792236328125,0.4840354919433594,0.35839252119574677,0.03272805628993627,0.3326675562112033,0.07177874387198224,-87.50163269042969,12.194382667541504,-11.700235366821289,-87.50163269042969,7.255858421325684,-19.28412628173828
India_534470,India,train,262144,250570,0.9558486938476562,0.0,0.04415130615234375,0.0296683561479826,0.0,0.0296683561479826,0.0,-24.918350219726562,14.339391708374023,-8.106429100036621,-47.1828727722168,6.245117664337158,-14.52987289428711
India_56450,India,train,262144,181248,0.69140625,0.0,0.30859375,0.00045241878531073447,0.0,0.00045241878531073447,0.0,-24.93910789489746,17.049142837524414,-7.823119163513184,-36.1848030090332,9.9008207321167,-14.2980375289917
India_566697,India,train,262144,215703,0.8228416442871094,0.0,0.17715835571289062,0.06823734486771162,0.0,0.06823734486771162,0.0,-28.041501998901367,18.989574432373047,-9.057474136352539,-47.75184631347656,5.557286262512207,-16.49664306640625
India_570384,India,train,262144,242000,0.92315673828125,0.0,0.07684326171875,0.060115702479338846,0.011256198347107439,0.048987603305785124,0.18511135551278526,-35.934242248535156,13.73193073272705,-8.830606460571289,-50.00730895996094,8.522713661193848,-15.432419776916504
India_591317,India,train,262144,246049,0.9386024475097656,0.0,0.061397552490234375,0.4634808513751326,0.3138033481135871,0.15221358347321062,0.6715860363559835,-49.67542266845703,10.636155128479004,-14.428080558776855,-53.18480682373047,-0.548915445804596,-20.823192596435547
India_591549,India,train,262144,245709,0.9373054504394531,0.0,0.06269454956054688,0.044988177071250954,0.00014651477967840006,0.04485794171153682,0.002894879681563235,-30.96001434326172,24.666152954101562,-8.230189323425293,-41.364959716796875,17.376384735107422,-14.7293062210083
India_592446,India,train,262144,224355,0.8558464050292969,0.0,0.14415359497070312,0.04031111408259232,0.02016447148492345,0.0222370796282677,0.44836355594869526,-47.779842376708984,7.660681247711182,-8.57879638671875,-48.4382438659668,-3.9168131351470947,-14.915399551391602
India_59460,India,train,262144,209353,0.7986183166503906,0.0,0.20138168334960938,0.001504635710976198,0.0,0.001504635710976198,0.0,-28.737777709960938,9.932669639587402,-7.794496059417725,-42.24137496948242,4.643434047698975,-14.095084190368652
India_624341,India,train,262144,262142,0.9999923706054688,0.0,7.62939453125e-06,0.01229867781584027,0.0,0.01229867781584027,0.0,-26.693893432617188,17.538829803466797,-7.266775608062744,-45.546791076660156,5.842587947845459,-14.048036575317383
India_631692,India,train,262144,262144,1.0,0.0,0.0,0.00305938720703125,0.0,0.00305938720703125,0.0,-24.175580978393555,2.5097672939300537,-7.05855655670166,-29.22733497619629,-4.457502841949463,-13.763168334960938
India_652725,India,train,262144,262094,0.9998092651367188,0.0,0.00019073486328125,0.08315718787915787,0.00042351217502117563,0.08280616877914031,0.004221151640284469,-37.160160064697266,18.260488510131836,-9.080163955688477,-47.62818145751953,8.753785133361816,-16.54012680053711
India_664410,India,train,262144,262142,0.9999923706054688,0.0,7.62939453125e-06,0.051597988876257904,0.0002403277612896827,0.05143395564236177,0.0031790625462073045,-29.8994197845459,7.957015037536621,-9.329755783081055,-47.92378616333008,-3.243798017501831,-17.12392807006836
India_691027,India,train,262144,254034,0.9690628051757812,0.0,0.03093719482421875,0.033042821039703345,0.0005314249273719266,0.032704283678562714,0.010245413390517035,-29.535512924194336,15.77019214630127,-7.981541633605957,-48.302371978759766,9.084555625915527,-14.626948356628418
India_698338,India,train,262144,227984,0.86968994140625,0.0,0.13031005859375,0.04358200575478981,0.0,0.04358200575478981,0.0,-23.44485092163086,21.434837341308594,-8.521663665771484,-48.17338180541992,13.438753128051758,-15.529294967651367
India_70352,India,train,262144,239229,0.9125862121582031,0.0,0.08741378784179688,0.05512709579524221,0.02543169933411083,0.030406012648968143,0.4484379739156809,-47.78550338745117,19.186077117919922,-9.35506534576416,-48.03810119628906,2.470085382461548,-15.311649322509766
India_707886,India,train,262144,256881,0.9799232482910156,0.0,0.020076751708984375,0.02206469143299816,0.008544812578586972,0.013819628543956151,0.37367678193366266,-45.424644470214844,7.687286853790283,-8.297677993774414,-47.89493942260742,1.9563871622085571,-14.400787353515625
India_73419,India,train,262144,178934,0.6825790405273438,0.0,0.31742095947265625,0.034940257301574885,0.0,0.034940257301574885,0.0,-30.22062110900879,19.847043991088867,-8.27374267578125,-46.71711349487305,9.690164566040039,-15.160404205322266
India_747970,India,train,262144,246517,0.9403877258300781,0.0,0.059612274169921875,0.02031097246843017,0.0021783487548526067,0.01828677129771983,0.09966047533453165,-31.350502014160156,16.39934539794922,-7.36868953704834,-47.908687591552734,8.042376518249512,-13.798434257507324
India_747992,India,train,262144,262087,0.9997825622558594,0.0,0.000217437744140625,0.44764524757046326,0.0,0.44764524757046326,0.0,-38.07270812988281,9.851446151733398,-10.927324295043945,-47.86728286743164,-1.39195716381073,-18.95465850830078
India_764946,India,train,262144,242502,0.9250717163085938,0.0,0.07492828369140625,0.01297308888174118,0.0016783366735119711,0.01139372046416112,0.1217418944691672,-27.6104679107666,3.2757630348205566,-7.669780731201172,-40.195003509521484,-2.9938344955444336,-13.884554862976074
India_769408,India,train,262144,175907,0.6710319519042969,0.0,0.3289680480957031,0.048787143206353356,0.0,0.048787143206353356,0.0,-29.440937042236328,16.768476486206055,-8.874208450317383,-47.59795379638672,-0.24931353330612183,-16.175704956054688
India_772630,India,train,262144,155332,0.5925445556640625,0.0,0.4074554443359375,0.00865887260834857,0.0,0.00865887260834857,0.0,-29.494007110595703,11.588814735412598,-6.752565383911133,-47.682125091552734,1.9575787782669067,-13.420559883117676
India_773682,India,train,262144,252793,0.9643287658691406,0.0,0.035671234130859375,0.12246778985177596,0.0011986091387024165,0.12131665038193304,0.009399528408540327,-34.34920120239258,11.680649757385254,-8.90231704711914,-47.6882209777832,1.7223070859909058,-16.286924362182617
India_774689,India,train,262144,237116,0.9045257568359375,0.0037689208984375,0.0921783447265625,0.07910474198282696,0.007759914978322846,0.07422527370569679,0.06168363810843951,-42.972900390625,14.318520545959473,-9.216493606567383,-47.70676803588867,2.5531578063964844,-16.2851505279541
India_79637,India,train,262144,262144,1.0,0.0,0.0,0.019702911376953125,0.0,0.019702911376953125,0.0,-27.05678939819336,6.290122032165527,-8.542540550231934,-47.405487060546875,-0.4672885239124298,-15.45294189453125
India_80221,India,train,262144,151793,0.5790443420410156,0.0,0.4209556579589844,0.7543562614876839,0.26714670636985893,0.4892122825163216,0.35148376504287987,-47.691627502441406,8.930299758911133,-17.31524658203125,-53.199344635009766,-5.561323642730713,-23.860258102416992
India_804466,India,train,262144,262134,0.9999618530273438,0.0,3.814697265625e-05,0.19161192367262544,0.003467692096408707,0.18850282679850763,0.016226009397149,-33.73932647705078,8.92487621307373,-9.232978820800781,-47.7435417175293,-2.6379475593566895,-17.05763816833496
India_828067,India,train,262144,183120,0.69854736328125,0.0,0.30145263671875,0.03819353429445173,0.003123634775010922,0.0356651376146789,0.06619959965684873,-30.58640480041504,19.380794525146484,-8.004618644714355,-48.2692985534668,11.045951843261719,-14.480865478515625
India_833266,India,train,262144,219674,0.8379898071289062,0.0,0.16201019287109375,0.08313227782987517,0.0003277584056374446,0.08280451942423774,0.0039426130763333695,-30.23045539855957,21.087770462036133,-8.620372772216797,-45.5046272277832,12.694729804992676,-15.641491889953613
India_842775,India,train,262144,246418,0.9400100708007812,0.0,0.05998992919921875,0.02406074231590225,0.0,0.02406074231590225,0.0,-24.075664520263672,18.926128387451172,-8.699554443359375,-44.20407485961914,10.17697811126709,-15.511550903320312
India_869358,India,train,262144,262144,1.0,0.0,0.0,0.01926422119140625,0.000171661376953125,0.019199371337890625,0.0033663366336633663,-29.265640258789062,18.669315338134766,-9.19919204711914,-47.9835319519043,8.306883811950684,-16.474281311035156
India_900498,India,train,262144,261992,0.999420166015625,0.0,0.000579833984375,0.4731174997709854,0.21509817093651715,0.2731228434456014,0.42271667486870024,-48.26825714111328,2.0556297302246094,-13.395038604736328,-53.7394905090332,-5.647802352905273,-21.48923110961914
India_91379,India,train,262144,262133,0.9999580383300781,0.0,4.1961669921875e-05,0.11289688822086498,0.0021973578298039543,0.11089790297291832,0.01770629181590863,-29.40143585205078,18.39676856994629,-9.267105102539062,-47.9688835144043,10.509784698486328,-17.066314697265625
India_943439,India,train,262144,250096,0.95404052734375,0.0,0.04595947265625,0.19036290064615188,0.026425852472650502,0.16636811464397672,0.12604759604276503,-47.95964813232422,12.625666618347168,-10.032740592956543,-48.833168029785156,4.796529293060303,-15.826770782470703
India_952728,India,train,262144,188716,0.7198944091796875,0.0,0.2801055908203125,0.03098836346679667,0.0006570720023739376,0.030537951207104855,0.014534883720930232,-31.83875274658203,20.504467010498047,-8.68172836303711,-48.283687591552734,12.556062698364258,-15.52845573425293
India_956930,India,train,262144,237130,0.9045791625976562,0.0,0.09542083740234375,0.16908868553114326,0.009218572091257959,0.16013579049466536,0.052947924980047884,-36.52406311035156,21.5538387298584,-9.351934432983398,-48.570621490478516,8.801491737365723,-15.581332206726074
India_979278,India,train,262144,105990,0.40431976318359375,0.5267829895019531,0.5839347839355469,0.05129729219737711,0.025181620907632797,0.03371072742711576,0.34283612286187237,-39.01594543457031,6.60865592956543,-8.875587463378906,-47.47959899902344,-4.876285076141357,-16.90207290649414
India_981708,India,train,262144,219993,0.8392066955566406,0.1509552001953125,0.145416259765625,0.047028769097198546,0.0,0.047028769097198546,0.0,-65.45004272460938,20.16878318786621,-8.010478973388672,-79.16144561767578,12.642666816711426,-15.08050537109375
Mekong_1111068,Mekong,test,262144,262098,0.9998245239257812,0.0,0.00017547607421875,0.02842066707872628,0.0,0.02842066707872628,0.0,-25.876781463623047,9.312369346618652,-8.625513076782227,-47.227386474609375,-0.7480763792991638,-17.557586669921875
Mekong_1149855,Mekong,test,262144,224775,0.8574485778808594,0.0,0.14255142211914062,0.07678789901012123,4.004004004004004e-05,0.0767478589700812,0.0005214368482039397,-31.568744659423828,15.99582290649414,-9.09408187866211,-46.16984558105469,-5.157065391540527,-15.248767852783203
Mekong_1191208,Mekong,test,262144,202312,0.771759033203125,0.0,0.228240966796875,0.07545276602475384,0.06114812764443039,0.014991695994305825,0.801310186701605,-49.05044174194336,5.686763286590576,-9.921846389770508,-53.28076171875,-7.360809326171875,-16.358945846557617
Mekong_119477,Mekong,test,262144,260952,0.995452880859375,0.0,0.004547119140625,0.011481038658450597,0.0,0.011481038658450597,0.0,-21.79966926574707,2.8337385654449463,-8.2174072265625,-34.64883804321289,-5.684020042419434,-14.348751068115234
Mekong_1248200,Mekong,test,262144,260988,0.9955902099609375,0.0,0.0044097900390625,0.7838981102579429,0.0017587015494965287,0.7821394087084463,0.0022435333450642266,-32.37672424316406,8.134356498718262,-15.673486709594727,-54.56930923461914,-6.82032585144043,-24.96988296508789
Mekong_1282475,Mekong,test,262144,262144,1.0,0.0,0.0,0.10128402709960938,0.0,0.10128402709960938,0.0,-34.79486846923828,0.6270921230316162,-9.093847274780273,-47.18962860107422,0.29792749881744385,-15.290115356445312
Mekong_1395593,Mekong,test,262144,261728,0.9984130859375,0.0,0.0015869140625,0.07211685413864775,0.0,0.07211685413864775,0.0,-36.33318328857422,4.855796813964844,-8.979331970214844,-52.43720245361328,-3.0543558597564697,-14.993520736694336
Mekong_1396181,Mekong,test,262144,243062,0.9272079467773438,0.0,0.07279205322265625,0.5965844105619142,0.01170071833523957,0.5849289481696028,0.019536987869551124,-49.98988342285156,17.12140655517578,-15.369913101196289,-53.2747917175293,-6.824774742126465,-22.57398223876953
Mekong_1413877,Mekong,test,262144,256968,0.980255126953125,0.0,0.019744873046875,0.009775536253541297,0.0,0.009775536253541297,0.0,-24.252962112426758,11.519562721252441,-8.317242622375488,-34.144927978515625,6.001758098602295,-14.496334075927734
Mekong_1439641,Mekong,test,262144,262083,0.9997673034667969,0.0,0.000232696533203125,0.7547303716761484,0.30570849692654617,0.4490333215050194,0.40504140504140507,-44.19001007080078,12.386762619018555,-16.929927825927734,-60.388580322265625,5.9002604484558105,-27.167816162109375
Mekong_1443339,Mekong,test,262144,262135,0.9999656677246094,0.0,3.4332275390625e-05,0.7354340320827055,0.08428862990443856,0.6512598470253876,0.11445511274334355,-46.6623420715332,11.692955017089844,-16.899349212646484,-52.33989715576172,3.783937692642212,-24.490474700927734
Mekong_16233,Mekong,test,262144,262132,0.9999542236328125,0.0,4.57763671875e-05,0.2373269955594891,0.00010300154120824623,0.23722399401828087,0.00043400684766359645,-38.4688720703125,6.3225579261779785,-11.11740493774414,-47.12521743774414,-4.813234806060791,-17.762603759765625
Mekong_213094,Mekong,test,262144,229843,0.8767814636230469,0.00289154052734375,0.120391845703125,0.000482938353571786,0.0,0.000482938353571786,0.0,-19.66054344177246,2.602128744125366,-8.639875411987305,-30.69773292541504,-6.762739658355713,-15.127155303955078
Mekong_221789,Mekong,test,262144,215327,0.8214073181152344,0.0,0.17859268188476562,0.0,0.0,0.0,,-20.834142684936523,0.8818097710609436,-8.02130126953125,-30.570409774780273,-4.781608581542969,-14.329574584960938
Mekong_254910,Mekong,test,262144,205495,0.7839012145996094,0.0,0.21609878540039062,0.0006569502907613324,0.0,0.0006569502907613324,0.0,-33.60940170288086,1.2316908836364746,-8.779996871948242,-49.24321746826172,-5.795480251312256,-15.333717346191406
Mekong_269835,Mekong,test,262144,212236,0.8096160888671875,0.0,0.1903839111328125,0.0022757684841402965,0.0,0.0022757684841402965,0.0,-29.137998580932617,-1.1959410905838013,-8.920215606689453,-44.97561264038086,-6.987168312072754,-15.02441120147705
Mekong_293769,Mekong,test,262144,230540,0.8794403076171875,0.00272369384765625,0.1185760498046875,0.13195107139758827,0.09340244643012059,0.038548624967467686,0.7078566732412886,-45.68611526489258,-0.9181337952613831,-10.681087493896484,-51.8822135925293,-7.2050395011901855,-17.396350860595703
Mekong_333434,Mekong,test,262144,203133,0.7748908996582031,0.0,0.22510910034179688,0.01616674789423678,4.430594733499727e-05,0.01616674789423678,0.0,-38.41206359863281,7.670294761657715,-8.968172073364258,-43.44799041748047,-7.934159278869629,-15.86842155456543
Mekong_342411,Mekong,test,262144,262141,0.9999885559082031,0.0,1.1444091796875e-05,0.1102994190149576,0.0,0.1102994190149576,0.0,-31.355478286743164,5.6486334800720215,-9.541296005249023,-47.41660690307617,-2.912876844406128,-15.819028854370117
Mekong_382276,Mekong,test,262144,262111,0.9998741149902344,0.0,0.000125885009765625,0.037419261305324844,0.0,0.037419261305324844,0.0,-32.358314514160156,12.733827590942383,-8.325104713439941,-46.940773010253906,-4.063085556030273,-14.517341613769531
Mekong_424793,Mekong,test,262144,258487,0.9860496520996094,0.0,0.013950347900390625,0.015486272036891603,0.0,0.015486272036891603,0.0,-29.240478515625,5.133743762969971,-8.446599006652832,-45.6171875,-4.078113079071045,-14.466938018798828
Mekong_45934,Mekong,test,262144,261859,0.9989128112792969,0.0,0.001087188720703125,0.0011303793262786462,0.0,0.0011303793262786462,0.0,-25.577228546142578,13.352533340454102,-8.061294555664062,-30.152318954467773,4.910778999328613,-14.252143859863281
Mekong_474783,Mekong,test,262144,262119,0.9999046325683594,0.0,9.5367431640625e-05,0.02205105314761616,0.0,0.02205105314761616,0.0,-22.92221450805664,16.576597213745117,-8.191238403320312,-35.62849426269531,5.155568599700928,-14.992547988891602
Mekong_52610,Mekong,test,262144,262144,1.0,0.0,0.0,0.8036537170410156,0.044322967529296875,0.7593879699707031,0.05508062257622002,-46.31296920776367,6.422411918640137,-16.733396530151367,-56.2050895690918,-1.0437963008880615,-25.889944076538086
Mekong_596495,Mekong,test,262144,229483,0.8754081726074219,3.814697265625e-06,0.1245880126953125,0.7719221031623258,0.630770035253156,0.14208895648043646,0.815928374251311,-49.99800109863281,16.682897567749023,-19.497161865234375,-55.50377655029297,-5.6141886711120605,-27.810020446777344
Mekong_774566,Mekong,test,262144,227728,0.86871337890625,0.0,0.13128662109375,0.33831149441438907,0.27297038572331905,0.0659778332045247,0.8049790376802565,-45.17073440551758,-0.008005879819393158,-13.396896362304688,-54.22976303100586,-3.7352259159088135,-21.193510055541992
Mekong_846007,Mekong,test,262144,164030,0.6257247924804688,0.0,0.37427520751953125,0.04593671889288545,0.0,0.04593671889288545,0.0,-33.18582534790039,12.713202476501465,-9.631680488586426,-47.182003021240234,-2.044987440109253,-15.913928985595703
Mekong_922373,Mekong,test,262144,262138,0.9999771118164062,0.0,2.288818359375e-05,0.4568776751176861,0.00034333061212033357,0.4565343445055658,0.000751471631945894,-34.69304275512695,9.001314163208008,-11.781463623046875,-51.15391159057617,-5.971607685089111,-18.947906494140625
Mekong_977338,Mekong,test,262144,176958,0.6750411987304688,0.0,0.32495880126953125,0.37052294894833804,0.34093400693949977,0.040563297505622806,0.8905241966233014,-49.98041915893555,1.464631199836731,-13.715065002441406,-54.99637222290039,-6.349227428436279,-20.715492248535156
Mekong_98310,Mekong,test,262144,182771,0.6972160339355469,0.0,0.3027839660644531,0.4687122136443965,0.4215329565412456,0.049734367049477216,0.8938914634573406,-50.739898681640625,3.602144956588745,-15.019452095031738,-54.712642669677734,-1.3971525430679321,-22.05443572998047
Nigeria_1095404,Nigeria,validation,262144,252283,0.9623832702636719,0.0,0.037616729736328125,0.18269562356559896,3.5674222995604144e-05,0.18265994934260335,0.00019526588704953246,-39.49478530883789,10.945784568786621,-12.089338302612305,-47.12413787841797,-0.4954579174518585,-18.562122344970703
Nigeria_143329,Nigeria,validation,262144,249500,0.9517669677734375,0.0,0.0482330322265625,0.011130260521042084,0.0,0.011130260521042084,0.0,-25.250598907470703,-1.182840347290039,-10.052656173706055,-36.88106155395508,-8.180024147033691,-16.169158935546875
Nigeria_22088,Nigeria,validation,262144,209501,0.7991828918457031,0.20081710815429688,0.15067291259765625,0.0008114519739762579,0.0,0.0008114519739762579,0.0,-46.75930404663086,2.7232162952423096,-10.971217155456543,-55.978763580322266,-6.598796367645264,-16.88214874267578
Nigeria_225131,Nigeria,validation,262144,241255,0.9203147888183594,0.0,0.07968521118164062,0.004687985741228161,0.0,0.004687985741228161,0.0,-22.2404727935791,8.589542388916016,-9.482563018798828,-33.27029037475586,-2.385209560394287,-15.717395782470703
Nigeria_31096,Nigeria,validation,262144,217487,0.8296470642089844,0.0,0.17035293579101562,0.003751948392317702,0.0,0.003751948392317702,0.0,-22.347267150878906,13.172327041625977,-8.998143196105957,-40.25123977661133,4.283108234405518,-15.005537033081055
Nigeria_35845,Nigeria,validation,262144,213042,0.8126907348632812,0.0,0.18730926513671875,0.0013424582946085749,0.0,0.0013424582946085749,0.0,-25.306209564208984,4.02932071685791,-8.116528511047363,-30.846149444580078,-5.612537860870361,-14.099969863891602
Nigeria_417184,Nigeria,validation,262144,50135,0.19124984741210938,0.4034576416015625,0.7746696472167969,0.027605465243841627,0.0,0.027605465243841627,0.0,-49.95847702026367,0.7486366629600525,-12.702438354492188,-56.69089889526367,-4.69016170501709,-19.88893699645996
Nigeria_439488,Nigeria,validation,262144,229200,0.87432861328125,0.0,0.12567138671875,0.006404886561954625,0.0,0.006404886561954625,0.0,-22.404293060302734,10.973958015441895,-10.37100601196289,-39.38518524169922,1.7357279062271118,-16.724836349487305
Nigeria_529525,Nigeria,validation,262144,262144,1.0,0.0,0.0,0.8531608581542969,0.011135101318359375,0.8420372009277344,0.013038171079047266,-45.57707595825195,0.028538497164845467,-15.794513702392578,-60.44136047363281,-7.430656433105469,-23.064998626708984
Nigeria_598959,Nigeria,validation,262144,211208,0.805694580078125,0.0,0.194305419921875,0.22029468580735578,0.0,0.22029468580735578,0.0,-24.740982055664062,3.3714611530303955,-10.066136360168457,-47.07490539550781,-6.935851097106934,-17.849611282348633
Nigeria_600295,Nigeria,validation,262144,181691,0.6930961608886719,0.0,0.3069038391113281,0.46045759008426396,0.06760378885030079,0.393294109229406,0.14586246877278541,-40.959659576416016,2.922909736633301,-14.4869384765625,-55.90470886230469,-1.2436424493789673,-22.27431869506836
Nigeria_707067,Nigeria,validation,262144,261359,0.9970054626464844,0.0,0.002994537353515625,0.014371037538405029,0.0,0.014371037538405029,0.0,-23.45110321044922,1.0527902841567993,-10.116549491882324,-40.1300163269043,-5.457533836364746,-16.00354766845703
Nigeria_78061,Nigeria,validation,262144,228886,0.8731307983398438,0.0,0.12686920166015625,0.024003215574565504,0.0,0.024003215574565504,0.0,-33.754817962646484,7.638461589813232,-9.965106010437012,-47.01171875,-6.973537921905518,-15.928182601928711
Nigeria_812045,Nigeria,validation,262144,236584,0.902496337890625,0.002208709716796875,0.09540557861328125,0.5054568356270923,0.06891843911676192,0.4365383965103304,0.13634881212212438,-42.932151794433594,0.028858397156000137,-15.356658935546875,-57.32727813720703,-7.997669696807861,-23.088064193725586
Nigeria_81933,Nigeria,validation,262144,246268,0.9394378662109375,0.0,0.0605621337890625,0.7225867753829162,0.15570435460555168,0.5682792729871522,0.21354874964877774,-39.11888885498047,6.381307601928711,-14.882616996765137,-58.0816650390625,-4.7603302001953125,-21.606021881103516
Nigeria_820924,Nigeria,validation,262144,262143,0.9999961853027344,0.0,3.814697265625e-06,0.00448610109749259,0.0,0.00448610109749259,0.0,-25.12737464904785,11.370491027832031,-9.784159660339355,-32.296844482421875,-3.8899271488189697,-15.941831588745117
Nigeria_952958,Nigeria,validation,262144,227674,0.8685073852539062,0.0,0.13149261474609375,0.04275850558254346,0.0,0.04275850558254346,0.0,-41.67474365234375,-0.6740323305130005,-10.140775680541992,-49.99916458129883,-6.687373638153076,-16.03980255126953
Nigeria_984831,Nigeria,validation,262144,240158,0.9161300659179688,0.0,0.08386993408203125,0.9230589861674398,0.04420839613920836,0.8788547539536472,0.04788884879105016,-46.784542083740234,-0.7883625030517578,-17.42426300048828,-53.772823333740234,-7.333073616027832,-24.788637161254883
Pakistan_1027214,Pakistan,test,262144,158958,0.6063766479492188,0.0,0.39362335205078125,0.15016545250946792,0.04588633475509254,0.10554989368260799,0.29710934227063257,-34.93605422973633,2.809725761413574,-12.192419052124023,-47.60755920410156,-7.224615097045898,-20.959213256835938
Pakistan_1036366,Pakistan,test,262144,110380,0.4210662841796875,0.0,0.5789337158203125,0.20540858851241167,0.014866823699945643,0.19190976626200398,0.06571693203369647,-42.88795852661133,5.504057884216309,-11.233540534973145,-54.27027893066406,-7.569937229156494,-18.380170822143555
Pakistan_132143,Pakistan,test,262144,262144,1.0,0.0,0.0,0.0,0.0,0.0,,-25.466920852661133,10.03133487701416,-9.133713722229004,-47.732540130615234,-5.286617279052734,-15.422054290771484
Pakistan_167553,Pakistan,test,262144,247105,0.9426307678222656,0.0,0.057369232177734375,0.005900325772444912,0.0,0.005900325772444912,0.0,-31.5108699798584,19.36794090270996,-10.727373123168945,-50.79191970825195,3.011573314666748,-19.264019012451172
Pakistan_210595,Pakistan,test,262144,262144,1.0,0.0,0.0,0.0,0.0,0.0,,-23.336946487426758,4.654808521270752,-10.648972511291504,-48.01552200317383,-6.089413166046143,-17.95323944091797
Pakistan_211386,Pakistan,test,262144,255405,0.9742927551269531,0.0,0.025707244873046875,0.026855386542941603,0.0,0.026855386542941603,0.0,-29.8132266998291,8.449261665344238,-10.072277069091797,-46.386512756347656,-4.779975891113281,-18.66008758544922
Pakistan_246510,Pakistan,test,262144,258817,0.9873085021972656,0.0,0.012691497802734375,0.04150036512284742,0.0016459506137541198,0.0398544145090933,0.039661111628340004,-37.62701416015625,6.0703840255737305,-11.913132667541504,-50.85842514038086,-4.292677402496338,-20.478160858154297
Pakistan_246718,Pakistan,test,262144,235278,0.8975143432617188,0.0,0.10248565673828125,0.05578932156852744,0.0023079080917042818,0.05366417599605573,0.03809233582203261,-30.488515853881836,0.40511396527290344,-9.784595489501953,-50.66446304321289,-7.1887288093566895,-17.154048919677734
Pakistan_336228,Pakistan,test,262144,132471,0.5053367614746094,0.0,0.4946632385253906,0.0,0.0,0.0,,-27.637081146240234,7.782470226287842,-6.4719743728637695,-47.57923889160156,-6.040896415710449,-15.535663604736328
Pakistan_35915,Pakistan,test,262144,129233,0.4929847717285156,0.0,0.5070152282714844,0.4047031331006786,0.2276121424094465,0.17848382379113695,0.5589759278025277,-38.000770568847656,2.211752414703369,-13.053171157836914,-48.59144973754883,-7.034748077392578,-21.27227210998535
Pakistan_366265,Pakistan,test,262144,127291,0.4855766296386719,0.0,0.5144233703613281,1.5712029915704958e-05,0.0,1.5712029915704958e-05,0.0,-31.04475975036621,16.128679275512695,-10.297735214233398,-47.834598541259766,-4.497114181518555,-19.47815704345703
Pakistan_401863,Pakistan,test,262144,258845,0.9874153137207031,0.0,0.012584686279296875,0.012841661998493306,0.008391122100098515,0.004775058432652746,0.628158844765343,-36.7765998840332,4.280869483947754,-11.857956886291504,-48.64945983886719,-5.4884867668151855,-19.448822021484375
Pakistan_43105,Pakistan,test,262144,260942,0.9954147338867188,0.002796173095703125,0.001789093017578125,0.001038544964014992,0.0,0.001038544964014992,0.0,-28.288427352905273,2.745039939880371,-10.520549774169922,-47.59080505371094,-8.068363189697266,-18.634273529052734
Pakistan_474121,Pakistan,test,262144,180789,0.6896553039550781,0.0,0.3103446960449219,0.049189939653408114,0.060280216163594025,0.00854034260934017,0.8263802991116609,-46.6773796081543,7.318414211273193,-11.874349594116211,-47.965946197509766,-3.0055582523345947,-19.848041534423828
Pakistan_528249,Pakistan,test,262144,76982,0.29366302490234375,0.0,0.7063369750976562,0.0,0.0,0.0,,-27.72484588623047,3.487161636352539,-8.661764144897461,-47.489013671875,-8.381501197814941,-18.216569900512695
Pakistan_548910,Pakistan,test,262144,235696,0.89910888671875,0.0,0.10089111328125,0.014590828864299776,0.0,0.014590828864299776,0.0,-24.793420791625977,18.72072410583496,-9.608957290649414,-45.18570327758789,3.5580599308013916,-17.087371826171875
Pakistan_65724,Pakistan,test,262144,262143,0.9999961853027344,0.0,3.814697265625e-06,0.0,0.0,0.0,,-26.083904266357422,11.822362899780273,-8.396553993225098,-49.16130447387695,0.7193731069564819,-17.035106658935547
Pakistan_664885,Pakistan,test,262144,73010,0.27851104736328125,0.0,0.7214889526367188,0.03263936447062046,0.12107930420490344,0.00013696753869332968,0.9958036088963491,-41.575775146484375,7.474541187286377,-11.370824813842773,-47.884830474853516,-1.3678706884384155,-19.73181915283203
Pakistan_667363,Pakistan,test,262144,162484,0.6198272705078125,0.0,0.3801727294921875,0.007502277147288348,0.0,0.007502277147288348,0.0,-29.214588165283203,8.718287467956543,-8.635112762451172,-49.79814147949219,-5.7175984382629395,-17.268760681152344
Pakistan_694942,Pakistan,test,262144,191444,0.7303009033203125,0.0,0.2696990966796875,0.09653475690019013,0.0,0.09653475690019013,0.0,-39.282108306884766,9.890836715698242,-13.123828887939453,-47.558773040771484,-6.502700328826904,-22.07377052307129
Pakistan_70625,Pakistan,test,262144,262144,1.0,0.0,0.0,0.017803192138671875,0.008914947509765625,0.01351165771484375,0.2410542104135419,-32.30615997314453,2.5704312324523926,-10.37983512878418,-49.25492477416992,-2.733043670654297,-19.306930541992188
Pakistan_712873,Pakistan,test,262144,119557,0.4560737609863281,0.0,0.5439262390136719,0.011007301956389003,0.0,0.011007301956389003,0.0,-27.42228126525879,4.571086406707764,-9.241174697875977,-47.35213088989258,-5.714178562164307,-15.989541053771973
Pakistan_740461,Pakistan,test,262144,211456,0.806640625,0.0,0.193359375,0.0,0.0,0.0,,-32.708351135253906,6.918482303619385,-11.368392944335938,-50.79145431518555,-1.2600821256637573,-19.246610641479492
Pakistan_760290,Pakistan,test,262144,233498,0.8907241821289062,0.0,0.10927581787109375,0.0,0.0,0.0,,-37.99095153808594,12.86832046508789,-11.781709671020508,-49.956321716308594,-1.7716608047485352,-20.44086456298828
Pakistan_849790,Pakistan,test,262144,257239,0.9812889099121094,0.0,0.018711090087890625,0.6682812481777647,0.0,0.6682812481777647,0.0,-29.129093170166016,1.5755544900894165,-9.866894721984863,-49.52626419067383,-7.523432731628418,-18.545291900634766
Pakistan_909806,Pakistan,test,262144,116287,0.4435997009277344,0.0,0.5564002990722656,0.012159570717277081,0.0,0.012159570717277081,0.0,-28.609193801879883,7.278606414794922,-7.640549182891846,-41.72344970703125,-5.757524490356445,-14.377265930175781
Pakistan_94095,Pakistan,test,262144,180570,0.6888198852539062,0.0,0.31118011474609375,0.296649498809326,0.22284986431854684,0.16132247881707926,0.45618489340253143,-41.065982818603516,1.577284574508667,-13.758085250854492,-58.28885269165039,-7.655535697937012,-22.804346084594727
Pakistan_9684,Pakistan,test,262144,113550,0.43315887451171875,0.0,0.5668411254882812,0.010532804931748128,0.0,0.010532804931748128,0.0,-25.674663543701172,8.450963020324707,-7.755878448486328,-40.3978385925293,-6.481184005737305,-16.983715057373047
Paraguay_1019808,Paraguay,train,262144,262144,1.0,0.0,0.0,0.01972198486328125,0.0,0.01972198486328125,0.0,-20.33332633972168,-1.0353503227233887,-9.39263916015625,-41.252357482910156,-6.824246406555176,-16.93207359313965
Paraguay_1029042,Paraguay,train,262144,223004,0.8506927490234375,0.0,0.1493072509765625,0.27442108661728043,0.20983480116948575,0.06634858567559326,0.7582234423256042,-41.03055953979492,-0.9950191974639893,-12.458206176757812,-52.543949127197266,-6.467805862426758,-18.890987396240234
Paraguay_1029191,Paraguay,train,262144,253937,0.9686927795410156,0.0,0.031307220458984375,0.19822239374333003,0.1574406250369186,0.05001240465154743,0.74769548633185,-41.2896728515625,-0.33678412437438965,-11.559597969055176,-47.15082931518555,-7.573127269744873,-17.60977554321289
Paraguay_1056717,Paraguay,train,262144,262144,1.0,0.0,0.0,0.01924896240234375,0.001132965087890625,0.01848602294921875,0.03963535473642489,-30.24329376220703,-1.2864758968353271,-10.87042236328125,-43.812355041503906,-7.808838844299316,-16.819156646728516
Paraguay_1076204,Paraguay,train,262144,262144,1.0,0.0,0.0,0.011554718017578125,0.012256622314453125,0.004886627197265625,0.5770881479035985,-34.12682342529297,-0.19036069512367249,-10.27059555053711,-47.21147918701172,-7.622372150421143,-16.51392936706543
Paraguay_11869,Paraguay,train,262144,257933,0.9839363098144531,0.0,0.016063690185546875,0.0008606886284422699,0.0027177600384596,0.0007870260881701837,0.08558558558558559,-29.008779525756836,3.5455944538116455,-10.809206008911133,-44.17133712768555,-7.187385082244873,-17.407146453857422
Paraguay_126224,Paraguay,train,262144,262144,1.0,0.0,0.0,0.5507736206054688,0.00212860107421875,0.5487899780273438,0.003601556980787079,-34.11396026611328,0.5948666334152222,-10.024848937988281,-51.07952880859375,-6.971851825714111,-20.621746063232422
Paraguay_12870,Paraguay,train,262144,262144,1.0,0.0,0.0,0.0,0.0,0.0,,-27.285722732543945,-0.5173852443695068,-10.19770622253418,-50.02348327636719,-7.284607887268066,-17.82801055908203
Paraguay_148318,Paraguay,train,262144,240076,0.9158172607421875,0.0,0.0841827392578125,0.009284559889368367,0.0,0.009284559889368367,0.0,-27.53431510925293,5.201471328735352,-9.751291275024414,-47.6016960144043,-6.387582778930664,-16.10369110107422
Paraguay_149787,Paraguay,train,262144,262144,1.0,0.0,0.0,0.15293502807617188,0.11370468139648438,0.04183197021484375,0.7264722755730713,-42.060218811035156,-0.3746403455734253,-10.977672576904297,-47.158634185791016,-7.305418491363525,-17.242698669433594
Paraguay_149830,Paraguay,train,262144,260440,0.993499755859375,0.0,0.006500244140625,0.007322223928735985,0.0,0.007322223928735985,0.0,-26.489688873291016,-1.173006296157837,-9.393622398376465,-42.34761428833008,-6.071680068969727,-15.976990699768066
Paraguay_153941,Paraguay,train,262144,262144,1.0,0.0,0.0,0.002445220947265625,0.0,0.002445220947265625,0.0,-24.15343475341797,-1.9859447479248047,-10.876886367797852,-40.835060119628906,-8.02479362487793,-17.310693740844727
Paraguay_172476,Paraguay,train,262144,262143,0.9999961853027344,0.0,3.814697265625e-06,0.010738413766532007,0.0,0.010738413766532007,0.0,-26.235136032104492,2.8064775466918945,-9.73078727722168,-42.36543273925781,-5.076996803283691,-15.976507186889648
Paraguay_179624,Paraguay,train,262144,262109,0.9998664855957031,0.0,0.000133514404296875,0.0001602386793280658,0.0,0.0001602386793280658,0.0,-22.57650375366211,-0.553678035736084,-9.137924194335938,-40.1982536315918,-7.5105671882629395,-15.52861213684082
Paraguay_191503,Paraguay,train,262144,262144,1.0,0.0,0.0,0.00034332275390625,0.0,0.00034332275390625,0.0,-24.573827743530273,1.5352929830551147,-10.4833345413208,-47.32033157348633,-6.007511615753174,-16.76140594482422
Paraguay_198534,Paraguay,train,262144,195487,0.7457237243652344,0.0,0.2542762756347656,0.0,0.0,0.0,,-32.36965560913086,-0.6622538566589355,-10.229515075683594,-49.069862365722656,-7.403337478637695,-16.91584014892578
Paraguay_205585,Paraguay,train,262144,262144,1.0,0.0,0.0,0.0,0.0,0.0,,-22.974838256835938,8.667435646057129,-10.05256462097168,-35.03858184814453,-0.4810105860233307,-16.353042602539062
Paraguay_212687,Paraguay,train,262144,262144,1.0,0.0,0.0,0.0583953857421875,0.0,0.0583953857421875,0.0,-22.92219352722168,-0.9431818723678589,-9.805877685546875,-40.32464599609375,-8.058342933654785,-17.438331604003906
Paraguay_215904,Paraguay,train,262144,226308,0.8632965087890625,0.0,0.1367034912109375,0.0,0.0,0.0,,-25.813945770263672,1.3455549478530884,-10.262516975402832,-47.58055114746094,-8.770272254943848,-16.92727279663086
Paraguay_224845,Paraguay,train,262144,103920,0.39642333984375,0.5834999084472656,0.60357666015625,0.0,0.0,0.0,,-23.17710304260254,-1.0015215873718262,-8.690464973449707,-35.6918830871582,-9.65478801727295,-17.824968338012695
Paraguay_225187,Paraguay,train,262144,262144,1.0,0.0,0.0,0.000179290771484375,0.0,0.000179290771484375,0.0,-29.21370506286621,-0.0346970371901989,-12.343979835510254,-48.00151824951172,-7.645862102508545,-20.008895874023438
Paraguay_232281,Paraguay,train,262144,261391,0.9971275329589844,0.002872467041015625,0.0,0.11249048360502083,0.0,0.11249048360502083,0.0,-20.764970779418945,-0.2231762856245041,-9.19295597076416,-49.22208023071289,-8.689884185791016,-18.798053741455078
Paraguay_24341,Paraguay,train,262144,262144,1.0,0.0,0.0,0.2607460021972656,0.18288040161132812,0.08189010620117188,0.6859391687270493,-45.840023040771484,2.6553080081939697,-12.013607025146484,-50.02437210083008,-7.350345611572266,-18.716745376586914
Paraguay_246154,Paraguay,train,262144,262144,1.0,0.0,0.0,0.0001373291015625,0.0,0.0001373291015625,0.0,-23.16195297241211,-0.6292224526405334,-10.47986888885498,-31.540002822875977,-7.997079372406006,-16.26223373413086
Paraguay_247656,Paraguay,train,262144,262144,1.0,0.0,0.0,0.08001708984375,0.07144927978515625,0.011997222900390625,0.8500667429443173,-40.09366989135742,4.772086143493652,-10.262990951538086,-47.17520523071289,-5.909398078918457,-16.510608673095703
Paraguay_252217,Paraguay,train,262144,255778,0.9757156372070312,0.0,0.02428436279296875,0.0011728921173830432,0.0,0.0011728921173830432,0.0,-23.751296997070312,-0.6150626540184021,-10.647933959960938,-47.64533615112305,-7.592186450958252,-17.12580108642578
Paraguay_271769,Paraguay,train,262144,262144,1.0,0.0,0.0,0.009967803955078125,0.000274658203125,0.0097198486328125,0.024875621890547265,-32.7183837890625,0.5949988961219788,-12.0706148147583,-47.37569046020508,-7.679908752441406,-19.0186710357666
Paraguay_280900,Paraguay,train,262144,262142,0.9999923706054688,0.0,7.62939453125e-06,0.025119973144326357,0.0010299761198129258,0.024158662099167626,0.03826879271070615,-27.962377548217773,1.762710452079773,-9.838407516479492,-44.13162612915039,-6.021251201629639,-16.308551788330078
Paraguay_284928,Paraguay,train,262144,261368,0.997039794921875,0.002960205078125,0.0,0.0,0.0,0.0,,-22.173856735229492,-0.5365507006645203,-9.045027732849121,-43.59669876098633,-7.505367755889893,-17.614206314086914
Paraguay_305760,Paraguay,train,262144,262144,1.0,0.0,0.0,0.16704940795898438,0.0,0.16704940795898438,0.0,-27.872087478637695,0.6219855546951294,-7.886242389678955,-47.34817886352539,-7.064899921417236,-17.99831771850586
Paraguay_339807,Paraguay,train,262144,214619,0.8187065124511719,0.0,0.18129348754882812,0.27044669856816034,0.16451013190817215,0.10744155922821372,0.6027255655290044,-40.8910026550293,-0.5821983218193054,-11.91301155090332,-51.407508850097656,-7.260214805603027,-18.272415161132812
Paraguay_34417,Paraguay,train,262144,0,0.0,1.0,0.8091659545898438,,,,,,,,,,
Paraguay_36015,Paraguay,train,262144,262139,0.9999809265136719,0.0,1.9073486328125e-05,0.0,0.0,0.0,,-29.947721481323242,-0.843929648399353,-10.868060111999512,-48.096622467041016,-7.015497207641602,-18.519142150878906
Paraguay_36146,Paraguay,train,262144,262144,1.0,0.0,0.0,0.0,0.0,0.0,,-27.123252868652344,7.0610127449035645,-10.678945541381836,-41.34925079345703,-6.608428001403809,-17.265657424926758
Paraguay_403081,Paraguay,train,262144,249836,0.9530487060546875,0.0,0.0469512939453125,0.0048111561184136795,0.0,0.0048111561184136795,0.0,-41.80555725097656,4.885923385620117,-9.847723960876465,-47.005882263183594,-7.240124225616455,-16.22938346862793
Paraguay_40936,Paraguay,train,262144,215331,0.8214225769042969,0.0,0.17857742309570312,0.0,0.0,0.0,,-24.3001651763916,4.2827277183532715,-10.746513366699219,-47.55804443359375,-7.296215534210205,-18.103464126586914
Paraguay_44682,Paraguay,train,262144,262144,1.0,0.0,0.0,0.004993438720703125,0.0,0.004993438720703125,0.0,-22.4393367767334,-0.7144181728363037,-9.361291885375977,-31.817197799682617,-7.157193183898926,-16.13882064819336
Paraguay_470303,Paraguay,train,262144,262144,1.0,0.0,0.0,0.03984832763671875,0.0,0.03984832763671875,0.0,-25.248348236083984,0.772796630859375,-8.986227035522461,-47.16895294189453,-7.497365474700928,-17.348350524902344
Paraguay_482517,Paraguay,train,262144,259600,0.99029541015625,0.0,0.00970458984375,0.182788906009245,0.15596302003081663,0.028193374422187983,0.8457599258197758,-41.92350769042969,-0.6609313488006592,-11.20073127746582,-50.24412155151367,-7.201335906982422,-19.41917610168457
Paraguay_48673,Paraguay,train,262144,262144,1.0,0.0,0.0,0.000507354736328125,0.0,0.000507354736328125,0.0,-26.74226951599121,2.5581746101379395,-10.777015686035156,-46.142356872558594,-7.104846000671387,-17.324748992919922
Paraguay_511199,Paraguay,train,262144,262144,1.0,0.0,0.0,0.044036865234375,0.0,0.044036865234375,0.0,-28.069902420043945,0.19606515765190125,-9.129026412963867,-44.865291595458984,-6.341599464416504,-16.393531799316406
Paraguay_54421,Paraguay,train,262144,262144,1.0,0.0,0.0,0.000152587890625,0.0,0.000152587890625,0.0,-25.660884857177734,9.58089828491211,-10.572254180908203,-47.316768646240234,-2.5297961235046387,-17.055295944213867
Paraguay_581976,Paraguay,train,262144,261748,0.9984893798828125,0.0015106201171875,0.0,0.5676796002261717,0.0,0.5676796002261717,0.0,-35.443885803222656,0.5776785016059875,-9.53234577178955,-52.3105583190918,-7.234420299530029,-20.01534080505371
Paraguay_59731,Paraguay,train,262144,255656,0.975250244140625,0.0,0.024749755859375,0.010834871859060612,0.01088963294426886,0.0037198422880746003,0.6566787003610108,-35.2492561340332,8.574748992919922,-9.2818603515625,-45.55290222167969,0.9544737935066223,-15.539031028747559
Paraguay_605682,Paraguay,train,262144,262144,1.0,0.0,0.0,0.28778076171875,0.0,0.28778076171875,0.0,-40.710487365722656,1.3893386125564575,-10.177484512329102,-51.69742965698242,-7.744848251342773,-20.813400268554688
Paraguay_62897,Paraguay,train,262144,262144,1.0,0.0,0.0,0.15694427490234375,0.0,0.15694427490234375,0.0,-22.912227630615234,-0.20618696510791779,-8.902442932128906,-46.64323806762695,-7.063796043395996,-18.538280487060547
Paraguay_648632,Paraguay,train,262144,262144,1.0,0.0,0.0,0.07016754150390625,0.0,0.07016754150390625,0.0,-33.42554473876953,-1.1004594564437866,-9.538177490234375,-47.29639434814453,-7.987337112426758,-17.467355728149414
Paraguay_651904,Paraguay,train,262144,262144,1.0,0.0,0.0,0.1035919189453125,0.06904220581054688,0.03774261474609375,0.6356606274856386,-48.71731185913086,1.6141389608383179,-9.817434310913086,-51.90385055541992,-7.4690775871276855,-17.37793731689453
Paraguay_657443,Paraguay,train,262144,262144,1.0,0.0,0.0,0.24785614013671875,0.16011428833007812,0.08943557739257812,0.6391633576507526,-43.36085891723633,-0.6828096508979797,-12.324624061584473,-52.20219802856445,-7.644739627838135,-18.352659225463867
Paraguay_683296,Paraguay,train,262144,259578,0.9902114868164062,0.0,0.00978851318359375,0.02854248048756058,0.011892379169267041,0.01665395372489194,0.41652044810365774,-36.65074157714844,-1.3681367635726929,-10.250566482543945,-47.13563537597656,-6.479938983917236,-16.530292510986328
Paraguay_721886,Paraguay,train,262144,261426,0.9972610473632812,0.00273895263671875,0.0,0.041759427141906315,0.0,0.041759427141906315,0.0,-30.128280639648438,-0.34619641304016113,-10.296806335449219,-52.54009246826172,-6.164196491241455,-16.626888275146484
Paraguay_76868,Paraguay,train,262144,262121,0.9999122619628906,0.0,8.7738037109375e-05,0.0674612106622514,0.03837922180977488,0.029150659428279307,0.5678900639031839,-40.795310974121094,5.12713098526001,-10.967192649841309,-55.297977447509766,0.3826184868812561,-17.846132278442383
Paraguay_7894,Paraguay,train,262144,202187,0.7712821960449219,0.0,0.22871780395507812,0.0,0.0,0.0,,-24.6581974029541,14.695966720581055,-9.61956787109375,-36.06769561767578,0.06045638397336006,-16.029415130615234
Paraguay_790830,Paraguay,train,262144,261199,0.9963951110839844,0.0,0.003604888916015625,0.12230904406219013,0.0992576541257815,0.02404679956661396,0.8033931198547595,-46.00796127319336,11.262852668762207,-10.43081283569336,-47.103153228759766,3.1394903659820557,-16.987918853759766
Paraguay_791364,Paraguay,train,262144,261735,0.9984397888183594,0.0,0.001560211181640625,0.0046077139091065394,0.0,0.0046077139091065394,0.0,-20.188814163208008,-1.677152395248413,-9.050165176391602,-29.857864379882812,-7.2708210945129395,-15.63074779510498
Paraguay_792268,Paraguay,train,262144,262120,0.999908447265625,0.0,9.1552734375e-05,0.005135052647642301,0.0024721501602319547,0.0042575919426217,0.17087667161961367,-29.349470138549805,16.183732986450195,-10.531922340393066,-38.02297592163086,0.5475631952285767,-16.895214080810547
Paraguay_795075,Paraguay,train,262144,262138,0.9999771118164062,0.0,2.288818359375e-05,0.01305037804515179,0.0018883183666618345,0.011162059678489955,0.14469453376205788,-33.783241271972656,0.5763022899627686,-9.785152435302734,-47.06117248535156,-6.58402156829834,-16.216514587402344
Paraguay_80102,Paraguay,train,262144,262143,0.9999961853027344,0.0,3.814697265625e-06,8.392365998710627e-05,0.0,8.392365998710627e-05,0.0,-22.282276153564453,1.8668839931488037,-10.008054733276367,-35.624141693115234,-6.607964038848877,-16.184593200683594
Paraguay_822142,Paraguay,train,262144,262144,1.0,0.0,0.0,0.30590057373046875,0.18555450439453125,0.12395095825195312,0.594799850355406,-43.57405471801758,1.0020085573196411,-13.16077995300293,-55.64052200317383,-7.697040557861328,-19.9935359954834
Paraguay_868895,Paraguay,train,262144,175465,0.6693458557128906,0.0,0.3306541442871094,0.08997235915994643,0.01754195993502978,0.07857407460177243,0.1266865142205612,-34.444740295410156,-0.06336236745119095,-9.6119384765625,-50.28068161010742,-7.582499027252197,-16.92945671081543
Paraguay_892933,Paraguay,train,262144,262144,1.0,0.0,0.0,0.10135650634765625,0.0,0.10135650634765625,0.0,-25.808618545532227,1.465036153793335,-9.62137508392334,-50.98354721069336,-7.7856903076171875,-19.17569351196289
Paraguay_896458,Paraguay,train,262144,240678,0.9181137084960938,0.0,0.08188629150390625,0.2048338443895994,0.1410681491453311,0.06508696266380808,0.6822450759650297,-45.80951690673828,1.362470269203186,-11.136381149291992,-50.9678840637207,-6.972995758056641,-18.151752471923828
Paraguay_913449,Paraguay,train,262144,262144,1.0,0.0,0.0,0.021045684814453125,6.866455078125e-05,0.02099609375,0.002356353090447707,-29.645042419433594,-0.03300154581665993,-10.352879524230957,-47.42148208618164,-7.149256706237793,-16.51014518737793
Paraguay_921838,Paraguay,train,262144,262144,1.0,0.0,0.0,0.02803802490234375,0.0,0.02803802490234375,0.0,-31.913394927978516,0.33458957076072693,-10.15742015838623,-55.41850662231445,-6.856717109680176,-19.856422424316406
Paraguay_934240,Paraguay,train,262144,262144,1.0,0.0,0.0,0.07765960693359375,0.0,0.07765960693359375,0.0,-20.519287109375,1.0344613790512085,-7.928229808807373,-40.85911178588867,-8.472871780395508,-17.941062927246094
Paraguay_989230,Paraguay,train,262144,219924,0.8389434814453125,0.0,0.1610565185546875,0.16638020407049708,0.1351512340626762,0.03476655571924847,0.7910415129403405,-41.320552825927734,8.896536827087402,-11.245938301086426,-47.1705436706543,-2.8345515727996826,-18.022567749023438
Paraguay_997480,Paraguay,train,262144,262144,1.0,0.0,0.0,0.07609176635742188,0.0,0.07609176635742188,0.0,-28.94131851196289,0.07666707783937454,-10.137574195861816,-47.27628707885742,-8.074847221374512,-17.082536697387695
Somalia_1068756,Somalia,test,262144,171193,0.6530494689941406,0.003482818603515625,0.3439750671386719,0.037939635382287826,0.0,0.037939635382287826,0.0,-40.83101272583008,-3.8674373626708984,-13.536615371704102,-52.10914993286133,-6.669859886169434,-19.736337661743164
Somalia_1087508,Somalia,test,262144,212943,0.8123130798339844,0.0,0.18768692016601562,0.04705954175530541,0.0,0.04705954175530541,0.0,-34.298316955566406,15.819951057434082,-12.754279136657715,-48.232666015625,4.69561243057251,-20.828622817993164
Somalia_12849,Somalia,test,262144,191302,0.7297592163085938,0.0,0.27024078369140625,0.19441511327639022,0.0,0.19441511327639022,0.0,-42.102745056152344,12.196305274963379,-14.338459968566895,-51.915321350097656,2.898597478866577,-22.91187286376953
Somalia_166342,Somalia,test,262144,220577,0.8414344787597656,0.0,0.15856552124023438,5.4402770914465245e-05,0.0,5.4402770914465245e-05,0.0,-27.52281379699707,-2.813397169113159,-11.857494354248047,-47.418701171875,-7.7296366691589355,-17.73672103881836
Somalia_167787,Somalia,test,262144,220505,0.8411598205566406,0.0,0.15884017944335938,0.0010203850252828734,0.0,0.0010203850252828734,0.0,-34.1387825012207,0.3031092882156372,-14.016475677490234,-50.251766204833984,-6.9548797607421875,-20.91583824157715
Somalia_195014,Somalia,test,262144,233650,0.8913040161132812,0.0,0.10869598388671875,0.0,0.0,0.0,,-24.00997543334961,-3.256425380706787,-11.133272171020508,-37.98169708251953,-8.428604125976562,-16.543302536010742
Somalia_205466,Somalia,test,262144,240083,0.9158439636230469,0.0,0.08415603637695312,0.00038736603591258025,0.0,0.00038736603591258025,0.0,-24.874116897583008,-2.5159056186676025,-11.640176773071289,-38.3635139465332,-9.30813217163086,-17.401321411132812
Somalia_230192,Somalia,test,262144,232522,0.8870010375976562,0.0,0.11299896240234375,0.0002494387627837366,0.0,0.0002494387627837366,0.0,-28.15744400024414,-3.6522374153137207,-13.715394973754883,-47.02149200439453,-7.862863540649414,-19.78095245361328
Somalia_256539,Somalia,test,262144,221259,0.8440361022949219,0.0,0.15596389770507812,0.00010395057376197126,0.0,0.00010395057376197126,0.0,-27.278440475463867,17.74751091003418,-10.942764282226562,-47.54434585571289,7.916557788848877,-18.599132537841797
Somalia_295782,Somalia,test,262144,203048,0.774566650390625,0.0,0.225433349609375,0.0799761632717387,0.0,0.0799761632717387,0.0,-45.61882400512695,5.72369384765625,-12.751636505126953,-49.42341613769531,-6.936770439147949,-19.920162200927734
Somalia_322855,Somalia,test,262144,255044,0.9729156494140625,0.0,0.0270843505859375,0.17540894904408652,0.0,0.17540894904408652,0.0,-37.6495361328125,0.6321398019790649,-10.28493881225586,-47.67980194091797,-6.115029811859131,-16.104473114013672
Somalia_32375,Somalia,test,262144,133568,0.509521484375,0.00296783447265625,0.48846435546875,7.486823191183517e-06,0.0,7.486823191183517e-06,0.0,-28.218412399291992,-2.9141881465911865,-13.535980224609375,-49.30238723754883,-8.522970199584961,-19.82756996154785
Somalia_371421,Somalia,test,262144,230962,0.8810501098632812,0.0,0.11894989013671875,0.15014591144863657,0.0,0.15014591144863657,0.0,-31.98052406311035,-0.07346539944410324,-12.278141021728516,-47.35078048706055,-6.422182083129883,-19.12347984313965
Somalia_60129,Somalia,test,262144,222316,0.8480682373046875,0.0,0.1519317626953125,0.0030452149193040535,0.0,0.0030452149193040535,0.0,-26.310657501220703,0.41956454515457153,-12.117568969726562,-42.04541778564453,-6.296524524688721,-18.125829696655273
Somalia_61368,Somalia,test,262144,212969,0.8124122619628906,0.0,0.18758773803710938,0.0,0.0,0.0,,-28.058788299560547,-1.960696816444397,-11.326723098754883,-47.3519401550293,-7.953036308288574,-16.916156768798828
Somalia_626316,Somalia,test,262144,169085,0.6450080871582031,0.0,0.3549919128417969,0.12849750125676435,0.0,0.12849750125676435,0.0,-47.418209075927734,-3.1478888988494873,-14.064903259277344,-49.93235778808594,-8.918181419372559,-20.294483184814453
Somalia_649376,Somalia,test,262144,213929,0.8160743713378906,0.0,0.18392562866210938,0.024246362110793767,0.0,0.024246362110793767,0.0,-29.154987335205078,-1.43769109249115,-12.172018051147461,-47.57371520996094,-8.315754890441895,-19.234413146972656
Somalia_685158,Somalia,test,262144,184172,0.7025604248046875,0.0,0.2974395751953125,0.13712182090654387,0.0,0.13712182090654387,0.0,-35.76026153564453,-1.449386477470398,-11.716020584106445,-47.327919006347656,-6.06334924697876,-17.495471954345703
Somalia_699062,Somalia,test,262144,203209,0.7751808166503906,0.0,0.22481918334960938,0.016190227795028763,0.0,0.016190227795028763,0.0,-27.778236389160156,-2.316145181655884,-11.336494445800781,-47.36018753051758,-6.046270847320557,-16.71056365966797
Somalia_7931,Somalia,test,262144,201972,0.7704620361328125,0.0,0.2295379638671875,0.0,0.0,0.0,,-21.435157775878906,-2.6892831325531006,-9.779054641723633,-38.78050994873047,-7.208049774169922,-15.407248497009277
Somalia_886726,Somalia,test,262144,262036,0.9995880126953125,0.0,0.0004119873046875,0.31673128883054236,0.0,0.31673128883054236,0.0,-46.3815803527832,-1.170570731163025,-12.999683380126953,-49.57455062866211,-6.683744430541992,-18.255741119384766
Somalia_93023,Somalia,test,262144,187825,0.7164955139160156,0.0,0.2835044860839844,0.0,0.0,0.0,,-28.289472579956055,2.465320587158203,-13.408103942871094,-46.49220275878906,-8.624273300170898,-19.569339752197266
Somalia_94102,Somalia,test,262144,241360,0.92071533203125,0.0,0.07928466796875,0.052593636062313556,0.0,0.052593636062313556,0.0,-41.44264602661133,-0.22686845064163208,-11.20810317993164,-54.26240921020508,-6.295097827911377,-17.18026351928711
Somalia_970508,Somalia,test,262144,217119,0.8282432556152344,0.0,0.17175674438476562,0.17553507523523967,0.0,0.17553507523523967,0.0,-43.763797760009766,17.324668884277344,-13.109237670898438,-51.28024673461914,6.813714981079102,-19.61737060546875
Somalia_989553,Somalia,test,262144,110303,0.4207725524902344,0.0,0.5792274475097656,0.02091511563602078,0.0,0.02091511563602078,0.0,-42.91502380371094,4.688422203063965,-12.584961891174316,-48.63090515136719,-3.44748854637146,-19.54037094116211
Somalia_992457,Somalia,test,262144,181140,0.6909942626953125,0.0,0.3090057373046875,0.04334768687203268,0.0,0.04334768687203268,0.0,-36.51329803466797,5.262760162353516,-11.746231079101562,-48.56592559814453,-5.436066627502441,-19.34246063232422
Spain_1167260,Spain,validation,262144,262119,0.9999046325683594,0.0,9.5367431640625e-05,0.1622125828345141,0.0,0.1622125828345141,0.0,-46.37406539916992,29.926393508911133,-11.289141654968262,-48.39236831665039,8.728548049926758,-18.839160919189453
Spain_1199913,Spain,validation,262144,262143,0.9999961853027344,0.0,3.814697265625e-06,0.03849044223954101,0.014007621794211556,0.02506265664160401,0.34886025768087214,-46.11629867553711,12.913407325744629,-10.750680923461914,-53.55232620239258,3.6642003059387207,-18.08477020263672
Spain_2472849,Spain,validation,262144,261759,0.9985313415527344,0.0,0.001468658447265625,7.640615986460829e-05,0.0,7.640615986460829e-05,0.0,-25.402368545532227,18.294143676757812,-9.150306701660156,-43.28633117675781,6.577904224395752,-16.831298828125
Spain_2523247,Spain,validation,262144,262039,0.9995994567871094,0.0,0.000400543212890625,0.009269612538591585,3.43460324608169e-05,0.009235266506130766,0.0037052284890901604,-39.05948257446289,27.659074783325195,-9.99553108215332,-47.006988525390625,16.763376235961914,-17.571022033691406
Spain_2594119,Spain,validation,262144,262009,0.9994850158691406,0.0,0.000514984130859375,0.010980538836452183,0.003331946612520944,0.007957741909629059,0.27528675703858185,-35.925987243652344,13.860987663269043,-10.372282981872559,-47.61344909667969,7.021809101104736,-17.36812973022461
Spain_2938657,Spain,validation,262144,262074,0.9997329711914062,0.0,0.00026702880859375,0.037287178430519624,0.017102039881865427,0.02033776719552493,0.45456406058125254,-39.221622467041016,17.0135440826416,-10.202540397644043,-49.75697708129883,10.227700233459473,-16.913610458374023
Spain_3285448,Spain,validation,262144,262136,0.999969482421875,0.0,3.0517578125e-05,0.2151135288552507,0.19943464461195715,0.015892513809625537,0.9261203426200145,-46.68904495239258,17.27616310119629,-12.561073303222656,-47.099266052246094,8.267282485961914,-19.894973754882812
Spain_337094,Spain,validation,262144,262056,0.999664306640625,0.0,0.000335693359375,0.09950163323869707,0.0008585951094422567,0.09870790975974601,0.007976989453499521,-36.67293167114258,22.76370620727539,-10.276494979858398,-49.895835876464844,8.525270462036133,-17.528427124023438
Spain_4282030,Spain,validation,262144,262123,0.9999198913574219,0.0,8.0108642578125e-05,0.374370047649386,0.05539002681947025,0.32087607726143835,0.14289062579612966,-44.79744338989258,16.605451583862305,-13.661771774291992,-58.431278228759766,4.2994890213012695,-21.935394287109375
Spain_4915752,Spain,validation,262144,262128,0.99993896484375,0.0,6.103515625e-05,0.0292376243667216,0.017811908685832874,0.011914026735030215,0.5925104384133612,-39.45210266113281,14.218104362487793,-10.86152458190918,-47.06450271606445,2.705688238143921,-18.11032485961914
Spain_5650136,Spain,validation,262144,171596,0.6545867919921875,0.0,0.3454132080078125,0.6072810555024593,0.5344763281195366,0.09366768456141168,0.8457589221453453,-47.103511810302734,11.904999732971191,-15.67903995513916,-57.42806625366211,7.80930233001709,-23.146888732910156
Spain_5678382,Spain,validation,262144,262117,0.9998970031738281,0.0,0.000102996826171875,0.013619872041874431,0.0,0.013619872041874431,0.0,-45.400875091552734,21.95953941345215,-9.540376663208008,-49.99983215332031,15.287854194641113,-16.73731231689453
Spain_5816638,Spain,validation,262144,262052,0.9996490478515625,0.0,0.0003509521484375,0.0014462778379863539,0.0,0.0014462778379863539,0.0,-24.3780460357666,19.185457229614258,-9.87308120727539,-39.46833419799805,14.670994758605957,-16.858423233032227
Spain_5923267,Spain,validation,262144,218743,0.8344383239746094,0.0,0.16556167602539062,0.9221460801031347,0.8978801607365722,0.02954608833196948,0.9679594275034331,-53.18175506591797,11.767354011535645,-22.965011596679688,-55.9581413269043,-4.99265718460083,-31.990375518798828
Spain_6095801,Spain,validation,262144,262062,0.9996871948242188,0.0,0.00031280517578125,0.08675809541253597,0.0,0.08675809541253597,0.0,-32.04591369628906,26.06484603881836,-10.202201843261719,-48.251304626464844,15.660923957824707,-17.18719482421875
Spain_6199994,Spain,validation,262144,261902,0.9990768432617188,0.0,0.00092315673828125,0.0029896678910432146,0.0,0.0029896678910432146,0.0,-26.46768569946289,23.647417068481445,-10.09765911102295,-38.52141571044922,13.490933418273926,-16.843013763427734
Spain_6537196,Spain,validation,262144,262106,0.9998550415039062,0.0,0.00014495849609375,0.011621252470374582,0.000618070551608891,0.011022258170358557,0.051543007222587,-37.18797302246094,16.63773536682129,-10.218334197998047,-50.92074203491211,12.22587776184082,-17.433074951171875
Spain_6860600,Spain,validation,262144,261969,0.9993324279785156,0.0,0.000667572021484375,0.0009390424057808366,0.0,0.0009390424057808366,0.0,-26.99415397644043,25.60030746459961,-10.017607688903809,-35.80205154418945,7.2440643310546875,-17.04454803466797
Spain_716716,Spain,validation,262144,262067,0.9997062683105469,0.0,0.000293731689453125,0.010089023036093823,0.0018659350471444324,0.008291772714611149,0.17813918305597579,-32.580833435058594,9.110443115234375,-10.76785945892334,-47.08732604980469,2.582338333129883,-17.61324119567871
Spain_7370579,Spain,validation,262144,262045,0.9996223449707031,0.0,0.000377655029296875,0.26726325631093895,0.0,0.26726325631093895,0.0,-39.241085052490234,25.647573471069336,-11.362844467163086,-47.060482025146484,4.432816028594971,-19.10896873474121
Spain_7387658,Spain,validation,262144,262057,0.9996681213378906,0.0,0.000331878662109375,0.5838653422728644,0.06848510056972339,0.5159907958955494,0.11625034312379906,-46.73637771606445,21.006298065185547,-14.506246566772461,-50.89105224609375,16.239166259765625,-23.209999084472656
Spain_7558720,Spain,validation,262144,261984,0.9993896484375,0.0,0.0006103515625,0.008156986686209846,0.0,0.008156986686209846,0.0,-34.681514739990234,23.036691665649414,-9.745214462280273,-48.55954360961914,6.697352886199951,-16.45052146911621
Spain_7604243,Spain,validation,262144,262080,0.999755859375,0.0,0.000244140625,0.07981913919413919,0.0724702380952381,0.007535866910866911,0.9055882212342846,-45.68764114379883,19.30228042602539,-10.332436561584473,-48.551292419433594,6.492935657501221,-17.397558212280273
Spain_7786924,Spain,validation,262144,262111,0.9998741149902344,0.0,0.000125885009765625,0.014375588968032628,0.0004463757720965545,0.014028407811957529,0.024150743099787687,-31.180259704589844,17.702171325683594,-9.785388946533203,-47.052982330322266,2.2994141578674316,-16.82036018371582
Spain_7856615,Spain,validation,262144,261930,0.9991836547851562,0.0,0.00081634521484375,0.036792272744626424,0.0,0.036792272744626424,0.0,-38.39353942871094,29.42822265625,-10.605304718017578,-47.01869201660156,12.626842498779297,-17.71625328063965
Spain_8104659,Spain,validation,262144,262128,0.99993896484375,0.0,6.103515625e-05,0.01329121650491363,0.0,0.01329121650491363,0.0,-40.64519500732422,13.869498252868652,-9.573293685913086,-47.007049560546875,4.189901351928711,-16.43637466430664
Spain_8154154,Spain,validation,262144,262118,0.9999008178710938,0.0,9.918212890625e-05,0.017480676641817808,0.0002060140852593107,0.017377669599188152,0.005892623308598865,-44.39204406738281,20.01021385192871,-10.0825834274292,-49.999229431152344,6.054754257202148,-16.765243530273438
Spain_8199661,Spain,validation,262144,262036,0.9995880126953125,0.0,0.0004119873046875,0.03122471721442855,0.0007899677906852494,0.03057976766551161,0.020655096553409923,-44.942691802978516,15.337540626525879,-10.462828636169434,-47.06793212890625,4.902751445770264,-17.152725219726562
Spain_8372658,Spain,validation,262144,262029,0.9995613098144531,0.0,0.000438690185546875,0.35531944937392423,0.0,0.35531944937392423,0.0,-46.83738708496094,36.83202362060547,-12.601255416870117,-51.96451187133789,10.9528169631958,-20.90958595275879
Spain_8565131,Spain,validation,262144,262084,0.9997711181640625,0.0,0.0002288818359375,0.1997680133087102,0.0038003082981028983,0.19623861052181743,0.017667507067002826,-52.048709869384766,16.280344009399414,-12.922077178955078,-51.55350875854492,-2.2653586864471436,-20.19503402709961
Sri-Lanka_101973,Sri-Lanka,validation,262144,262143,0.9999961853027344,0.0,3.814697265625e-06,0.011283917556448197,0.0009269749716757647,0.010398904414765986,0.0784313725490196,-25.355199813842773,14.373910903930664,-10.451571464538574,-43.616825103759766,0.4887712001800537,-17.367477416992188
Sri-Lanka_1038087,Sri-Lanka,validation,262144,262143,0.9999961853027344,0.0,3.814697265625e-06,0.06909206044029403,0.00933841452947437,0.05990623438352349,0.1329505300353357,-27.18939781188965,17.424293518066406,-9.916239738464355,-46.61417770385742,-1.1892552375793457,-16.72374153137207
Sri-Lanka_1049830,Sri-Lanka,validation,262144,190233,0.7256813049316406,0.0,0.2743186950683594,0.01354654555203356,0.029647852896185205,0.012973563997834234,0.042297244858362434,-26.861867904663086,15.394603729248047,-8.85062026977539,-47.64445114135742,3.9928717613220215,-15.037222862243652
Sri-Lanka_117737,Sri-Lanka,validation,262144,262144,1.0,0.0,0.0,0.025676727294921875,0.00171661376953125,0.02414703369140625,0.059575100282276035,-26.055835723876953,14.858243942260742,-9.343610763549805,-45.91227340698242,9.66456413269043,-16.34693145751953
Sri-Lanka_120804,Sri-Lanka,validation,262144,262144,1.0,0.0,0.0,0.02654266357421875,0.003570556640625,0.02388763427734375,0.10002874389192297,-28.79827880859375,15.527957916259766,-9.87774658203125,-46.91796875,4.737132549285889,-17.513004302978516
Sri-Lanka_132922,Sri-Lanka,validation,262144,262144,1.0,0.0,0.0,0.06806564331054688,0.00061798095703125,0.067474365234375,0.008686880008967102,-24.036142349243164,14.207763671875,-9.808929443359375,-43.85365676879883,0.8314272165298462,-17.18161964416504
Sri-Lanka_135713,Sri-Lanka,validation,262144,134330,0.5124282836914062,0.0,0.48757171630859375,0.0,7.444353457902181e-06,0.0,,-24.377336502075195,15.224024772644043,-7.237553596496582,-30.342195510864258,0.5328845381736755,-13.399347305297852
Sri-Lanka_14484,Sri-Lanka,validation,262144,232015,0.8850669860839844,0.0,0.11493301391601562,0.16751503135573131,0.0006594401224058789,0.16720039652608668,0.0018782483404518088,-29.421722412109375,15.913252830505371,-8.43494987487793,-47.78068161010742,5.807165622711182,-14.97755241394043
Sri-Lanka_152185,Sri-Lanka,validation,262144,262144,1.0,0.0,0.0,0.00838470458984375,0.0,0.00838470458984375,0.0,-29.145709991455078,8.731497764587402,-9.231280326843262,-38.913291931152344,-1.1659795045852661,-15.44180679321289
Sri-Lanka_163406,Sri-Lanka,validation,262144,262144,1.0,0.0,0.0,0.01934051513671875,0.004978179931640625,0.014362335205078125,0.257396449704142,-26.419448852539062,6.157220840454102,-10.040952682495117,-44.49424362182617,8.391927719116211,-15.992475509643555
Sri-Lanka_178753,Sri-Lanka,validation,262144,253873,0.9684486389160156,0.0,0.031551361083984375,0.0025406403989396273,0.0,0.0025406403989396273,0.0,-21.824214935302734,18.019018173217773,-7.311301231384277,-28.6519775390625,6.083716869354248,-13.297550201416016
Sri-Lanka_233609,Sri-Lanka,validation,262144,257120,0.9808349609375,0.0,0.0191650390625,0.026746266334785315,0.008949128811449906,0.01840385812072184,0.31190926275992437,-27.897174835205078,12.672064781188965,-10.1968355178833,-47.03927993774414,-1.4599062204360962,-17.024343490600586
Sri-Lanka_236030,Sri-Lanka,validation,262144,206088,0.786163330078125,0.0,0.213836669921875,0.008311983230464656,0.0017468265983463375,0.006696168626994294,0.19439579684763572,-28.27484703063965,19.46799087524414,-7.42858362197876,-46.02082061767578,0.05433348938822746,-14.000558853149414
Sri-Lanka_236628,Sri-Lanka,validation,262144,262142,0.9999923706054688,0.0,7.62939453125e-06,0.011753171944976387,0.004634892539158166,0.007488307863676939,0.3628691983122363,-27.302961349487305,10.694802284240723,-8.335322380065918,-43.42295455932617,-2.478182554244995,-14.357362747192383
Sri-Lanka_249079,Sri-Lanka,validation,262144,164775,0.6285667419433594,0.0,0.3714332580566406,6.675769989379457e-05,0.0,6.675769989379457e-05,0.0,-24.994447708129883,13.947107315063477,-7.787206649780273,-34.59684371948242,1.5237542390823364,-13.959019660949707
Sri-Lanka_31559,Sri-Lanka,validation,262144,218795,0.8346366882324219,0.0,0.16536331176757812,0.0021207065974999427,0.0,0.0021207065974999427,0.0,-21.494033813476562,20.588050842285156,-7.141497611999512,-29.271636962890625,1.4558290243148804,-13.558798789978027
Sri-Lanka_321316,Sri-Lanka,validation,262144,262133,0.9999580383300781,0.0,4.1961669921875e-05,0.36967875086311147,0.32958078532653273,0.04406541717372479,0.8808007842732574,-27.07120132446289,8.301881790161133,-12.114831924438477,-53.36668395996094,-5.581446170806885,-21.097293853759766
Sri-Lanka_377277,Sri-Lanka,validation,262144,259388,0.9894866943359375,0.0,0.0105133056640625,0.033166530448594383,0.01852822798279026,0.017256002590713526,0.47971637800767175,-31.330854415893555,9.962108612060547,-8.226472854614258,-41.78691101074219,3.4980621337890625,-14.897322654724121
Sri-Lanka_400518,Sri-Lanka,validation,262144,262144,1.0,0.0,0.0,0.0090789794921875,0.002368927001953125,0.006855010986328125,0.2449579831932773,-26.569377899169922,12.77652359008789,-8.02991771697998,-34.089195251464844,5.551016807556152,-13.903999328613281
Sri-Lanka_450918,Sri-Lanka,validation,262144,99126,0.37813568115234375,0.5299110412597656,0.6218643188476562,0.04314710570385166,0.0,0.04314710570385166,0.0,-26.640073776245117,18.960004806518555,-7.719968795776367,-32.36655044555664,0.07190188020467758,-14.084833145141602
Sri-Lanka_49764,Sri-Lanka,validation,262144,243327,0.9282188415527344,0.0,0.07178115844726562,0.010216704270385119,0.0,0.010216704270385119,0.0,-23.444576263427734,19.249671936035156,-7.511283874511719,-29.323911666870117,2.63314151763916,-13.948614120483398
Sri-Lanka_52223,Sri-Lanka,validation,262144,262144,1.0,0.0,0.0,0.0,0.0,0.0,,-22.179645538330078,-1.2316269874572754,-9.49088191986084,-32.599769592285156,-6.796510219573975,-15.318553924560547
Sri-Lanka_523539,Sri-Lanka,validation,262144,218481,0.8334388732910156,0.0,0.16656112670898438,0.11291142021503014,0.016710835267139935,0.10009566049221671,0.11350277676436013,-27.299293518066406,12.092830657958984,-8.963136672973633,-46.42946243286133,11.177824974060059,-15.657718658447266
Sri-Lanka_534068,Sri-Lanka,validation,262144,262144,1.0,0.0,0.0,0.9813995361328125,0.9774093627929688,0.00447845458984375,0.9954366652673476,-24.43688201904297,-2.7134804725646973,-11.215154647827148,-48.25899124145508,-2.542667865753174,-26.38091278076172
Sri-Lanka_551926,Sri-Lanka,validation,262144,262144,1.0,0.0,0.0,0.07476806640625,0.01792144775390625,0.05721282958984375,0.23479591836734695,-28.637189865112305,3.708425521850586,-11.189983367919922,-48.16065979003906,-2.5494561195373535,-18.046754837036133
Sri-Lanka_55568,Sri-Lanka,validation,262144,212858,0.8119888305664062,0.0,0.18801116943359375,0.0717285702205226,0.05251388249443291,0.020107301581335914,0.7196751375425727,-24.681978225708008,5.802995204925537,-8.652586936950684,-47.683929443359375,2.113391876220703,-14.757686614990234
Sri-Lanka_579082,Sri-Lanka,validation,262144,208263,0.7944602966308594,0.0,0.20553970336914062,0.06946024978032583,0.0011235793203785598,0.06837988504919261,0.015553712152633762,-27.9280948638916,17.504989624023438,-8.521783828735352,-43.024017333984375,4.493461608886719,-14.913578987121582
Sri-Lanka_612594,Sri-Lanka,validation,262144,262144,1.0,0.0,0.0,0.16450881958007812,0.1499176025390625,0.01644134521484375,0.9000579710144928,-31.807035446166992,6.741239547729492,-12.40457534790039,-48.01637649536133,-5.447816848754883,-18.86709213256836
Sri-Lanka_63307,Sri-Lanka,validation,262144,262144,1.0,0.0,0.0,0.026721954345703125,0.0,0.026721954345703125,0.0,-27.050783157348633,12.591419219970703,-12.439509391784668,-41.49602508544922,2.1120424270629883,-18.808246612548828
Sri-Lanka_649970,Sri-Lanka,validation,262144,260855,0.9950828552246094,0.0,0.004917144775390625,0.06648521209100841,0.0067623775660807725,0.06239098349657856,0.061581041342328315,-27.096277236938477,9.623023986816406,-8.600245475769043,-41.46038055419922,-0.688543438911438,-15.438783645629883
Sri-Lanka_653336,Sri-Lanka,validation,262144,262141,0.9999885559082031,0.0,1.1444091796875e-05,0.06859667125707157,0.07326591414544081,0.03644603476754876,0.4686909131353576,-27.847030639648438,9.998974800109863,-10.644344329833984,-48.304107666015625,-3.7108592987060547,-17.38467788696289
Sri-Lanka_713926,Sri-Lanka,validation,262144,262104,0.999847412109375,0.0,0.000152587890625,0.30715288587736167,0.30163980709947197,0.009900650123615054,0.9677663776612924,-48.353824615478516,14.202475547790527,-13.82027816772461,-54.378440856933594,7.582413673400879,-20.25274658203125
Sri-Lanka_748447,Sri-Lanka,validation,262144,249187,0.9505729675292969,0.0,0.049427032470703125,0.004891908486397765,0.00018058726980139413,0.004891908486397765,0.0,-27.32801055908203,17.777101516723633,-7.885008811950684,-33.97774124145508,1.107011318206787,-14.1114501953125
Sri-Lanka_845821,Sri-Lanka,validation,262144,240758,0.9184188842773438,0.0,0.08158111572265625,0.9741981574859402,0.9718555562016631,0.003297917410844084,0.9966147365548762,-25.924121856689453,-3.1049604415893555,-12.225729942321777,-48.25225830078125,-7.851001262664795,-26.374462127685547
Sri-Lanka_847275,Sri-Lanka,validation,262144,231361,0.8825721740722656,0.0,0.11742782592773438,0.218118006059794,0.13140071144229148,0.08856289521570186,0.5939679771718452,-26.21584129333496,11.876367568969727,-9.533324241638184,-48.02230453491211,1.095085620880127,-16.400938034057617
Sri-Lanka_849649,Sri-Lanka,validation,262144,218207,0.8323936462402344,0.0,0.16760635375976562,0.008670665927307556,0.004289504919640525,0.004472817095693539,0.48414376321353064,-24.405481338500977,9.232563018798828,-8.070764541625977,-38.39328384399414,-1.4821770191192627,-13.786133766174316
Sri-Lanka_85652,Sri-Lanka,validation,262144,197368,0.752899169921875,0.0,0.247100830078125,0.009834420980098091,0.0,0.009834420980098091,0.0,-21.584325790405273,21.329185485839844,-7.222631454467773,-36.237266540527344,7.401996612548828,-13.882854461669922
Sri-Lanka_883641,Sri-Lanka,validation,262144,262144,1.0,0.0,0.0,0.0514984130859375,0.00034332275390625,0.05115509033203125,0.006666666666666667,-27.394670486450195,10.38095760345459,-9.601452827453613,-48.084075927734375,-2.9879825115203857,-16.011241912841797
Sri-Lanka_916628,Sri-Lanka,validation,262144,259961,0.9916725158691406,0.0,0.008327484130859375,0.31360088628678917,0.14666815406926423,0.16804059070399022,0.4641577940238457,-29.593320846557617,21.582841873168945,-8.82887077331543,-47.755226135253906,5.504329204559326,-16.521699905395508
Sri-Lanka_922192,Sri-Lanka,validation,262144,239783,0.9146995544433594,0.0,0.08530044555664062,0.00429555056029827,0.0019350829708528127,0.003953574690449282,0.07961165048543689,-23.19249153137207,16.80155372619629,-8.487630844116211,-39.92021179199219,9.158103942871094,-14.77361011505127
Sri-Lanka_92824,Sri-Lanka,validation,262144,246506,0.9403457641601562,0.0,0.05965423583984375,0.22470041297169238,0.01272991326783121,0.21207597380996812,0.05618342661130168,-26.35708999633789,11.365900039672852,-8.465989112854004,-47.80146408081055,4.803298473358154,-15.473287582397461
Sri-Lanka_956740,Sri-Lanka,validation,262144,202069,0.7708320617675781,0.0,0.22916793823242188,0.03918463495142748,0.04116910560254171,0.0033354943113490937,0.9148774943167467,-33.434104919433594,9.075401306152344,-8.32131290435791,-46.06577682495117,-0.576727032661438,-14.31579303741455
USA_1010394,USA,train,262144,262131,0.9999504089355469,0.0,4.9591064453125e-05,0.005649846832309036,0.00024033784634400356,0.005409508985965033,0.042538825118163405,-30.426332473754883,11.55487060546875,-11.49618911743164,-41.171268463134766,0.936217188835144,-17.84387969970703
USA_1039203,USA,train,262144,262112,0.9998779296875,0.0,0.0001220703125,0.006146227566841656,0.0005379379807105359,0.005642626052984983,0.08193668528864059,-29.800827026367188,6.570636749267578,-11.230396270751953,-47.22119903564453,-4.09051513671875,-17.379310607910156
USA_1049586,USA,train,262144,262061,0.9996833801269531,0.0,0.000316619873046875,0.008097351380022209,0.0033656286131854797,0.004830936308722015,0.40339302544769085,-27.31111717224121,22.10909652709961,-10.545977592468262,-47.1006965637207,7.10017728805542,-16.35159683227539
USA_1068362,USA,train,262144,262124,0.9999237060546875,0.0,7.62939453125e-05,0.11895896598556409,0.0018884192214371823,0.1173795608185439,0.013276890513757937,-41.9606819152832,9.71751880645752,-12.032522201538086,-50.407806396484375,-0.37801116704940796,-18.06412124633789
USA_1082482,USA,train,262144,262130,0.9999465942382812,0.0,5.340576171875e-05,0.008415671613321634,0.001796818372563232,0.006649372448784954,0.2098821396192203,-28.130992889404297,10.761445045471191,-10.181550025939941,-47.223793029785156,-4.886499404907227,-16.239538192749023
USA_11422,USA,train,262144,262142,0.9999923706054688,0.0,7.62939453125e-06,0.13740644383578365,0.08183732480869148,0.056690648579777375,0.5874236535258189,-34.795082092285156,11.11606502532959,-11.783906936645508,-52.89332580566406,-1.538562536239624,-18.764678955078125
USA_114964,USA,train,262144,262125,0.9999275207519531,0.0,7.2479248046875e-05,0.0013505007153075822,3.433476394849785e-05,0.0013161659513590844,0.025423728813559324,-29.64801597595215,10.563253402709961,-10.464570999145508,-34.348670959472656,-6.72361946105957,-16.893543243408203
USA_115033,USA,train,262144,262109,0.9998664855957031,0.0,0.000133514404296875,0.009000072488926363,0.0001716842992800705,0.00887417066945431,0.013988978380669776,-27.353260040283203,8.28525447845459,-10.960016250610352,-47.190513610839844,1.155466914176941,-16.672597885131836
USA_170264,USA,train,262144,261982,0.9993820190429688,0.0,0.00061798095703125,0.16617553877747326,0.0015115542289164904,0.16487010557977266,0.007855748248535662,-44.576473236083984,16.563373565673828,-11.491462707519531,-53.111698150634766,4.301804542541504,-18.834335327148438
USA_179917,USA,train,262144,262094,0.9998092651367188,0.0,0.00019073486328125,0.0019496821750974841,0.0005494212000274711,0.001400260975070013,0.28180039138943247,-28.366886138916016,16.228240966796875,-9.944021224975586,-47.008506774902344,11.163671493530273,-16.62009048461914
USA_181263,USA,train,262144,207499,0.7915458679199219,0.20844268798828125,0.20589065551757812,0.005132554855686052,0.0,0.005132554855686052,0.0,-32.07051086425781,7.937187671661377,-11.855584144592285,-50.786922454833984,-5.9220075607299805,-18.112398147583008
USA_181503,USA,train,262144,262115,0.9998893737792969,0.0,0.000110626220703125,0.004555252465520859,0.00027468859088567994,0.00428056387463518,0.06030150753768844,-33.70520782470703,5.886042594909668,-11.886428833007812,-49.979183197021484,1.0785812139511108,-17.76885223388672
USA_19225,USA,train,262144,262122,0.9999160766601562,0.0,8.392333984375e-05,0.005306689251569879,0.0005608075628905624,0.004745881688679317,0.10567936736161035,-34.987152099609375,11.674089431762695,-11.14529037475586,-48.77617645263672,-6.0781331062316895,-17.16783905029297
USA_198411,USA,train,262144,84222,0.32128143310546875,0.6656379699707031,0.6787185668945312,0.10373774073282516,0.062192776234238085,0.04191303934838878,0.5959711571477624,-39.54983901977539,3.5954627990722656,-11.920117378234863,-47.395904541015625,-4.863161563873291,-17.84178924560547
USA_211406,USA,train,262144,262101,0.9998359680175781,0.0,0.000164031982421875,0.004311315103719559,0.0008927856055490059,0.00344523675987501,0.20088495575221238,-31.350284576416016,13.479044914245605,-10.643667221069336,-47.193580627441406,-3.46333646774292,-17.030235290527344
USA_217598,USA,train,262144,257297,0.9815101623535156,0.018444061279296875,0.017253875732421875,0.17587068640520487,0.000594643544230986,0.17536543372056418,0.002872864688073192,-45.437744140625,11.599827766418457,-12.42717456817627,-51.876792907714844,-6.4312920570373535,-18.451601028442383
USA_224165,USA,train,262144,262126,0.9999313354492188,0.0,6.866455078125e-05,0.0006142084341118393,0.0,0.0006142084341118393,0.0,-24.883697509765625,13.18204402923584,-9.753890991210938,-42.9261589050293,2.204540967941284,-17.107582092285156
USA_225017,USA,train,262144,262138,0.9999771118164062,0.0,2.288818359375e-05,0.06401208523754663,0.02609312652114535,0.038227956267309585,0.4028009535160906,-37.827606201171875,11.981566429138184,-11.01369857788086,-47.796356201171875,1.1546010971069336,-17.12833595275879
USA_231124,USA,train,262144,129409,0.4936561584472656,0.490997314453125,0.5063438415527344,0.029665633765812268,0.0,0.029665633765812268,0.0,-29.948543548583984,11.478311538696289,-10.70455551147461,-43.204471588134766,-4.128901958465576,-16.564367294311523
USA_232060,USA,train,262144,262127,0.9999351501464844,0.0,6.4849853515625e-05,0.006535000209821957,0.0010414798933341472,0.005581264043765045,0.14594279042615294,-30.373546600341797,7.98885440826416,-11.383008003234863,-46.97390365600586,-4.673516750335693,-17.735015869140625
USA_251323,USA,train,262144,261038,0.9957809448242188,0.00197601318359375,0.00421905517578125,0.002662447612991212,0.00020686643323960497,0.002562845256246217,0.03741007194244604,-25.249662399291992,11.965231895446777,-10.20063591003418,-46.28901290893555,-4.808569431304932,-17.06050682067871
USA_260929,USA,train,262144,262134,0.9999618530273438,0.0,3.814697265625e-05,0.019150510807449624,0.00010300075533887249,0.019070399108852724,0.0041832669322709164,-26.368194580078125,1.377384901046753,-10.23581314086914,-39.70213317871094,-6.530673027038574,-16.709701538085938
USA_275372,USA,train,262144,262138,0.9999771118164062,0.0,2.288818359375e-05,0.010383843624350533,0.0011329910199971008,0.009266111742669891,0.10764144011756062,-35.28883361816406,15.992267608642578,-11.057538986206055,-47.34318161010742,12.55744743347168,-16.881690979003906
USA_308150,USA,train,262144,262027,0.9995536804199219,0.0,0.000446319580078125,0.011094276544020273,0.0032286749075476954,0.008098402073068806,0.2700378396972824,-41.2886848449707,7.171456336975098,-11.529363632202148,-47.856502532958984,-5.945343017578125,-17.24391746520996
USA_347609,USA,train,262144,204416,0.77978515625,0.20086669921875,0.22021484375,0.008032639323731997,0.0007337977457733249,0.007509196931747026,0.06516443361753958,-30.9315128326416,7.934258937835693,-11.086236000061035,-47.27271270751953,-2.308687925338745,-16.588058471679688
USA_348639,USA,train,262144,262118,0.9999008178710938,0.0,9.918212890625e-05,0.10359456428020968,0.03819272236168443,0.06544762282636064,0.3682330411725713,-33.35209655761719,15.212315559387207,-11.733699798583984,-50.59444046020508,1.5232584476470947,-18.353382110595703
USA_350244,USA,train,262144,262120,0.999908447265625,0.0,9.1552734375e-05,0.004902334808484663,0.0003433541889211048,0.004646726690065619,0.052140077821011675,-31.819015502929688,18.222135543823242,-10.763008117675781,-44.848854064941406,11.201139450073242,-16.981365203857422
USA_354981,USA,train,262144,262011,0.9994926452636719,0.0,0.000507354736328125,0.006579876417402323,0.0009274419776268935,0.005705867310914427,0.132830626450116,-29.653949737548828,12.266790390014648,-11.332365036010742,-45.809486389160156,-3.3576161861419678,-17.08617401123047
USA_366607,USA,train,262144,262139,0.9999809265136719,0.0,1.9073486328125e-05,0.1881635315614998,0.16030045128729414,0.028568812729124624,0.8481702990369995,-47.29182434082031,13.540224075317383,-12.506627082824707,-50.90673065185547,0.24133433401584625,-19.086856842041016
USA_375183,USA,train,262144,262065,0.9996986389160156,0.0,0.000301361083984375,0.024871692137446815,0.001579760746379715,0.023299563085494055,0.06320957348880024,-41.37241744995117,9.855027198791504,-11.359489440917969,-49.99143600463867,-2.0513291358947754,-17.252033233642578
USA_387945,USA,train,262144,262139,0.9999809265136719,0.0,1.9073486328125e-05,0.0513201011677011,0.0,0.0513201011677011,0.0,-31.298870086669922,1.124733567237854,-10.594776153564453,-47.575164794921875,-6.866023063659668,-17.336458206176758
USA_430764,USA,train,262144,262137,0.9999732971191406,0.0,2.6702880859375e-05,0.05889668379511477,0.0,0.05889668379511477,0.0,-29.502323150634766,10.307272911071777,-10.830131530761719,-47.09009552001953,-1.682410478591919,-17.957727432250977
USA_438959,USA,train,262144,253900,0.9685516357421875,0.0313568115234375,0.009265899658203125,0.02482473414730209,0.002339503741630563,0.02262701851122489,0.08852927177534507,-49.9672966003418,8.999667167663574,-12.261298179626465,-60.048831939697266,1.578107476234436,-17.689678192138672
USA_486103,USA,train,262144,262060,0.9996795654296875,0.0,0.0003204345703125,0.027634892772647485,0.0021865221704953064,0.025528504922536825,0.07622203811101906,-44.243526458740234,18.471363067626953,-11.710319519042969,-55.710418701171875,9.405572891235352,-17.47216033935547
USA_504150,USA,train,262144,262126,0.9999313354492188,0.0,6.866455078125e-05,0.012444396969396396,0.00463517544997444,0.00793893013283688,0.362047823421214,-31.025779724121094,24.190916061401367,-10.62116813659668,-47.01963424682617,14.478318214416504,-17.49094009399414
USA_519181,USA,train,262144,262127,0.9999351501464844,0.0,6.4849853515625e-05,0.008209760917417893,0.0019112872767780504,0.0064815909845227695,0.21050185873605948,-32.79340744018555,16.705520629882812,-10.72990894317627,-49.998878479003906,10.82824420928955,-17.031660079956055
USA_527077,USA,train,262144,262127,0.9999351501464844,0.0,6.4849853515625e-05,0.006279398917318704,0.0010185902253487813,0.00526462363663415,0.16160388821385177,-30.9516544342041,9.421891212463379,-11.706366539001465,-49.599822998046875,-2.426790714263916,-18.04767417907715
USA_58086,USA,train,262144,262112,0.9998779296875,0.0,0.0001220703125,0.06063820046392382,0.0013047857404468318,0.059371566353314614,0.020888385554297218,-40.02201843261719,13.172749519348145,-12.629587173461914,-54.73534393310547,-2.0345585346221924,-18.722532272338867
USA_595451,USA,train,262144,262136,0.999969482421875,0.0,3.0517578125e-05,0.07832193975646229,0.00044633320108645894,0.07788323618274484,0.005601285860406215,-47.374732971191406,4.013206481933594,-11.958527565002441,-54.85744094848633,-5.739983081817627,-18.35276985168457
USA_604222,USA,train,262144,262123,0.9999198913574219,0.0,8.0108642578125e-05,0.025335434128252766,0.0,0.025335434128252766,0.0,-34.15848159790039,18.39916229248047,-11.582043647766113,-50.400535583496094,9.617524147033691,-18.35491943359375
USA_605492,USA,train,262144,262125,0.9999275207519531,0.0,7.2479248046875e-05,0.011563185503099666,0.0009613733905579399,0.010742966142107773,0.07093368525239195,-47.28136444091797,9.085756301879883,-11.305963516235352,-47.29391860961914,-2.3526549339294434,-17.628381729125977
USA_638521,USA,train,262144,262141,0.9999885559082031,0.0,1.1444091796875e-05,0.019699322120538185,0.0,0.019699322120538185,0.0,-38.78211212158203,3.123027801513672,-11.61931324005127,-49.982425689697266,-1.0468804836273193,-17.561996459960938
USA_646878,USA,train,262144,252297,0.9624366760253906,0.030914306640625,0.03498077392578125,0.00960772422977681,0.0,0.00960772422977681,0.0,-27.31187629699707,11.414167404174805,-10.143048286437988,-47.1319580078125,2.8425962924957275,-16.967435836791992
USA_652955,USA,train,262144,262141,0.9999885559082031,0.0,1.1444091796875e-05,0.03252829584078797,0.00010299800489049786,0.032425297835897475,0.0031664125718306557,-35.996517181396484,9.388431549072266,-10.504711151123047,-47.06172561645508,1.2769638299942017,-17.547117233276367
USA_655230,USA,train,262144,262129,0.9999427795410156,0.0,5.7220458984375e-05,0.004368078312586551,0.0002403396800811814,0.00412773863250537,0.05502183406113537,-31.793437957763672,6.54788064956665,-10.7061767578125,-47.245635986328125,3.000253438949585,-16.601394653320312
USA_66026,USA,train,262144,262141,0.9999885559082031,0.0,1.1444091796875e-05,0.0037651492898859774,0.0004119920195619914,0.0033874899386208187,0.10030395136778116,-27.414226531982422,6.770513534545898,-10.585819244384766,-44.6594123840332,-5.055872440338135,-17.116291046142578
USA_664261,USA,train,262144,262087,0.9997825622558594,0.000186920166015625,0.000110626220703125,0.018371762048480084,0.002438121692415114,0.015941271409875345,0.13229491173416408,-47.320777893066406,5.486131191253662,-11.518655776977539,-47.430233001708984,-4.891757488250732,-18.194080352783203
USA_66511,USA,train,262144,262136,0.999969482421875,0.0,3.0517578125e-05,0.010402996917630542,0.00010299996948149052,0.010303811761833552,0.009534286762009535,-24.944461822509766,8.539327621459961,-9.921688079833984,-42.97040939331055,3.465052366256714,-16.81156349182129
USA_670826,USA,train,262144,262132,0.9999542236328125,0.0,4.57763671875e-05,0.011482764408771154,0.00020600308241649245,0.011292020813941067,0.016611295681063124,-26.85092544555664,7.2056884765625,-10.148934364318848,-39.36382293701172,-5.565240383148193,-16.667831420898438
USA_67102,USA,train,262144,262091,0.9997978210449219,0.0,0.000202178955078125,0.03621261317633952,0.027963569905109294,0.009122785597368854,0.7480771256980298,-46.0614013671875,8.124828338623047,-10.930156707763672,-54.18590545654297,-2.213469982147217,-17.331022262573242
USA_693819,USA,train,262144,262104,0.999847412109375,0.0,0.000152587890625,0.009362695723834814,0.00048072520831425695,0.008916308030400147,0.04767726161369193,-30.820316314697266,8.805354118347168,-11.173101425170898,-51.38384246826172,-4.704962253570557,-16.764360427856445
USA_741073,USA,train,262144,262115,0.9998893737792969,0.0,0.000110626220703125,0.012876027697766248,0.0026438776872746697,0.010377124544570132,0.19407407407407407,-30.46135711669922,6.070502281188965,-12.201704025268555,-47.21601486206055,-2.146878957748413,-17.88209342956543
USA_741178,USA,train,262144,262117,0.9998970031738281,0.0,0.000102996826171875,0.005516620440490315,0.0006752709667820095,0.004845164563916114,0.12171507607192254,-29.73633575439453,19.073152542114258,-10.823391914367676,-46.99677276611328,10.480340003967285,-17.16680908203125
USA_758178,USA,train,262144,262133,0.9999580383300781,0.0,4.1961669921875e-05,0.006168624324293393,0.0005493394574509886,0.005687952299023778,0.07792207792207792,-32.322017669677734,10.6558198928833,-11.088046073913574,-47.57260513305664,-2.2448461055755615,-17.227474212646484
USA_761032,USA,train,262144,262125,0.9999275207519531,0.0,7.2479248046875e-05,0.04622603719599428,0.0,0.04622603719599428,0.0,-41.767845153808594,4.60135555267334,-10.807979583740234,-49.7788200378418,-5.953062534332275,-16.83161735534668
USA_770353,USA,train,262144,262141,0.9999885559082031,0.0,1.1444091796875e-05,0.1313300857172285,0.043327827390602765,0.08810907107243812,0.3291021581897929,-33.74466323852539,18.61863136291504,-11.489969253540039,-47.11022186279297,4.861273288726807,-18.398956298828125
USA_778194,USA,train,262144,262070,0.9997177124023438,0.0,0.00028228759765625,0.014644942191017666,0.004945243637196169,0.009802724462929752,0.3306409588327254,-31.500244140625,8.937461853027344,-12.093994140625,-47.0411262512207,1.1146717071533203,-18.186555862426758
USA_788696,USA,train,262144,262126,0.9999313354492188,0.0,6.866455078125e-05,0.42516957493724394,0.3769866400128183,0.04985388706194731,0.8827435216423803,-35.80317306518555,12.768694877624512,-14.669291496276855,-54.65358352661133,-0.7619383335113525,-22.407878875732422
USA_806273,USA,train,262144,262131,0.9999504089355469,0.0,4.9591064453125e-05,0.022076747885599185,0.0019913707268503153,0.020119711136798012,0.08864696734059098,-36.358707427978516,11.318750381469727,-10.796849250793457,-47.029666900634766,-1.2018102407455444,-16.628929138183594
USA_826217,USA,train,262144,262126,0.9999313354492188,0.0,6.866455078125e-05,0.01715968656295064,0.0008927004570321144,0.01633184041262599,0.04824366385060027,-32.358829498291016,5.29976224899292,-11.277390480041504,-47.193321228027344,1.246941328048706,-17.04728126525879
USA_831672,USA,train,262144,262116,0.9998931884765625,0.0,0.0001068115234375,0.07995315051351311,3.4335942864991075e-05,0.07991881457064812,0.0004294507801689173,-32.0041389465332,6.841395854949951,-11.400497436523438,-47.27750778198242,-0.7163950204849243,-17.357398986816406
USA_84195,USA,train,262144,262137,0.9999732971191406,0.0,2.6702880859375e-05,0.014538199491105797,0.004051316677920324,0.010597511988006271,0.2710574652322225,-35.37210464477539,9.654884338378906,-11.787057876586914,-49.3656005859375,-4.7006144523620605,-17.805313110351562
USA_86502,USA,train,262144,262132,0.9999542236328125,0.0,4.57763671875e-05,0.2531625288022828,0.03133535775868646,0.22198739566325362,0.12314276242427895,-27.10141372680664,14.97262954711914,-11.854424476623535,-47.06084442138672,0.2226490080356598,-20.62895965576172
USA_905409,USA,train,262144,262099,0.9998283386230469,0.0,0.000171661376953125,0.16965726691059485,0.15111083979717588,0.01882113247284423,0.8890638001214384,-31.781105041503906,13.142108917236328,-12.81258487701416,-47.90217590332031,-1.29961097240448,-19.137954711914062
USA_908474,USA,train,262144,262071,0.9997215270996094,0.0,0.000278472900390625,0.007043892685569941,0.0007898622892269652,0.0063608716721804395,0.09696641386782232,-26.631832122802734,18.22730827331543,-11.97653579711914,-47.096954345703125,5.964843273162842,-18.82691764831543
USA_933610,USA,train,262144,262027,0.9995536804199219,0.0,0.000446319580078125,0.01459009949356364,0.005736050101707076,0.009048685822453412,0.37980643473711745,-29.0617618560791,10.092225074768066,-11.590996742248535,-47.225433349609375,0.9080577492713928,-17.266155242919922
USA_955053,USA,train,262144,262140,0.9999847412109375,0.0,1.52587890625e-05,0.13671320668345158,0.0009269855802243076,0.1358281834134432,0.006473575534349015,-47.36436080932617,14.273825645446777,-12.747989654541016,-56.32072448730469,-6.4423909187316895,-19.798582077026367
USA_986268,USA,train,262144,262123,0.9999198913574219,0.0,8.0108642578125e-05,0.03468600618793467,1.1445008640981524e-05,0.03467456117929369,0.0003299604047514298,-32.77843475341797,8.159928321838379,-10.303499221801758,-47.338321685791016,-5.2220869064331055,-15.959036827087402
USA_994009,USA,train,262144,262018,0.9995193481445312,0.0,0.00048065185546875,0.007239960613392973,0.0013396026227205763,0.006133166423680816,0.1528729573010016,-32.6587028503418,23.054107666015625,-11.457301139831543,-47.11249542236328,-0.726010799407959,-17.100528717041016
